user_id,group,day,clicked,dwell_time_sec,bounced,click_position
1,control,8,0,0.0,1,
1,control,6,0,0.0,1,
1,control,5,1,130.3,0,1.0
2,treatment,21,1,201.6,0,1.0
2,treatment,17,1,220.9,0,4.0
2,treatment,3,1,210.1,0,2.0
3,control,12,0,0.0,0,
3,control,10,1,128.0,0,2.0
4,control,13,1,107.7,1,4.0
4,control,18,1,154.6,0,1.0
5,control,11,1,157.4,0,2.0
5,control,8,0,0.0,0,
5,control,4,0,0.0,1,
6,treatment,10,1,134.4,0,2.0
7,control,7,1,265.9,0,1.0
7,control,6,1,125.3,1,1.0
8,control,17,1,198.7,0,1.0
8,control,8,0,0.0,0,
9,control,7,0,0.0,0,
10,treatment,20,0,0.0,0,
11,control,10,0,0.0,1,
11,control,10,1,220.7,0,2.0
11,control,2,1,137.2,1,1.0
12,control,14,0,0.0,0,
12,control,12,0,0.0,0,
13,control,11,1,192.4,0,2.0
14,control,19,1,314.9,0,1.0
14,control,16,0,0.0,1,
15,treatment,8,1,105.8,0,1.0
16,control,8,1,160.5,0,1.0
16,control,11,1,217.9,1,1.0
16,control,7,1,156.2,0,1.0
17,treatment,9,1,199.7,1,2.0
17,treatment,21,1,230.4,1,1.0
18,treatment,8,1,234.6,0,1.0
18,treatment,4,1,92.1,0,1.0
18,treatment,21,1,156.7,0,3.0
19,treatment,21,1,161.7,0,1.0
19,treatment,16,1,26.6,0,2.0
19,treatment,3,1,188.5,1,3.0
20,control,13,1,183.5,0,1.0
20,control,9,1,139.6,1,1.0
21,treatment,15,0,0.0,0,
22,control,19,0,0.0,1,
22,control,18,0,0.0,0,
22,control,12,0,0.0,0,
23,treatment,21,1,248.8,0,2.0
24,treatment,18,0,0.0,0,
25,treatment,2,1,133.4,0,1.0
26,treatment,3,0,0.0,0,
26,treatment,17,1,218.2,0,4.0
26,treatment,8,0,0.0,0,
27,treatment,15,0,0.0,0,
27,treatment,2,0,0.0,0,
27,treatment,16,1,82.6,0,1.0
28,treatment,12,1,227.7,1,5.0
28,treatment,17,1,244.8,0,2.0
29,treatment,21,1,147.3,0,1.0
29,treatment,5,0,0.0,0,
29,treatment,18,1,235.9,0,2.0
30,treatment,13,1,248.5,0,1.0
30,treatment,9,1,153.5,1,1.0
30,treatment,6,1,191.8,0,5.0
31,control,21,1,262.2,0,1.0
31,control,20,1,125.0,1,1.0
32,control,1,1,146.2,1,5.0
32,control,12,0,0.0,1,
33,treatment,7,1,220.6,1,1.0
34,treatment,5,1,191.0,0,1.0
34,treatment,19,1,132.4,0,1.0
35,treatment,13,1,189.0,0,1.0
35,treatment,21,1,133.6,0,1.0
36,control,17,1,242.3,1,3.0
37,treatment,10,0,0.0,0,
37,treatment,17,1,295.7,0,1.0
38,control,21,1,171.0,0,4.0
38,control,8,0,0.0,1,
39,control,12,1,145.4,0,1.0
40,control,19,1,141.1,0,3.0
40,control,3,0,0.0,1,
41,control,15,0,0.0,0,
42,control,19,0,0.0,1,
42,control,21,0,0.0,0,
42,control,15,0,0.0,0,
43,treatment,18,0,0.0,0,
43,treatment,18,0,0.0,1,
43,treatment,18,0,0.0,0,
44,treatment,2,1,174.5,0,3.0
44,treatment,14,1,126.7,0,2.0
45,treatment,4,0,0.0,0,
45,treatment,12,1,147.4,0,1.0
46,treatment,4,0,0.0,0,
46,treatment,7,1,134.3,0,1.0
46,treatment,18,1,185.1,1,1.0
47,treatment,17,1,275.7,0,2.0
47,treatment,7,0,0.0,0,
48,control,13,1,180.5,0,4.0
48,control,18,0,0.0,1,
49,treatment,10,1,154.2,0,1.0
49,treatment,17,0,0.0,0,
50,treatment,7,0,0.0,0,
50,treatment,19,1,121.6,0,1.0
51,control,3,1,192.2,0,1.0
51,control,3,0,0.0,0,
51,control,8,0,0.0,1,
52,treatment,6,0,0.0,0,
53,control,17,1,148.8,0,3.0
53,control,15,0,0.0,1,
53,control,12,1,143.6,1,5.0
54,treatment,21,0,0.0,0,
55,control,1,0,0.0,0,
55,control,13,0,0.0,0,
56,treatment,11,0,0.0,0,
56,treatment,10,0,0.0,0,
57,treatment,11,1,204.3,0,2.0
57,treatment,2,1,168.5,0,1.0
57,treatment,17,1,149.8,0,1.0
58,control,20,0,0.0,0,
58,control,8,1,98.1,0,2.0
59,control,5,0,0.0,0,
59,control,21,1,36.2,0,2.0
59,control,12,1,149.5,0,1.0
60,control,2,1,7.7,0,2.0
60,control,21,0,0.0,1,
60,control,13,0,0.0,0,
61,control,15,0,0.0,0,
61,control,2,1,272.5,0,2.0
62,control,9,1,136.6,0,2.0
62,control,20,1,164.5,1,1.0
62,control,1,1,229.8,0,3.0
63,control,1,1,229.3,0,1.0
63,control,19,0,0.0,0,
63,control,10,0,0.0,0,
64,control,10,0,0.0,0,
64,control,21,0,0.0,1,
65,control,3,0,0.0,0,
66,treatment,21,0,0.0,0,
67,treatment,8,1,137.4,0,1.0
67,treatment,15,0,0.0,0,
68,control,11,0,0.0,1,
68,control,6,0,0.0,0,
68,control,6,1,167.9,1,1.0
69,treatment,7,1,213.1,0,3.0
70,treatment,18,1,220.8,0,1.0
70,treatment,10,0,0.0,0,
70,treatment,20,1,214.5,0,1.0
71,treatment,16,0,0.0,1,
71,treatment,1,1,172.4,0,5.0
72,treatment,19,1,210.2,0,4.0
73,control,4,0,0.0,1,
73,control,2,1,197.5,1,5.0
74,treatment,10,1,292.0,1,2.0
74,treatment,2,1,254.6,0,3.0
75,control,1,0,0.0,1,
76,treatment,9,1,129.3,0,1.0
77,treatment,13,1,213.2,0,3.0
77,treatment,4,0,0.0,0,
78,treatment,19,1,208.3,0,3.0
79,control,4,0,0.0,0,
79,control,10,0,0.0,1,
79,control,9,0,0.0,0,
80,treatment,7,0,0.0,0,
80,treatment,1,1,127.0,0,4.0
80,treatment,7,1,294.7,0,1.0
81,control,16,1,178.5,0,2.0
81,control,16,0,0.0,1,
81,control,19,0,0.0,0,
82,treatment,21,1,170.8,0,1.0
83,control,2,1,135.5,1,2.0
83,control,7,0,0.0,0,
84,treatment,16,1,166.3,0,1.0
85,control,14,1,84.7,1,3.0
85,control,15,1,95.8,1,4.0
86,control,7,0,0.0,0,
87,treatment,17,1,135.9,0,4.0
88,control,13,0,0.0,0,
89,treatment,9,1,99.9,1,2.0
89,treatment,4,0,0.0,0,
90,treatment,16,0,0.0,1,
90,treatment,18,0,0.0,0,
90,treatment,13,0,0.0,1,
91,treatment,16,0,0.0,0,
91,treatment,4,1,114.6,0,1.0
92,treatment,12,0,0.0,1,
92,treatment,13,0,0.0,0,
93,treatment,3,1,228.5,0,1.0
93,treatment,2,0,0.0,0,
94,treatment,19,1,144.9,1,3.0
95,treatment,2,1,223.5,0,3.0
96,treatment,10,0,0.0,0,
96,treatment,11,1,188.2,1,1.0
97,treatment,6,0,0.0,0,
97,treatment,3,1,163.3,1,2.0
97,treatment,10,0,0.0,0,
98,treatment,7,0,0.0,0,
98,treatment,4,1,257.5,0,4.0
98,treatment,18,1,205.1,1,5.0
99,treatment,20,0,0.0,0,
99,treatment,11,0,0.0,0,
99,treatment,8,0,0.0,0,
100,control,18,0,0.0,0,
100,control,9,0,0.0,1,
100,control,1,0,0.0,1,
101,control,12,0,0.0,0,
101,control,21,1,82.6,0,1.0
102,treatment,1,1,186.9,0,4.0
103,treatment,7,1,164.6,0,1.0
104,treatment,17,0,0.0,1,
104,treatment,10,0,0.0,0,
105,treatment,17,1,196.9,0,5.0
105,treatment,7,0,0.0,0,
106,treatment,16,1,169.6,0,2.0
106,treatment,9,1,165.0,0,3.0
106,treatment,2,0,0.0,0,
107,treatment,3,1,173.4,1,2.0
107,treatment,16,0,0.0,0,
108,treatment,7,1,169.3,1,1.0
108,treatment,18,1,69.2,0,1.0
109,treatment,4,0,0.0,1,
109,treatment,3,0,0.0,0,
109,treatment,10,0,0.0,0,
110,control,19,0,0.0,0,
111,treatment,19,1,198.7,1,2.0
111,treatment,21,0,0.0,0,
112,control,6,1,96.9,0,1.0
112,control,17,1,179.4,0,4.0
113,treatment,5,1,212.9,1,1.0
113,treatment,17,1,193.8,0,1.0
114,treatment,2,0,0.0,0,
115,control,7,1,147.1,0,5.0
115,control,21,0,0.0,0,
116,treatment,20,0,0.0,0,
116,treatment,6,1,189.1,1,1.0
117,control,19,1,229.3,1,2.0
118,treatment,13,1,197.4,1,1.0
118,treatment,8,0,0.0,0,
118,treatment,18,0,0.0,1,
119,treatment,13,1,125.9,1,4.0
120,control,16,1,173.5,0,2.0
120,control,18,1,110.3,0,1.0
121,treatment,10,0,0.0,0,
122,control,4,1,138.0,0,3.0
122,control,21,0,0.0,0,
122,control,21,1,88.2,0,5.0
123,treatment,20,0,0.0,1,
123,treatment,13,0,0.0,0,
124,control,7,1,190.8,1,4.0
125,control,3,1,158.3,0,2.0
125,control,10,0,0.0,1,
126,treatment,16,1,66.5,0,1.0
126,treatment,16,0,0.0,0,
126,treatment,17,0,0.0,0,
127,treatment,9,1,156.9,0,2.0
128,control,21,0,0.0,0,
129,treatment,7,1,96.7,0,1.0
129,treatment,14,0,0.0,0,
130,treatment,10,1,198.0,0,1.0
130,treatment,16,1,274.4,0,1.0
130,treatment,14,1,213.5,0,2.0
131,treatment,10,1,166.9,0,3.0
131,treatment,17,0,0.0,0,
132,control,19,0,0.0,0,
132,control,5,0,0.0,1,
132,control,11,0,0.0,0,
133,control,20,0,0.0,1,
133,control,19,0,0.0,0,
133,control,8,1,140.0,1,1.0
134,control,14,0,0.0,0,
134,control,3,0,0.0,1,
135,control,21,1,271.2,0,3.0
135,control,15,0,0.0,1,
135,control,20,0,0.0,0,
136,control,5,0,0.0,0,
137,control,19,1,153.6,0,1.0
138,control,17,0,0.0,1,
138,control,2,1,39.3,1,2.0
138,control,7,0,0.0,0,
139,control,17,0,0.0,0,
139,control,6,0,0.0,0,
140,control,2,1,197.1,0,2.0
140,control,1,1,153.2,0,3.0
141,treatment,18,1,238.3,1,2.0
141,treatment,13,0,0.0,0,
142,control,1,1,126.5,0,1.0
143,treatment,7,0,0.0,0,
143,treatment,7,1,118.9,0,1.0
144,treatment,18,1,5.0,0,1.0
144,treatment,15,1,285.3,1,2.0
145,treatment,8,0,0.0,1,
145,treatment,7,1,279.8,1,2.0
145,treatment,16,1,198.3,0,1.0
146,control,19,1,91.4,0,1.0
147,control,21,1,77.6,1,4.0
147,control,19,1,150.2,1,1.0
147,control,8,1,223.8,1,3.0
148,control,2,0,0.0,1,
148,control,12,1,105.6,1,1.0
148,control,8,1,69.9,0,1.0
149,control,8,0,0.0,0,
150,treatment,10,1,160.9,1,1.0
151,control,3,0,0.0,0,
151,control,2,0,0.0,1,
152,control,11,1,88.2,0,2.0
152,control,5,0,0.0,0,
152,control,15,1,173.4,1,1.0
153,control,1,1,16.8,1,2.0
154,control,5,0,0.0,0,
155,control,13,1,109.9,0,5.0
156,treatment,11,1,166.5,0,1.0
156,treatment,11,1,147.7,0,1.0
156,treatment,1,1,84.1,0,1.0
157,control,13,1,219.6,1,4.0
157,control,11,1,180.8,0,5.0
157,control,7,0,0.0,0,
158,treatment,7,0,0.0,1,
158,treatment,8,0,0.0,1,
158,treatment,13,0,0.0,0,
159,control,2,0,0.0,0,
160,treatment,15,1,257.3,0,1.0
160,treatment,8,0,0.0,0,
160,treatment,13,0,0.0,0,
161,control,16,0,0.0,0,
162,control,11,0,0.0,0,
163,treatment,7,0,0.0,0,
163,treatment,13,1,180.9,1,1.0
163,treatment,8,1,229.7,1,1.0
164,treatment,16,1,244.3,1,1.0
164,treatment,18,0,0.0,0,
165,treatment,8,1,222.6,0,1.0
165,treatment,12,1,181.2,0,1.0
165,treatment,16,1,188.6,0,5.0
166,control,20,0,0.0,0,
166,control,5,1,163.6,1,1.0
166,control,20,1,242.6,0,2.0
167,treatment,16,0,0.0,0,
168,control,20,0,0.0,0,
168,control,18,1,155.1,0,2.0
168,control,12,1,187.6,0,2.0
169,control,6,1,133.4,1,3.0
169,control,17,1,263.8,1,1.0
169,control,17,1,142.6,1,4.0
170,treatment,6,0,0.0,0,
170,treatment,2,0,0.0,0,
171,treatment,12,1,151.2,0,1.0
171,treatment,6,1,332.4,0,1.0
172,control,7,0,0.0,0,
172,control,13,0,0.0,0,
172,control,1,0,0.0,0,
173,control,7,0,0.0,1,
173,control,7,0,0.0,0,
173,control,11,0,0.0,1,
174,treatment,13,0,0.0,0,
175,treatment,16,0,0.0,0,
175,treatment,11,1,215.0,0,5.0
175,treatment,11,0,0.0,0,
176,treatment,2,0,0.0,0,
177,control,17,1,123.0,1,1.0
178,control,5,1,197.9,1,2.0
179,control,4,0,0.0,1,
179,control,5,0,0.0,0,
179,control,9,0,0.0,0,
180,control,6,0,0.0,0,
180,control,1,0,0.0,0,
180,control,1,0,0.0,1,
181,control,17,0,0.0,1,
181,control,5,1,79.4,0,2.0
182,control,5,0,0.0,1,
182,control,21,1,71.9,0,1.0
183,treatment,4,0,0.0,1,
183,treatment,14,0,0.0,0,
184,control,19,1,38.8,1,1.0
184,control,18,0,0.0,0,
184,control,13,0,0.0,0,
185,control,14,0,0.0,0,
185,control,17,1,114.8,0,5.0
185,control,17,0,0.0,0,
186,control,20,0,0.0,0,
186,control,2,0,0.0,0,
186,control,6,1,129.1,1,1.0
187,treatment,13,1,201.3,0,2.0
187,treatment,15,1,300.9,0,1.0
187,treatment,6,1,259.2,0,3.0
188,control,12,1,160.2,1,2.0
188,control,20,1,145.4,0,1.0
188,control,10,0,0.0,1,
189,control,11,0,0.0,1,
189,control,11,0,0.0,1,
189,control,10,0,0.0,1,
190,treatment,7,1,134.7,0,1.0
190,treatment,2,1,88.4,0,1.0
191,control,1,1,119.8,0,1.0
191,control,20,1,122.5,1,1.0
191,control,1,0,0.0,0,
192,control,4,0,0.0,0,
192,control,13,1,137.5,0,4.0
193,control,16,0,0.0,1,
193,control,11,1,216.8,0,1.0
194,control,11,0,0.0,1,
195,control,14,0,0.0,0,
195,control,10,1,84.4,1,1.0
196,treatment,10,1,274.4,0,1.0
196,treatment,2,0,0.0,1,
197,treatment,19,0,0.0,1,
198,treatment,9,1,207.4,0,1.0
199,control,9,0,0.0,1,
199,control,15,0,0.0,0,
199,control,1,1,168.5,0,2.0
200,control,8,0,0.0,1,
200,control,15,0,0.0,0,
201,control,10,0,0.0,0,
202,treatment,13,1,209.3,0,4.0
203,control,19,1,208.5,1,4.0
204,control,15,1,173.1,0,1.0
205,treatment,9,0,0.0,0,
205,treatment,12,1,195.4,1,1.0
206,control,1,0,0.0,0,
207,treatment,2,0,0.0,1,
207,treatment,14,1,251.6,0,1.0
207,treatment,4,1,200.2,0,1.0
208,treatment,10,1,234.9,0,2.0
208,treatment,7,1,217.2,0,2.0
209,treatment,9,0,0.0,1,
209,treatment,1,0,0.0,1,
210,control,20,0,0.0,0,
210,control,16,0,0.0,0,
211,control,16,0,0.0,0,
211,control,2,0,0.0,0,
211,control,10,0,0.0,0,
212,control,17,1,5.0,0,1.0
212,control,18,1,143.3,0,1.0
212,control,3,1,236.5,0,2.0
213,control,10,1,186.5,0,1.0
213,control,12,1,116.6,0,4.0
213,control,15,0,0.0,1,
214,control,5,0,0.0,0,
214,control,11,0,0.0,1,
215,control,18,0,0.0,0,
216,control,9,0,0.0,1,
216,control,4,0,0.0,0,
217,treatment,15,0,0.0,1,
217,treatment,19,1,245.5,0,4.0
218,control,19,1,61.4,0,1.0
218,control,15,0,0.0,0,
218,control,16,0,0.0,0,
219,treatment,13,0,0.0,0,
220,control,8,0,0.0,0,
220,control,6,0,0.0,1,
221,control,9,0,0.0,0,
222,control,10,0,0.0,1,
222,control,12,0,0.0,0,
222,control,2,1,5.0,1,3.0
223,treatment,8,1,267.5,0,1.0
224,treatment,19,0,0.0,0,
224,treatment,3,1,205.1,0,1.0
224,treatment,5,1,201.6,1,2.0
225,treatment,11,0,0.0,0,
225,treatment,12,0,0.0,0,
226,treatment,21,0,0.0,1,
226,treatment,11,1,282.3,0,2.0
226,treatment,6,0,0.0,0,
227,control,19,0,0.0,0,
227,control,13,0,0.0,1,
228,treatment,13,0,0.0,1,
228,treatment,16,1,113.5,0,3.0
229,control,13,1,169.1,0,2.0
229,control,20,0,0.0,0,
230,control,17,1,137.9,1,2.0
231,treatment,12,0,0.0,0,
232,treatment,14,0,0.0,1,
232,treatment,15,1,205.9,0,1.0
233,treatment,12,1,103.5,0,3.0
233,treatment,19,1,224.1,1,3.0
234,treatment,5,1,183.7,0,1.0
234,treatment,16,0,0.0,1,
234,treatment,1,1,288.0,1,1.0
235,treatment,1,1,231.5,0,3.0
235,treatment,7,0,0.0,0,
235,treatment,15,1,139.9,1,1.0
236,treatment,21,1,133.1,1,1.0
236,treatment,20,1,127.8,1,2.0
237,treatment,13,1,245.8,0,2.0
237,treatment,4,1,143.5,0,1.0
237,treatment,11,0,0.0,0,
238,treatment,20,1,226.8,0,1.0
239,control,18,1,237.1,0,1.0
240,treatment,8,0,0.0,0,
241,treatment,9,1,135.6,0,3.0
241,treatment,14,0,0.0,0,
241,treatment,16,1,149.9,0,1.0
242,control,19,0,0.0,0,
242,control,10,0,0.0,0,
242,control,4,1,47.2,0,4.0
243,treatment,1,0,0.0,0,
243,treatment,20,1,311.3,0,2.0
243,treatment,15,1,166.0,1,1.0
244,control,17,0,0.0,0,
245,control,18,1,141.2,1,2.0
246,treatment,7,0,0.0,0,
247,control,18,1,31.6,0,3.0
247,control,12,1,161.0,0,4.0
247,control,8,1,125.1,1,2.0
248,control,1,0,0.0,0,
248,control,18,1,130.8,1,1.0
249,control,10,1,43.2,0,5.0
249,control,9,0,0.0,1,
250,control,21,1,162.3,1,3.0
251,treatment,13,1,173.3,0,2.0
251,treatment,21,0,0.0,0,
252,control,19,0,0.0,0,
252,control,20,0,0.0,1,
253,treatment,18,0,0.0,0,
253,treatment,9,0,0.0,0,
254,control,6,1,179.2,1,1.0
254,control,21,1,133.9,0,2.0
254,control,14,1,150.4,0,2.0
255,control,4,0,0.0,1,
256,control,2,0,0.0,0,
256,control,8,1,61.3,0,2.0
256,control,16,1,84.9,1,5.0
257,control,19,0,0.0,0,
257,control,10,0,0.0,1,
258,treatment,5,1,187.4,0,1.0
258,treatment,7,1,147.9,0,1.0
258,treatment,4,1,134.6,0,1.0
259,treatment,15,0,0.0,0,
259,treatment,11,1,188.8,0,1.0
259,treatment,11,1,247.8,0,1.0
260,control,3,1,180.1,1,3.0
261,control,4,1,110.2,0,1.0
261,control,7,1,173.7,1,4.0
261,control,18,1,124.5,0,1.0
262,treatment,4,0,0.0,1,
263,control,13,1,209.8,0,1.0
264,control,5,0,0.0,0,
264,control,14,0,0.0,1,
264,control,4,0,0.0,0,
265,control,16,0,0.0,1,
265,control,21,0,0.0,1,
266,treatment,1,0,0.0,0,
266,treatment,1,1,147.1,1,3.0
266,treatment,16,1,157.0,0,1.0
267,treatment,10,0,0.0,0,
267,treatment,11,1,192.1,0,1.0
268,treatment,4,1,148.0,0,2.0
268,treatment,18,0,0.0,0,
269,control,10,1,162.7,0,1.0
269,control,6,1,154.7,0,1.0
270,control,12,1,170.7,0,3.0
271,treatment,19,1,221.9,0,2.0
271,treatment,9,1,129.8,0,1.0
272,treatment,10,0,0.0,1,
273,treatment,11,0,0.0,0,
273,treatment,17,1,160.2,0,2.0
273,treatment,19,0,0.0,0,
274,treatment,4,1,78.1,1,1.0
274,treatment,19,0,0.0,1,
274,treatment,1,0,0.0,0,
275,control,17,1,157.6,0,1.0
275,control,2,0,0.0,0,
276,treatment,10,1,172.6,0,1.0
276,treatment,20,1,248.8,0,3.0
277,control,2,1,218.6,0,1.0
278,treatment,1,1,155.9,0,2.0
278,treatment,14,1,192.7,0,1.0
278,treatment,6,0,0.0,0,
279,control,12,1,46.9,0,3.0
280,treatment,17,1,107.8,0,1.0
280,treatment,1,0,0.0,0,
281,treatment,11,1,126.6,0,1.0
281,treatment,21,1,217.7,0,1.0
282,treatment,10,0,0.0,0,
282,treatment,18,1,163.3,1,3.0
282,treatment,3,1,102.7,0,1.0
283,treatment,4,1,214.4,1,1.0
284,control,11,0,0.0,1,
285,treatment,3,0,0.0,0,
285,treatment,15,1,207.3,1,5.0
286,control,19,1,170.8,0,4.0
286,control,1,0,0.0,1,
287,control,19,1,214.7,0,4.0
287,control,6,0,0.0,0,
287,control,16,0,0.0,0,
288,control,10,1,151.6,0,3.0
288,control,13,1,146.8,0,5.0
289,control,7,0,0.0,0,
289,control,18,0,0.0,0,
289,control,1,1,188.8,0,4.0
290,treatment,5,0,0.0,0,
291,control,4,0,0.0,1,
292,control,1,0,0.0,0,
293,control,18,1,84.1,0,1.0
294,treatment,9,1,186.2,0,2.0
294,treatment,14,0,0.0,0,
295,treatment,9,0,0.0,0,
295,treatment,21,1,41.2,0,1.0
296,treatment,7,1,203.0,0,4.0
297,treatment,14,1,202.7,0,5.0
297,treatment,17,0,0.0,0,
297,treatment,20,0,0.0,1,
298,control,4,1,49.9,1,2.0
298,control,4,1,162.6,1,3.0
299,control,5,0,0.0,1,
299,control,12,0,0.0,1,
299,control,6,1,238.4,0,2.0
300,treatment,11,0,0.0,0,
300,treatment,16,1,232.3,0,2.0
300,treatment,17,1,101.4,1,2.0
301,control,9,1,116.9,1,4.0
301,control,18,1,121.5,0,3.0
302,control,8,0,0.0,1,
302,control,1,1,220.4,1,4.0
302,control,16,1,175.3,0,4.0
303,control,16,0,0.0,0,
303,control,17,1,225.3,1,1.0
304,treatment,12,1,188.3,0,4.0
305,treatment,18,0,0.0,1,
306,control,17,1,267.4,1,4.0
307,treatment,7,1,146.8,0,1.0
307,treatment,16,1,189.2,0,1.0
307,treatment,17,1,143.0,0,1.0
308,treatment,11,0,0.0,1,
309,treatment,12,0,0.0,0,
310,treatment,9,0,0.0,0,
311,treatment,5,1,118.6,0,2.0
311,treatment,19,0,0.0,0,
311,treatment,16,1,141.0,0,5.0
312,control,4,1,181.7,1,5.0
312,control,13,0,0.0,1,
313,treatment,7,0,0.0,0,
313,treatment,3,1,225.7,0,1.0
313,treatment,1,0,0.0,0,
314,control,19,1,199.6,0,1.0
314,control,11,0,0.0,1,
314,control,4,0,0.0,1,
315,control,5,0,0.0,0,
316,treatment,20,1,179.4,0,1.0
316,treatment,13,1,166.7,0,1.0
316,treatment,16,1,206.4,0,2.0
317,control,18,0,0.0,0,
317,control,16,1,101.9,0,1.0
317,control,11,1,232.7,0,5.0
318,control,2,0,0.0,0,
319,control,19,1,139.9,0,2.0
320,treatment,19,1,109.6,0,1.0
321,treatment,4,1,201.3,0,1.0
322,control,1,1,164.7,0,2.0
322,control,16,1,155.4,0,1.0
323,treatment,7,0,0.0,0,
324,treatment,19,1,181.9,0,1.0
324,treatment,16,0,0.0,0,
324,treatment,10,1,289.0,1,4.0
325,treatment,10,1,51.7,1,1.0
326,treatment,19,1,171.2,1,2.0
327,control,20,0,0.0,0,
327,control,6,0,0.0,0,
327,control,1,0,0.0,0,
328,control,10,0,0.0,0,
329,treatment,18,1,91.1,0,1.0
330,treatment,7,0,0.0,0,
331,control,17,1,127.4,1,2.0
331,control,3,1,140.3,0,1.0
332,control,4,0,0.0,0,
332,control,15,0,0.0,0,
333,treatment,17,1,206.3,0,1.0
333,treatment,13,1,258.9,0,3.0
334,control,7,1,141.3,0,2.0
334,control,7,1,147.6,0,2.0
335,treatment,8,1,66.5,0,1.0
336,treatment,12,1,110.9,0,5.0
336,treatment,9,1,152.7,1,1.0
337,control,8,1,287.5,1,1.0
338,control,20,0,0.0,1,
339,treatment,17,1,292.0,0,1.0
339,treatment,3,1,83.7,0,1.0
340,treatment,3,1,124.4,0,3.0
341,control,6,0,0.0,0,
342,treatment,10,1,222.0,0,1.0
342,treatment,16,0,0.0,0,
342,treatment,15,0,0.0,0,
343,control,3,0,0.0,1,
343,control,17,0,0.0,1,
343,control,13,0,0.0,0,
344,treatment,7,0,0.0,0,
345,control,19,0,0.0,0,
345,control,18,1,195.7,1,1.0
345,control,14,1,146.2,0,1.0
346,control,6,1,118.3,0,2.0
347,control,9,0,0.0,0,
347,control,12,1,76.4,0,1.0
348,treatment,6,0,0.0,0,
348,treatment,2,0,0.0,1,
348,treatment,11,1,258.0,1,1.0
349,treatment,4,0,0.0,0,
349,treatment,19,0,0.0,1,
349,treatment,19,1,165.6,0,1.0
350,control,15,1,190.2,0,3.0
351,treatment,8,1,58.5,1,1.0
351,treatment,8,0,0.0,0,
351,treatment,21,1,168.2,0,1.0
352,control,3,0,0.0,0,
352,control,18,0,0.0,1,
353,control,11,0,0.0,1,
353,control,20,1,201.7,0,4.0
354,treatment,13,1,115.2,0,1.0
355,treatment,6,0,0.0,0,
355,treatment,21,1,132.9,0,1.0
356,control,14,0,0.0,0,
356,control,8,1,77.9,0,2.0
356,control,19,0,0.0,0,
357,treatment,21,1,221.5,0,5.0
357,treatment,17,1,153.3,1,4.0
357,treatment,19,1,198.0,0,4.0
358,treatment,19,1,145.4,1,2.0
358,treatment,13,0,0.0,0,
358,treatment,8,1,346.8,0,1.0
359,control,15,0,0.0,1,
359,control,9,0,0.0,0,
360,control,20,1,87.7,0,2.0
361,treatment,2,0,0.0,1,
361,treatment,2,0,0.0,0,
362,control,17,1,179.7,0,2.0
362,control,6,0,0.0,1,
363,control,13,0,0.0,0,
363,control,6,0,0.0,0,
364,treatment,20,1,198.0,0,1.0
364,treatment,20,0,0.0,1,
364,treatment,14,1,175.2,0,2.0
365,control,14,0,0.0,1,
365,control,10,1,180.5,0,1.0
366,control,9,0,0.0,0,
366,control,16,0,0.0,0,
366,control,11,1,147.7,0,1.0
367,treatment,4,1,173.2,1,2.0
368,treatment,5,0,0.0,0,
369,control,4,1,100.4,1,2.0
369,control,19,0,0.0,0,
369,control,5,0,0.0,0,
370,control,15,0,0.0,0,
370,control,4,0,0.0,1,
370,control,19,0,0.0,1,
371,treatment,11,0,0.0,0,
371,treatment,19,1,278.9,0,1.0
372,treatment,7,1,172.6,1,2.0
372,treatment,18,1,185.7,0,2.0
372,treatment,6,0,0.0,0,
373,treatment,21,1,155.9,0,1.0
373,treatment,10,1,223.3,0,1.0
373,treatment,10,1,204.6,0,1.0
374,treatment,16,0,0.0,0,
374,treatment,16,1,134.0,0,1.0
375,control,5,0,0.0,1,
375,control,14,0,0.0,1,
376,treatment,2,0,0.0,1,
377,treatment,16,1,55.7,0,2.0
377,treatment,15,1,239.6,0,4.0
377,treatment,2,1,162.9,0,1.0
378,control,15,1,195.2,0,1.0
378,control,21,1,106.5,0,1.0
378,control,5,0,0.0,0,
379,treatment,17,1,160.3,0,2.0
379,treatment,15,0,0.0,0,
379,treatment,5,1,257.5,1,2.0
380,control,20,0,0.0,1,
380,control,16,0,0.0,1,
381,treatment,8,0,0.0,0,
382,treatment,12,1,150.9,1,1.0
382,treatment,7,0,0.0,0,
382,treatment,9,0,0.0,0,
383,treatment,11,1,215.4,0,1.0
383,treatment,17,1,332.4,0,1.0
384,control,7,1,203.7,1,2.0
385,control,10,0,0.0,0,
385,control,10,0,0.0,1,
386,treatment,5,0,0.0,1,
387,control,8,1,45.6,0,1.0
387,control,10,0,0.0,1,
387,control,15,0,0.0,0,
388,control,6,1,194.7,0,5.0
388,control,13,1,189.3,1,5.0
389,control,12,0,0.0,0,
389,control,8,1,94.1,1,3.0
389,control,21,1,190.9,0,3.0
390,control,5,1,235.1,0,5.0
390,control,11,0,0.0,0,
391,control,11,0,0.0,0,
391,control,16,0,0.0,1,
392,control,16,1,129.7,0,2.0
392,control,12,0,0.0,1,
392,control,20,1,67.1,0,1.0
393,treatment,6,1,193.3,1,3.0
394,treatment,5,1,161.5,1,2.0
394,treatment,19,1,272.7,0,1.0
395,control,18,1,81.5,0,2.0
395,control,8,0,0.0,0,
395,control,19,0,0.0,1,
396,treatment,12,0,0.0,0,
396,treatment,12,1,156.7,0,1.0
396,treatment,19,0,0.0,0,
397,treatment,4,0,0.0,0,
397,treatment,16,0,0.0,0,
397,treatment,10,0,0.0,1,
398,treatment,7,0,0.0,1,
398,treatment,5,1,37.3,0,5.0
399,treatment,3,1,191.6,0,1.0
399,treatment,8,0,0.0,1,
399,treatment,3,1,315.2,1,1.0
400,control,4,0,0.0,1,
400,control,13,0,0.0,0,
401,treatment,11,1,152.2,0,1.0
401,treatment,14,1,253.4,0,1.0
401,treatment,21,1,126.4,0,1.0
402,treatment,1,0,0.0,1,
402,treatment,14,1,212.5,0,2.0
403,control,9,1,131.9,1,1.0
404,control,16,0,0.0,1,
405,treatment,8,1,155.6,0,1.0
405,treatment,6,1,84.7,0,1.0
405,treatment,20,1,203.1,0,2.0
406,treatment,7,0,0.0,0,
407,treatment,9,1,222.2,0,1.0
408,treatment,7,0,0.0,0,
409,treatment,12,1,185.4,1,3.0
409,treatment,1,0,0.0,1,
410,treatment,1,1,184.0,0,1.0
411,control,16,1,178.4,0,2.0
411,control,17,0,0.0,1,
411,control,7,1,107.8,0,1.0
412,treatment,21,0,0.0,0,
413,treatment,13,1,110.4,0,1.0
414,control,4,0,0.0,0,
415,control,7,0,0.0,0,
416,control,9,1,134.7,0,1.0
416,control,14,1,212.9,0,3.0
416,control,11,1,145.1,0,4.0
417,control,14,1,143.0,0,1.0
417,control,10,1,172.4,0,2.0
417,control,9,0,0.0,1,
418,treatment,20,1,229.5,1,1.0
419,treatment,16,1,185.0,0,1.0
420,treatment,3,0,0.0,0,
420,treatment,21,1,149.6,0,3.0
421,treatment,4,1,169.2,0,1.0
422,treatment,2,0,0.0,0,
422,treatment,15,1,206.5,0,2.0
422,treatment,13,1,140.3,0,1.0
423,treatment,1,0,0.0,0,
423,treatment,10,0,0.0,0,
424,control,15,0,0.0,0,
424,control,10,1,199.4,1,1.0
425,treatment,14,0,0.0,1,
425,treatment,15,0,0.0,0,
426,control,3,1,140.2,0,2.0
426,control,7,0,0.0,0,
426,control,10,0,0.0,0,
427,control,14,1,188.4,0,4.0
428,treatment,13,1,184.8,0,2.0
428,treatment,17,1,128.2,0,1.0
429,control,12,0,0.0,0,
429,control,14,0,0.0,0,
429,control,4,1,142.4,0,1.0
430,treatment,2,1,152.0,0,2.0
431,control,3,1,144.7,0,1.0
431,control,14,0,0.0,0,
432,treatment,4,1,335.2,0,1.0
432,treatment,20,0,0.0,1,
432,treatment,16,0,0.0,0,
433,control,4,1,149.5,0,2.0
433,control,1,0,0.0,1,
433,control,12,0,0.0,0,
434,treatment,17,1,112.7,0,2.0
434,treatment,6,1,40.0,0,1.0
435,treatment,15,0,0.0,0,
435,treatment,5,0,0.0,0,
435,treatment,16,1,296.0,1,1.0
436,treatment,21,0,0.0,0,
437,treatment,12,0,0.0,0,
437,treatment,17,1,195.4,0,1.0
438,treatment,8,0,0.0,0,
439,control,7,0,0.0,0,
440,control,8,0,0.0,0,
440,control,3,0,0.0,0,
440,control,2,1,155.3,1,2.0
441,control,15,1,128.8,1,1.0
442,treatment,14,0,0.0,0,
443,control,4,0,0.0,1,
443,control,16,1,158.9,0,1.0
443,control,11,1,138.8,1,1.0
444,treatment,9,1,128.4,0,1.0
444,treatment,6,1,126.6,1,1.0
445,treatment,12,1,145.6,0,1.0
445,treatment,15,1,239.4,0,2.0
446,control,3,1,175.9,0,2.0
447,control,20,0,0.0,0,
447,control,19,0,0.0,0,
448,treatment,18,0,0.0,1,
448,treatment,20,1,137.0,1,1.0
448,treatment,16,1,246.3,0,2.0
449,control,15,0,0.0,0,
450,treatment,7,1,161.2,1,1.0
450,treatment,8,0,0.0,0,
450,treatment,16,0,0.0,0,
451,treatment,1,0,0.0,0,
451,treatment,6,1,340.0,1,1.0
452,treatment,2,0,0.0,0,
453,treatment,4,0,0.0,1,
453,treatment,18,0,0.0,0,
454,treatment,5,1,185.8,0,1.0
454,treatment,12,1,128.3,0,1.0
455,control,8,1,164.1,1,3.0
455,control,21,0,0.0,0,
456,control,18,1,173.5,0,5.0
457,treatment,11,1,129.9,0,1.0
457,treatment,13,0,0.0,1,
457,treatment,1,0,0.0,0,
458,treatment,6,1,64.1,0,1.0
458,treatment,12,1,98.0,0,1.0
459,control,1,0,0.0,1,
459,control,2,1,192.4,0,2.0
460,control,8,0,0.0,0,
460,control,18,1,196.6,1,4.0
461,treatment,8,0,0.0,0,
461,treatment,12,1,238.8,0,2.0
462,control,6,1,303.9,0,2.0
463,treatment,11,1,143.3,0,2.0
464,control,20,0,0.0,1,
464,control,8,0,0.0,1,
465,treatment,3,1,149.6,1,1.0
466,control,5,1,177.6,0,4.0
466,control,2,1,58.7,0,1.0
466,control,10,1,112.0,1,1.0
467,treatment,9,0,0.0,1,
467,treatment,17,0,0.0,0,
467,treatment,6,1,111.7,0,2.0
468,control,1,0,0.0,0,
468,control,1,1,222.3,0,1.0
468,control,11,1,93.8,1,2.0
469,control,12,1,183.5,1,2.0
469,control,1,1,140.6,1,2.0
469,control,16,0,0.0,1,
470,treatment,17,1,144.4,0,1.0
471,control,15,1,154.9,0,1.0
472,treatment,5,0,0.0,0,
473,control,17,0,0.0,0,
473,control,13,0,0.0,1,
474,treatment,1,0,0.0,0,
474,treatment,10,1,177.4,0,1.0
475,control,2,1,215.2,0,5.0
476,treatment,7,1,125.8,1,1.0
477,control,18,0,0.0,1,
478,treatment,12,1,263.8,0,1.0
479,control,18,0,0.0,0,
479,control,3,0,0.0,0,
480,treatment,2,0,0.0,0,
480,treatment,11,1,223.5,1,3.0
481,treatment,14,1,73.6,1,3.0
481,treatment,16,1,80.9,0,1.0
482,treatment,2,1,165.7,0,1.0
483,control,7,1,113.4,1,3.0
483,control,6,0,0.0,0,
483,control,1,0,0.0,1,
484,treatment,13,0,0.0,1,
485,control,21,0,0.0,0,
485,control,21,0,0.0,1,
485,control,15,0,0.0,0,
486,treatment,4,0,0.0,0,
487,control,3,0,0.0,0,
487,control,16,0,0.0,0,
487,control,1,0,0.0,0,
488,treatment,18,1,181.9,0,1.0
488,treatment,1,0,0.0,0,
488,treatment,12,0,0.0,1,
489,control,2,0,0.0,0,
489,control,7,1,177.0,0,2.0
489,control,20,0,0.0,0,
490,control,14,0,0.0,1,
490,control,1,1,143.7,0,3.0
490,control,18,1,292.7,0,1.0
491,treatment,3,1,230.5,0,1.0
491,treatment,2,1,167.8,0,1.0
492,control,12,0,0.0,1,
493,control,17,0,0.0,0,
494,treatment,18,0,0.0,0,
494,treatment,17,0,0.0,1,
495,control,11,0,0.0,0,
496,control,14,1,337.1,0,1.0
496,control,5,1,285.0,1,1.0
496,control,3,0,0.0,0,
497,control,17,1,218.9,0,5.0
497,control,13,0,0.0,1,
498,treatment,15,1,251.5,0,1.0
499,control,20,0,0.0,0,
499,control,10,1,161.4,0,2.0
500,treatment,3,1,210.0,1,1.0
500,treatment,5,0,0.0,1,
501,control,19,0,0.0,0,
501,control,3,1,99.4,1,1.0
501,control,10,1,46.9,1,5.0
502,control,6,0,0.0,0,
502,control,10,0,0.0,1,
502,control,16,0,0.0,1,
503,control,20,0,0.0,0,
503,control,21,0,0.0,0,
504,treatment,3,1,194.2,0,1.0
504,treatment,14,1,255.7,0,2.0
505,control,15,1,157.8,1,1.0
505,control,8,0,0.0,0,
505,control,15,0,0.0,0,
506,control,19,0,0.0,0,
507,treatment,14,1,247.6,0,1.0
507,treatment,9,0,0.0,0,
508,control,15,1,196.4,1,2.0
509,treatment,16,0,0.0,1,
510,treatment,4,0,0.0,0,
511,control,4,1,147.9,0,2.0
511,control,5,1,179.7,1,5.0
512,treatment,4,0,0.0,0,
513,control,8,0,0.0,0,
513,control,2,1,122.9,0,1.0
513,control,11,1,88.9,1,2.0
514,treatment,17,0,0.0,0,
514,treatment,20,1,196.2,0,1.0
514,treatment,17,0,0.0,1,
515,treatment,14,0,0.0,0,
515,treatment,15,0,0.0,0,
516,control,5,0,0.0,0,
517,treatment,6,1,233.7,0,2.0
518,treatment,9,0,0.0,0,
519,treatment,4,0,0.0,0,
519,treatment,16,1,90.4,1,1.0
519,treatment,21,0,0.0,1,
520,treatment,8,0,0.0,0,
520,treatment,7,0,0.0,0,
521,treatment,18,1,200.1,1,3.0
521,treatment,16,0,0.0,1,
521,treatment,8,0,0.0,0,
522,control,12,1,209.0,0,1.0
522,control,9,1,135.8,0,2.0
523,treatment,8,0,0.0,0,
523,treatment,18,1,226.9,0,1.0
523,treatment,17,1,125.3,0,1.0
524,control,3,1,98.1,0,1.0
524,control,21,0,0.0,0,
524,control,12,0,0.0,1,
525,treatment,17,1,149.0,0,1.0
526,control,2,0,0.0,0,
526,control,13,0,0.0,0,
526,control,2,1,184.0,1,1.0
527,control,20,1,142.6,1,1.0
527,control,11,1,180.6,1,1.0
528,treatment,16,1,84.6,0,2.0
528,treatment,16,1,143.7,1,2.0
529,treatment,14,1,178.1,0,2.0
530,treatment,16,1,154.7,0,4.0
530,treatment,17,0,0.0,0,
531,control,21,0,0.0,0,
531,control,4,0,0.0,1,
532,treatment,4,1,217.3,1,1.0
533,control,8,0,0.0,0,
534,control,11,1,116.5,0,1.0
534,control,10,0,0.0,1,
535,control,15,0,0.0,0,
535,control,16,0,0.0,0,
536,treatment,5,1,161.3,1,2.0
536,treatment,17,1,213.5,0,1.0
536,treatment,18,0,0.0,1,
537,treatment,5,0,0.0,0,
538,control,18,0,0.0,0,
538,control,12,1,144.7,0,1.0
539,control,17,1,142.0,1,2.0
539,control,20,0,0.0,0,
539,control,7,1,68.1,0,1.0
540,treatment,12,0,0.0,0,
541,control,2,0,0.0,1,
542,treatment,3,1,183.6,0,2.0
543,control,19,0,0.0,0,
543,control,12,0,0.0,0,
543,control,5,0,0.0,0,
544,treatment,12,0,0.0,0,
544,treatment,3,1,163.5,0,4.0
545,control,1,0,0.0,0,
546,treatment,18,0,0.0,1,
547,control,12,1,58.5,0,4.0
548,treatment,15,1,110.8,0,1.0
549,treatment,12,1,255.0,0,1.0
549,treatment,21,1,124.0,0,1.0
549,treatment,13,0,0.0,1,
550,control,4,0,0.0,1,
550,control,10,0,0.0,0,
550,control,18,0,0.0,0,
551,control,21,0,0.0,0,
551,control,13,1,238.7,0,2.0
552,treatment,5,0,0.0,0,
553,control,7,1,156.2,1,1.0
553,control,11,1,177.7,0,1.0
554,treatment,21,1,227.0,0,4.0
554,treatment,5,1,237.1,1,1.0
554,treatment,13,0,0.0,1,
555,control,15,0,0.0,1,
555,control,10,0,0.0,1,
556,treatment,10,1,78.4,0,1.0
557,treatment,8,1,160.8,0,3.0
558,treatment,7,1,122.7,0,1.0
559,treatment,16,1,343.3,1,1.0
559,treatment,3,0,0.0,0,
560,treatment,4,1,230.7,0,1.0
560,treatment,14,1,276.2,0,2.0
561,treatment,13,0,0.0,0,
561,treatment,21,1,72.7,0,1.0
562,control,7,0,0.0,0,
562,control,13,0,0.0,0,
562,control,20,0,0.0,1,
563,control,18,0,0.0,0,
563,control,1,1,146.2,0,4.0
564,control,3,1,179.0,0,1.0
565,treatment,8,1,181.8,0,4.0
566,treatment,16,1,94.4,0,1.0
566,treatment,14,1,154.7,0,1.0
567,treatment,6,1,217.6,0,1.0
568,treatment,12,0,0.0,0,
568,treatment,18,0,0.0,0,
568,treatment,5,0,0.0,1,
569,control,6,0,0.0,0,
570,control,3,1,203.3,0,3.0
570,control,11,0,0.0,0,
570,control,8,0,0.0,0,
571,treatment,21,1,150.7,0,3.0
571,treatment,13,0,0.0,1,
571,treatment,18,1,274.6,0,1.0
572,control,1,0,0.0,0,
572,control,21,1,147.1,0,5.0
573,control,15,1,184.6,1,5.0
574,treatment,8,0,0.0,0,
574,treatment,21,1,106.3,1,1.0
574,treatment,8,1,174.7,0,4.0
575,control,20,1,122.6,0,3.0
576,treatment,8,1,159.3,0,1.0
577,control,1,1,150.7,0,1.0
577,control,1,1,129.2,1,2.0
578,treatment,3,0,0.0,0,
578,treatment,4,1,163.1,0,2.0
579,treatment,8,1,220.7,1,1.0
579,treatment,4,1,157.7,0,2.0
580,treatment,16,0,0.0,1,
581,treatment,18,0,0.0,0,
581,treatment,1,0,0.0,0,
581,treatment,7,0,0.0,0,
582,control,21,0,0.0,0,
582,control,16,0,0.0,1,
583,treatment,15,0,0.0,0,
583,treatment,21,0,0.0,1,
583,treatment,21,0,0.0,0,
584,treatment,18,1,183.8,0,3.0
584,treatment,15,1,235.0,0,2.0
584,treatment,13,1,79.2,0,2.0
585,treatment,7,1,104.7,0,1.0
585,treatment,13,1,137.8,0,2.0
586,control,2,0,0.0,0,
586,control,11,1,188.5,0,2.0
587,treatment,6,1,223.3,1,1.0
587,treatment,16,0,0.0,0,
588,control,18,1,169.2,0,3.0
588,control,9,0,0.0,1,
589,treatment,4,1,30.7,1,1.0
590,control,20,0,0.0,0,
590,control,17,0,0.0,1,
590,control,2,0,0.0,1,
591,control,15,0,0.0,0,
591,control,21,0,0.0,0,
591,control,3,1,105.5,0,3.0
592,treatment,4,0,0.0,0,
592,treatment,18,1,141.0,0,2.0
592,treatment,7,0,0.0,0,
593,control,20,0,0.0,0,
594,treatment,4,1,160.4,0,1.0
595,treatment,19,1,138.8,0,2.0
595,treatment,5,0,0.0,1,
595,treatment,18,0,0.0,0,
596,treatment,6,1,149.3,0,2.0
596,treatment,2,0,0.0,0,
597,control,10,1,70.8,0,4.0
597,control,19,0,0.0,0,
597,control,7,1,135.7,0,1.0
598,control,14,1,116.4,0,5.0
598,control,15,1,135.9,0,4.0
598,control,18,0,0.0,0,
599,treatment,4,1,191.0,1,1.0
599,treatment,6,0,0.0,1,
599,treatment,16,0,0.0,0,
600,treatment,8,1,198.2,0,2.0
601,control,6,0,0.0,1,
601,control,10,0,0.0,0,
602,treatment,2,1,116.7,0,1.0
602,treatment,17,0,0.0,0,
602,treatment,1,0,0.0,0,
603,treatment,1,0,0.0,1,
604,treatment,17,1,238.0,0,2.0
604,treatment,8,1,162.1,0,2.0
605,control,16,1,98.1,1,2.0
606,control,13,0,0.0,1,
606,control,19,0,0.0,0,
607,control,21,1,124.5,0,4.0
607,control,20,0,0.0,1,
607,control,19,1,259.4,0,1.0
608,treatment,19,1,163.8,0,5.0
608,treatment,10,1,96.6,0,2.0
609,treatment,14,1,182.1,0,1.0
609,treatment,16,1,171.4,0,1.0
609,treatment,9,0,0.0,1,
610,treatment,10,1,115.6,0,2.0
610,treatment,8,0,0.0,0,
610,treatment,20,1,125.0,0,1.0
611,control,2,0,0.0,0,
611,control,19,0,0.0,0,
611,control,14,0,0.0,1,
612,treatment,21,0,0.0,0,
612,treatment,1,0,0.0,0,
613,treatment,15,0,0.0,0,
613,treatment,14,1,127.7,0,1.0
613,treatment,4,1,297.0,0,2.0
614,treatment,7,1,228.0,0,2.0
614,treatment,14,0,0.0,1,
615,treatment,20,1,176.5,1,1.0
616,control,16,0,0.0,1,
616,control,21,0,0.0,0,
617,control,17,0,0.0,0,
617,control,7,1,182.6,0,3.0
617,control,15,0,0.0,0,
618,treatment,2,1,26.5,0,1.0
618,treatment,15,0,0.0,0,
619,control,11,1,204.9,0,1.0
619,control,7,1,219.6,0,1.0
619,control,15,1,137.9,0,1.0
620,control,8,0,0.0,0,
620,control,20,1,139.0,1,1.0
621,treatment,18,1,148.1,0,1.0
621,treatment,9,0,0.0,0,
621,treatment,15,1,126.3,0,5.0
622,treatment,15,1,231.9,1,2.0
622,treatment,5,1,189.0,0,1.0
623,control,3,0,0.0,1,
623,control,8,0,0.0,0,
624,treatment,17,0,0.0,0,
625,control,5,1,109.7,1,1.0
626,treatment,18,1,303.3,0,1.0
627,control,12,0,0.0,1,
627,control,9,0,0.0,1,
628,treatment,9,1,117.0,0,1.0
629,control,2,0,0.0,1,
630,control,11,0,0.0,0,
630,control,13,1,200.8,1,5.0
631,control,20,0,0.0,0,
631,control,9,0,0.0,0,
632,treatment,10,0,0.0,0,
632,treatment,9,0,0.0,0,
633,control,10,1,172.4,1,2.0
634,control,20,1,229.2,1,3.0
634,control,6,0,0.0,0,
635,treatment,11,0,0.0,1,
635,treatment,12,1,211.4,0,1.0
636,treatment,7,0,0.0,1,
636,treatment,3,1,215.6,0,2.0
637,control,18,0,0.0,0,
638,control,12,1,156.0,0,2.0
639,treatment,1,1,167.2,0,1.0
640,treatment,16,1,142.2,0,1.0
640,treatment,15,0,0.0,0,
641,treatment,13,1,136.0,0,1.0
641,treatment,15,0,0.0,1,
642,treatment,6,0,0.0,1,
642,treatment,4,0,0.0,0,
642,treatment,14,0,0.0,0,
643,treatment,16,0,0.0,0,
643,treatment,14,0,0.0,0,
644,control,5,1,101.5,0,4.0
644,control,19,1,135.1,1,1.0
644,control,6,0,0.0,0,
645,treatment,16,0,0.0,0,
645,treatment,1,0,0.0,0,
646,control,11,0,0.0,0,
646,control,4,1,190.9,1,1.0
646,control,9,0,0.0,0,
647,control,21,1,189.3,1,4.0
647,control,5,0,0.0,1,
648,control,8,1,123.5,0,2.0
649,treatment,6,1,235.2,0,1.0
650,control,11,0,0.0,0,
650,control,11,1,174.2,1,1.0
651,control,2,0,0.0,0,
652,treatment,6,1,151.5,0,2.0
652,treatment,21,0,0.0,1,
652,treatment,20,0,0.0,1,
653,control,4,0,0.0,0,
654,control,14,0,0.0,1,
655,treatment,7,1,196.1,1,2.0
655,treatment,6,0,0.0,0,
656,control,7,0,0.0,1,
656,control,9,0,0.0,0,
656,control,12,1,132.2,1,4.0
657,control,10,0,0.0,0,
657,control,6,0,0.0,0,
658,control,5,1,125.4,0,1.0
659,treatment,19,1,116.6,0,3.0
659,treatment,19,1,232.5,0,1.0
659,treatment,16,1,175.1,0,2.0
660,treatment,11,1,128.5,1,3.0
661,treatment,18,1,193.8,0,1.0
662,control,3,1,156.5,0,1.0
663,control,17,0,0.0,0,
663,control,9,0,0.0,1,
663,control,21,0,0.0,0,
664,treatment,17,1,104.2,0,2.0
664,treatment,1,1,246.2,0,4.0
664,treatment,15,0,0.0,1,
665,control,21,0,0.0,1,
665,control,3,0,0.0,1,
665,control,21,0,0.0,0,
666,control,18,0,0.0,0,
666,control,21,0,0.0,0,
666,control,5,1,160.6,1,1.0
667,treatment,20,1,248.3,0,1.0
668,treatment,13,1,102.9,0,1.0
668,treatment,7,1,268.2,0,2.0
668,treatment,18,1,128.8,1,1.0
669,control,13,1,308.2,0,1.0
669,control,2,0,0.0,0,
670,control,8,0,0.0,0,
670,control,11,1,239.4,1,1.0
671,control,1,0,0.0,1,
671,control,2,1,30.6,0,4.0
671,control,15,0,0.0,1,
672,treatment,5,1,199.9,0,3.0
672,treatment,20,0,0.0,0,
672,treatment,8,1,217.0,1,1.0
673,treatment,11,0,0.0,1,
673,treatment,15,1,113.1,0,4.0
674,treatment,9,1,195.0,1,4.0
674,treatment,18,1,33.6,0,1.0
674,treatment,8,0,0.0,0,
675,treatment,17,0,0.0,0,
675,treatment,12,1,277.8,0,1.0
675,treatment,20,0,0.0,0,
676,control,9,1,172.2,0,2.0
676,control,1,0,0.0,1,
676,control,18,1,5.0,1,1.0
677,treatment,10,0,0.0,0,
677,treatment,5,0,0.0,0,
677,treatment,15,1,73.8,0,2.0
678,treatment,10,0,0.0,0,
678,treatment,16,0,0.0,0,
679,treatment,9,1,80.3,0,1.0
679,treatment,7,1,164.4,1,4.0
680,treatment,8,1,216.8,0,2.0
680,treatment,17,1,178.0,0,1.0
680,treatment,13,0,0.0,0,
681,treatment,10,1,218.7,1,1.0
681,treatment,14,1,145.8,0,1.0
682,control,17,1,161.3,0,2.0
683,control,16,0,0.0,0,
684,treatment,9,0,0.0,1,
684,treatment,14,1,128.9,1,2.0
684,treatment,15,1,113.9,0,4.0
685,control,2,0,0.0,1,
685,control,1,0,0.0,0,
685,control,9,0,0.0,0,
686,treatment,11,0,0.0,1,
686,treatment,13,0,0.0,0,
686,treatment,19,1,223.9,0,2.0
687,treatment,10,0,0.0,0,
688,control,6,1,141.4,0,2.0
688,control,10,1,215.0,1,1.0
688,control,21,0,0.0,0,
689,control,17,0,0.0,1,
690,treatment,8,0,0.0,0,
691,treatment,17,0,0.0,0,
691,treatment,2,0,0.0,0,
691,treatment,5,1,143.6,0,1.0
692,treatment,12,1,142.1,1,1.0
693,control,9,1,124.1,0,1.0
693,control,21,1,163.9,0,2.0
693,control,5,1,87.3,1,1.0
694,treatment,5,1,215.4,0,3.0
694,treatment,16,0,0.0,0,
695,treatment,2,1,149.2,0,3.0
695,treatment,11,0,0.0,0,
695,treatment,5,0,0.0,0,
696,treatment,13,0,0.0,0,
696,treatment,10,1,128.3,0,5.0
696,treatment,9,0,0.0,0,
697,control,13,1,56.8,0,1.0
698,treatment,18,1,188.3,1,2.0
699,treatment,6,0,0.0,0,
699,treatment,2,1,186.5,0,1.0
700,control,7,1,235.5,1,1.0
700,control,18,0,0.0,1,
700,control,11,1,176.8,1,1.0
701,treatment,19,0,0.0,1,
701,treatment,17,1,76.7,0,1.0
701,treatment,18,1,189.7,0,1.0
702,treatment,17,0,0.0,0,
702,treatment,5,1,278.1,0,1.0
702,treatment,6,0,0.0,0,
703,control,3,0,0.0,0,
703,control,3,1,144.2,1,1.0
704,treatment,13,1,168.1,1,1.0
705,control,9,0,0.0,0,
706,control,7,0,0.0,0,
706,control,9,1,148.4,0,1.0
706,control,8,1,237.9,0,1.0
707,treatment,14,0,0.0,0,
708,treatment,18,0,0.0,0,
708,treatment,10,1,90.2,0,2.0
709,treatment,12,1,223.6,0,1.0
709,treatment,10,0,0.0,0,
710,treatment,20,1,218.8,0,1.0
711,control,6,0,0.0,0,
712,treatment,10,1,138.9,0,5.0
713,control,17,1,121.2,1,5.0
713,control,20,0,0.0,1,
713,control,1,0,0.0,1,
714,treatment,2,0,0.0,0,
714,treatment,19,0,0.0,1,
715,treatment,18,0,0.0,0,
715,treatment,10,1,243.1,0,1.0
715,treatment,17,0,0.0,0,
716,treatment,14,0,0.0,0,
716,treatment,14,0,0.0,0,
717,control,21,1,67.8,0,1.0
718,treatment,5,0,0.0,0,
718,treatment,8,0,0.0,0,
718,treatment,9,0,0.0,1,
719,treatment,15,1,121.2,1,2.0
719,treatment,17,0,0.0,0,
719,treatment,11,0,0.0,0,
720,treatment,3,0,0.0,0,
720,treatment,18,1,247.8,0,1.0
720,treatment,10,1,173.7,1,1.0
721,treatment,3,1,111.5,0,3.0
722,control,12,0,0.0,0,
722,control,13,0,0.0,0,
722,control,13,1,163.0,0,1.0
723,treatment,6,0,0.0,0,
723,treatment,9,1,95.6,0,1.0
723,treatment,1,0,0.0,0,
724,control,10,0,0.0,0,
724,control,8,0,0.0,1,
725,control,7,0,0.0,1,
725,control,15,0,0.0,0,
725,control,21,0,0.0,0,
726,control,17,0,0.0,1,
726,control,19,1,47.6,0,3.0
726,control,2,0,0.0,0,
727,control,13,1,238.7,1,1.0
727,control,8,1,61.1,0,3.0
728,control,13,1,137.1,0,2.0
729,control,8,0,0.0,0,
729,control,4,0,0.0,1,
730,treatment,6,1,283.1,0,2.0
730,treatment,10,0,0.0,0,
731,control,10,1,144.2,0,4.0
731,control,16,1,184.4,0,3.0
731,control,15,0,0.0,0,
732,control,21,1,231.4,1,2.0
732,control,1,1,230.3,0,1.0
732,control,6,1,120.3,1,3.0
733,control,6,1,97.2,0,3.0
733,control,5,1,138.1,0,3.0
734,treatment,21,1,167.6,0,1.0
735,treatment,16,0,0.0,0,
735,treatment,15,1,255.4,0,1.0
735,treatment,12,1,251.3,0,1.0
736,control,17,0,0.0,0,
736,control,15,1,112.5,0,2.0
737,treatment,11,0,0.0,0,
738,control,14,1,82.8,1,3.0
738,control,8,0,0.0,0,
738,control,16,1,203.0,0,1.0
739,control,8,0,0.0,0,
740,treatment,11,0,0.0,0,
741,control,20,1,68.0,1,3.0
741,control,18,1,152.7,0,1.0
742,treatment,21,1,184.1,0,1.0
742,treatment,13,1,292.1,0,1.0
743,treatment,18,1,134.7,0,2.0
744,control,13,1,55.9,1,4.0
744,control,13,0,0.0,0,
744,control,11,1,100.5,1,1.0
745,control,5,1,227.4,0,1.0
745,control,21,0,0.0,0,
746,treatment,6,0,0.0,0,
746,treatment,21,0,0.0,0,
747,control,21,0,0.0,0,
747,control,8,0,0.0,0,
747,control,17,1,78.0,0,1.0
748,control,12,1,109.0,0,2.0
748,control,16,0,0.0,1,
748,control,3,1,122.4,1,3.0
749,control,18,0,0.0,1,
749,control,6,1,119.6,0,1.0
750,treatment,21,1,187.7,0,3.0
751,treatment,9,0,0.0,0,
752,control,1,0,0.0,0,
752,control,4,1,176.2,0,1.0
753,treatment,5,1,135.0,1,4.0
753,treatment,18,0,0.0,0,
753,treatment,21,0,0.0,1,
754,treatment,18,1,235.2,0,3.0
755,treatment,14,0,0.0,0,
755,treatment,16,0,0.0,0,
756,treatment,18,1,264.2,0,2.0
757,treatment,16,1,156.1,1,1.0
757,treatment,1,1,112.5,0,3.0
757,treatment,5,1,257.6,0,1.0
758,control,7,1,175.3,0,3.0
758,control,18,0,0.0,0,
758,control,3,0,0.0,1,
759,control,14,1,187.5,1,1.0
760,control,5,0,0.0,1,
760,control,17,0,0.0,1,
761,treatment,12,1,166.6,0,1.0
761,treatment,19,0,0.0,0,
762,treatment,4,0,0.0,0,
763,control,2,0,0.0,0,
763,control,13,1,108.9,1,3.0
763,control,20,0,0.0,1,
764,treatment,8,0,0.0,0,
764,treatment,4,0,0.0,0,
764,treatment,7,0,0.0,0,
765,control,4,0,0.0,1,
765,control,1,0,0.0,0,
766,control,9,0,0.0,1,
766,control,21,0,0.0,1,
766,control,1,1,198.1,0,4.0
767,control,8,0,0.0,1,
767,control,4,0,0.0,0,
767,control,20,1,200.6,0,1.0
768,treatment,5,1,197.6,0,1.0
768,treatment,7,1,256.7,1,1.0
769,treatment,15,0,0.0,0,
769,treatment,7,1,176.3,0,2.0
769,treatment,20,1,331.9,0,2.0
770,control,9,0,0.0,1,
771,control,13,1,74.8,0,4.0
772,control,20,0,0.0,1,
772,control,15,1,122.0,1,3.0
773,control,17,1,66.6,0,2.0
774,treatment,4,1,116.1,1,1.0
774,treatment,21,0,0.0,1,
774,treatment,21,0,0.0,0,
775,treatment,19,1,79.0,0,5.0
775,treatment,1,0,0.0,0,
776,control,4,1,102.0,1,2.0
776,control,7,1,132.2,0,5.0
776,control,19,0,0.0,0,
777,control,7,1,245.9,0,4.0
777,control,18,1,105.5,1,1.0
777,control,15,1,166.4,0,1.0
778,treatment,4,0,0.0,0,
778,treatment,4,1,157.9,0,1.0
779,treatment,16,1,283.1,1,1.0
779,treatment,16,0,0.0,0,
780,control,21,0,0.0,0,
780,control,21,0,0.0,0,
781,control,6,1,182.3,0,1.0
781,control,12,0,0.0,1,
782,control,7,1,128.0,1,1.0
782,control,18,1,143.7,0,2.0
783,treatment,7,1,184.3,0,1.0
783,treatment,4,1,282.7,0,5.0
784,treatment,8,1,215.2,0,1.0
784,treatment,15,1,222.3,1,1.0
785,treatment,11,1,217.8,0,4.0
786,control,3,0,0.0,1,
786,control,10,0,0.0,1,
786,control,3,0,0.0,1,
787,control,18,1,169.6,0,4.0
787,control,4,1,232.2,0,1.0
788,treatment,4,1,294.7,0,1.0
789,treatment,11,0,0.0,0,
789,treatment,12,0,0.0,1,
789,treatment,17,1,181.1,1,4.0
790,control,15,0,0.0,0,
790,control,18,1,229.5,0,2.0
791,treatment,16,1,194.8,1,5.0
791,treatment,21,0,0.0,0,
791,treatment,21,0,0.0,1,
792,treatment,13,1,233.2,0,2.0
792,treatment,17,0,0.0,0,
793,control,13,0,0.0,0,
794,treatment,16,1,137.9,0,1.0
795,control,2,1,88.1,0,3.0
796,control,6,0,0.0,1,
797,control,12,1,117.3,1,4.0
797,control,7,0,0.0,0,
797,control,11,1,100.2,0,2.0
798,control,10,0,0.0,0,
798,control,2,0,0.0,0,
798,control,1,1,101.6,0,2.0
799,control,2,1,250.6,0,1.0
799,control,3,0,0.0,0,
799,control,21,0,0.0,0,
800,control,10,0,0.0,0,
800,control,7,0,0.0,0,
800,control,21,1,112.6,1,4.0
801,control,19,1,200.7,0,5.0
802,treatment,21,1,185.2,1,2.0
803,control,1,0,0.0,0,
804,control,15,1,89.5,0,3.0
804,control,11,1,124.6,0,1.0
805,treatment,15,0,0.0,0,
805,treatment,16,1,86.5,0,1.0
805,treatment,8,0,0.0,0,
806,treatment,12,1,242.9,0,2.0
807,treatment,12,1,240.5,1,2.0
807,treatment,19,1,244.7,0,1.0
808,control,4,1,144.8,0,1.0
808,control,14,1,123.1,0,2.0
809,treatment,21,0,0.0,0,
810,control,16,0,0.0,0,
811,control,21,1,125.6,0,1.0
811,control,14,0,0.0,0,
811,control,18,0,0.0,1,
812,control,7,1,169.9,1,1.0
812,control,8,0,0.0,0,
813,control,15,1,205.0,1,1.0
813,control,20,0,0.0,1,
814,treatment,8,1,202.8,0,1.0
815,treatment,6,1,272.7,0,3.0
815,treatment,2,0,0.0,1,
815,treatment,4,0,0.0,0,
816,control,20,0,0.0,0,
817,control,8,0,0.0,0,
817,control,1,1,109.2,0,3.0
818,control,4,0,0.0,1,
819,treatment,1,1,154.6,0,2.0
819,treatment,2,0,0.0,0,
819,treatment,3,1,53.0,0,1.0
820,control,7,0,0.0,0,
820,control,10,1,149.4,0,2.0
820,control,19,1,142.8,0,1.0
821,control,21,1,240.9,1,2.0
822,treatment,12,1,185.3,0,2.0
822,treatment,6,1,144.4,0,5.0
823,treatment,13,0,0.0,0,
823,treatment,15,1,226.6,0,1.0
824,control,13,0,0.0,0,
824,control,4,0,0.0,1,
824,control,10,0,0.0,0,
825,treatment,1,1,115.8,1,1.0
825,treatment,9,1,202.2,0,5.0
825,treatment,11,1,77.4,0,3.0
826,treatment,5,1,123.4,0,1.0
826,treatment,1,1,263.0,0,1.0
827,control,12,0,0.0,0,
827,control,10,0,0.0,1,
827,control,4,1,32.6,0,3.0
828,treatment,9,0,0.0,0,
829,control,20,1,68.0,0,2.0
829,control,6,1,132.3,0,3.0
829,control,15,1,146.8,0,5.0
830,treatment,7,1,184.4,1,2.0
830,treatment,1,0,0.0,0,
831,control,9,0,0.0,1,
832,control,19,0,0.0,1,
833,control,15,0,0.0,1,
833,control,1,1,104.1,0,4.0
834,treatment,2,1,266.0,1,5.0
834,treatment,11,1,68.4,0,1.0
835,control,11,1,207.2,1,1.0
835,control,7,1,108.5,0,4.0
835,control,11,0,0.0,0,
836,treatment,4,0,0.0,0,
836,treatment,10,1,124.4,0,3.0
836,treatment,9,1,107.4,0,1.0
837,control,6,1,111.8,0,1.0
837,control,17,0,0.0,0,
838,control,6,1,112.4,1,1.0
838,control,19,0,0.0,0,
839,treatment,12,0,0.0,0,
839,treatment,8,1,207.1,0,1.0
839,treatment,18,1,268.4,1,1.0
840,control,21,0,0.0,0,
841,control,9,1,107.2,1,4.0
842,treatment,11,0,0.0,0,
843,control,21,0,0.0,0,
843,control,14,1,216.5,0,4.0
843,control,4,1,178.4,1,3.0
844,control,7,1,146.2,0,1.0
844,control,8,1,190.3,0,2.0
844,control,1,1,194.8,0,5.0
845,control,11,1,124.2,0,1.0
845,control,10,0,0.0,1,
846,control,11,0,0.0,0,
846,control,13,0,0.0,1,
847,treatment,10,0,0.0,0,
848,treatment,21,1,300.5,0,1.0
849,control,8,0,0.0,0,
850,treatment,8,1,204.3,0,1.0
851,control,2,0,0.0,0,
851,control,18,1,99.3,0,5.0
851,control,14,0,0.0,0,
852,treatment,16,0,0.0,1,
853,control,6,0,0.0,0,
854,control,16,1,131.8,0,2.0
854,control,1,0,0.0,0,
854,control,19,1,73.5,0,4.0
855,control,1,1,114.1,0,5.0
856,control,8,1,104.1,0,1.0
856,control,11,0,0.0,1,
857,control,5,1,160.9,0,1.0
858,control,7,0,0.0,1,
858,control,19,1,203.5,0,1.0
858,control,15,1,32.5,0,2.0
859,treatment,3,1,214.7,0,1.0
860,control,9,1,141.7,1,3.0
861,treatment,17,0,0.0,0,
861,treatment,7,1,91.6,1,4.0
862,control,6,0,0.0,0,
863,treatment,8,0,0.0,0,
863,treatment,1,0,0.0,0,
863,treatment,1,0,0.0,0,
864,treatment,4,1,267.1,0,3.0
864,treatment,12,1,150.6,0,3.0
865,treatment,8,0,0.0,0,
866,control,21,1,155.3,0,5.0
867,control,2,1,156.5,0,2.0
867,control,7,0,0.0,0,
867,control,6,0,0.0,0,
868,treatment,17,1,189.8,0,1.0
868,treatment,15,1,178.2,0,1.0
868,treatment,5,0,0.0,0,
869,control,15,1,135.2,0,5.0
869,control,4,1,176.8,0,4.0
869,control,7,0,0.0,0,
870,treatment,16,1,102.9,0,5.0
871,control,8,1,130.1,0,2.0
872,treatment,19,1,186.2,1,5.0
872,treatment,7,0,0.0,1,
873,treatment,2,0,0.0,0,
873,treatment,5,0,0.0,1,
873,treatment,18,0,0.0,0,
874,control,9,0,0.0,1,
875,treatment,1,1,181.4,0,5.0
875,treatment,20,1,268.2,0,3.0
875,treatment,11,1,174.9,0,1.0
876,control,2,1,69.5,1,1.0
876,control,3,0,0.0,0,
876,control,16,1,96.8,1,4.0
877,treatment,1,0,0.0,0,
877,treatment,2,0,0.0,0,
878,treatment,2,1,219.2,0,5.0
878,treatment,8,1,134.8,1,1.0
879,control,12,0,0.0,0,
879,control,12,1,157.5,0,3.0
880,control,1,0,0.0,0,
880,control,15,0,0.0,0,
880,control,5,1,77.5,0,1.0
881,control,15,0,0.0,0,
881,control,12,0,0.0,0,
881,control,11,1,209.2,0,3.0
882,treatment,6,0,0.0,0,
883,control,11,1,216.9,0,1.0
884,treatment,10,1,116.9,0,5.0
885,treatment,6,1,93.1,0,1.0
885,treatment,13,1,186.9,0,1.0
886,control,4,1,150.1,0,4.0
886,control,20,0,0.0,0,
887,control,18,1,183.6,1,2.0
887,control,1,0,0.0,0,
888,treatment,18,0,0.0,0,
888,treatment,1,1,249.6,0,1.0
888,treatment,15,0,0.0,0,
889,treatment,16,1,153.8,0,1.0
889,treatment,5,1,177.7,0,2.0
890,control,20,1,183.3,1,4.0
890,control,11,0,0.0,0,
891,control,2,0,0.0,1,
892,control,11,1,273.2,0,4.0
892,control,19,1,153.5,1,2.0
892,control,21,0,0.0,1,
893,control,4,1,76.3,0,2.0
893,control,5,0,0.0,1,
893,control,12,0,0.0,0,
894,control,9,0,0.0,1,
894,control,10,1,51.2,0,2.0
894,control,13,0,0.0,0,
895,treatment,5,0,0.0,0,
895,treatment,6,1,88.3,0,2.0
895,treatment,13,0,0.0,1,
896,treatment,21,1,246.0,0,2.0
897,treatment,11,1,274.8,1,1.0
898,treatment,21,0,0.0,1,
898,treatment,14,0,0.0,0,
898,treatment,5,0,0.0,0,
899,control,17,0,0.0,0,
899,control,9,0,0.0,0,
900,control,21,0,0.0,0,
900,control,20,1,161.8,1,2.0
900,control,13,1,112.4,1,2.0
901,control,18,0,0.0,0,
902,treatment,16,0,0.0,1,
902,treatment,1,1,31.3,0,3.0
903,treatment,17,0,0.0,1,
903,treatment,20,1,57.4,0,1.0
903,treatment,10,0,0.0,0,
904,control,20,1,172.9,0,2.0
905,control,4,0,0.0,0,
905,control,9,0,0.0,0,
905,control,5,1,188.7,0,1.0
906,treatment,20,1,125.2,0,3.0
907,treatment,21,0,0.0,0,
907,treatment,2,1,222.1,0,1.0
907,treatment,13,1,153.3,0,4.0
908,control,21,0,0.0,0,
909,control,12,1,119.8,0,2.0
909,control,20,0,0.0,1,
909,control,7,1,108.2,0,4.0
910,treatment,10,1,299.5,0,2.0
911,control,6,0,0.0,1,
911,control,2,1,210.0,1,1.0
911,control,3,1,103.1,0,1.0
912,control,17,1,85.6,1,2.0
912,control,19,0,0.0,1,
912,control,9,1,177.5,0,1.0
913,control,19,1,167.4,0,1.0
913,control,3,1,123.0,0,3.0
914,treatment,14,1,244.1,0,1.0
914,treatment,17,0,0.0,0,
914,treatment,12,0,0.0,0,
915,treatment,9,1,96.3,0,1.0
916,treatment,3,0,0.0,0,
916,treatment,17,0,0.0,0,
916,treatment,11,1,291.0,1,4.0
917,treatment,2,0,0.0,1,
917,treatment,5,0,0.0,0,
917,treatment,6,0,0.0,1,
918,treatment,17,1,215.8,0,1.0
919,treatment,6,1,183.7,1,3.0
919,treatment,5,0,0.0,1,
919,treatment,20,0,0.0,0,
920,treatment,8,1,175.4,0,1.0
920,treatment,5,0,0.0,1,
921,control,12,0,0.0,0,
921,control,2,1,256.8,1,1.0
921,control,18,0,0.0,1,
922,control,21,0,0.0,0,
922,control,21,0,0.0,0,
923,control,1,1,231.8,0,5.0
924,control,18,0,0.0,0,
924,control,17,0,0.0,0,
924,control,7,0,0.0,1,
925,control,13,0,0.0,1,
926,control,1,0,0.0,1,
926,control,5,1,168.5,1,1.0
926,control,6,1,81.9,0,1.0
927,control,5,1,77.0,0,2.0
928,treatment,14,0,0.0,1,
929,treatment,18,0,0.0,0,
929,treatment,12,1,149.8,0,1.0
930,control,3,1,146.9,0,1.0
930,control,19,0,0.0,0,
930,control,16,1,183.8,1,1.0
931,control,18,1,235.0,1,1.0
931,control,11,0,0.0,0,
931,control,15,0,0.0,0,
932,treatment,18,1,177.7,1,1.0
933,control,8,1,241.4,0,4.0
933,control,14,0,0.0,0,
933,control,1,0,0.0,1,
934,control,21,1,110.2,1,2.0
934,control,18,0,0.0,0,
934,control,14,1,89.1,0,1.0
935,treatment,2,0,0.0,1,
935,treatment,11,0,0.0,0,
935,treatment,6,1,178.2,0,1.0
936,control,3,1,237.3,1,3.0
937,treatment,20,0,0.0,1,
937,treatment,10,1,292.8,1,1.0
938,control,19,1,159.7,0,3.0
938,control,21,1,173.7,0,1.0
938,control,19,0,0.0,0,
939,treatment,14,0,0.0,0,
940,treatment,5,1,148.0,0,2.0
940,treatment,6,1,130.8,0,3.0
941,treatment,13,0,0.0,0,
941,treatment,4,1,158.6,0,1.0
942,control,17,1,106.6,0,5.0
942,control,16,1,95.3,0,2.0
942,control,14,1,172.2,0,2.0
943,treatment,14,1,263.8,0,2.0
943,treatment,4,1,230.6,0,1.0
944,control,8,1,137.1,1,1.0
944,control,20,0,0.0,1,
944,control,14,0,0.0,0,
945,control,19,1,112.1,1,1.0
945,control,9,1,165.8,0,3.0
946,control,12,1,73.0,0,4.0
947,control,20,1,212.5,1,3.0
947,control,18,0,0.0,0,
948,treatment,2,1,194.0,0,1.0
948,treatment,6,1,110.5,1,1.0
949,treatment,1,1,128.7,0,5.0
949,treatment,8,1,164.3,0,1.0
950,control,8,1,165.0,0,1.0
951,control,7,0,0.0,0,
951,control,16,0,0.0,0,
951,control,9,0,0.0,0,
952,treatment,6,0,0.0,1,
952,treatment,21,1,165.1,0,5.0
952,treatment,15,0,0.0,0,
953,control,8,1,166.9,0,1.0
953,control,15,0,0.0,1,
954,treatment,3,1,212.4,0,1.0
954,treatment,20,1,266.8,0,4.0
955,control,9,0,0.0,1,
955,control,3,0,0.0,0,
956,control,21,1,203.3,0,4.0
956,control,7,1,233.9,0,1.0
957,treatment,3,1,285.4,0,1.0
957,treatment,10,0,0.0,0,
958,control,7,0,0.0,0,
958,control,9,0,0.0,0,
958,control,20,0,0.0,0,
959,treatment,12,1,170.4,0,1.0
959,treatment,2,1,133.5,0,2.0
959,treatment,16,0,0.0,0,
960,control,17,0,0.0,0,
961,control,10,1,136.6,0,2.0
961,control,16,0,0.0,1,
962,control,17,0,0.0,0,
962,control,2,1,169.1,0,1.0
962,control,5,1,264.7,0,5.0
963,treatment,6,1,243.1,1,1.0
963,treatment,17,0,0.0,1,
964,control,14,1,162.5,0,1.0
964,control,12,1,135.6,1,1.0
964,control,3,0,0.0,0,
965,control,20,1,117.2,1,2.0
966,control,19,1,137.4,1,3.0
966,control,9,0,0.0,1,
966,control,6,0,0.0,0,
967,control,19,1,162.2,1,3.0
968,treatment,8,1,90.5,0,1.0
969,treatment,20,1,135.0,0,3.0
969,treatment,9,1,296.1,0,1.0
970,control,17,0,0.0,0,
970,control,14,0,0.0,0,
970,control,5,1,96.9,0,1.0
971,treatment,7,0,0.0,0,
972,control,15,1,72.0,0,1.0
972,control,6,1,128.1,0,3.0
972,control,12,1,266.5,1,1.0
973,control,3,0,0.0,0,
973,control,4,0,0.0,1,
973,control,6,1,94.5,0,2.0
974,control,20,1,53.7,0,2.0
975,treatment,14,1,135.9,0,5.0
975,treatment,16,1,294.5,0,4.0
975,treatment,16,0,0.0,0,
976,treatment,2,1,234.1,0,1.0
976,treatment,21,1,180.1,0,1.0
977,treatment,13,0,0.0,0,
977,treatment,10,1,316.8,0,1.0
977,treatment,4,1,87.8,0,3.0
978,treatment,13,1,205.9,0,3.0
978,treatment,13,0,0.0,1,
978,treatment,16,1,82.6,1,1.0
979,treatment,9,0,0.0,0,
980,treatment,13,1,107.2,0,1.0
980,treatment,18,0,0.0,0,
980,treatment,21,0,0.0,0,
981,treatment,20,1,205.3,0,1.0
982,treatment,18,1,260.5,0,2.0
983,treatment,16,0,0.0,1,
984,control,4,1,217.5,0,4.0
985,treatment,2,0,0.0,1,
985,treatment,17,1,190.6,0,2.0
985,treatment,6,1,233.8,1,2.0
986,treatment,2,1,159.9,0,1.0
987,treatment,12,1,191.6,0,1.0
988,treatment,12,0,0.0,0,
988,treatment,4,0,0.0,0,
989,treatment,2,0,0.0,1,
990,treatment,1,0,0.0,0,
990,treatment,4,1,102.7,0,4.0
990,treatment,2,0,0.0,0,
991,treatment,9,0,0.0,1,
992,treatment,2,1,131.7,1,1.0
993,treatment,15,0,0.0,0,
993,treatment,8,0,0.0,0,
994,treatment,21,1,269.4,1,1.0
995,treatment,9,1,128.7,0,1.0
995,treatment,8,0,0.0,0,
996,control,15,1,190.2,0,3.0
996,control,7,0,0.0,0,
997,control,7,1,242.5,0,2.0
997,control,3,0,0.0,0,
998,treatment,21,0,0.0,0,
998,treatment,2,1,336.3,0,1.0
999,treatment,11,0,0.0,0,
999,treatment,7,1,97.0,1,2.0
1000,control,3,1,151.0,0,5.0
1000,control,6,0,0.0,1,
1001,treatment,14,1,221.1,0,2.0
1001,treatment,9,1,179.8,0,1.0
1002,control,18,1,162.1,0,2.0
1002,control,4,1,175.5,0,3.0
1003,control,7,1,190.7,1,3.0
1003,control,2,1,149.5,1,5.0
1004,control,16,0,0.0,0,
1004,control,10,1,108.2,1,1.0
1004,control,19,0,0.0,1,
1005,control,10,1,172.2,0,4.0
1006,control,15,0,0.0,0,
1006,control,6,1,191.1,0,2.0
1006,control,19,1,85.4,0,1.0
1007,treatment,1,1,154.7,0,3.0
1007,treatment,10,1,256.3,0,2.0
1008,control,12,0,0.0,0,
1008,control,18,0,0.0,0,
1009,treatment,11,1,226.3,0,2.0
1009,treatment,12,1,270.0,0,5.0
1010,treatment,15,1,110.5,1,1.0
1011,control,6,0,0.0,0,
1011,control,1,0,0.0,0,
1011,control,11,1,46.5,0,1.0
1012,control,6,1,188.2,1,2.0
1013,treatment,2,1,132.8,1,1.0
1013,treatment,19,1,178.0,0,1.0
1014,control,21,0,0.0,0,
1015,control,17,0,0.0,1,
1016,treatment,7,0,0.0,0,
1016,treatment,8,0,0.0,1,
1017,treatment,9,1,113.2,0,2.0
1017,treatment,4,0,0.0,1,
1018,control,11,1,158.0,0,2.0
1018,control,11,0,0.0,0,
1019,treatment,2,1,298.2,0,2.0
1019,treatment,16,1,203.4,0,1.0
1020,control,11,0,0.0,0,
1020,control,4,1,154.5,0,4.0
1020,control,2,0,0.0,0,
1021,control,8,1,92.6,0,1.0
1022,control,2,1,167.9,1,4.0
1022,control,18,0,0.0,0,
1022,control,16,0,0.0,1,
1023,treatment,1,1,141.6,0,1.0
1024,treatment,17,1,210.5,0,3.0
1024,treatment,11,0,0.0,0,
1025,treatment,6,1,188.9,0,5.0
1025,treatment,8,0,0.0,0,
1025,treatment,15,0,0.0,0,
1026,treatment,6,1,122.3,0,4.0
1027,treatment,18,1,110.3,0,1.0
1027,treatment,5,0,0.0,0,
1027,treatment,14,1,158.7,1,2.0
1028,control,3,0,0.0,0,
1028,control,4,0,0.0,0,
1029,control,11,0,0.0,0,
1029,control,5,1,160.5,0,2.0
1030,control,11,0,0.0,0,
1031,control,6,0,0.0,0,
1031,control,18,0,0.0,1,
1031,control,16,0,0.0,1,
1032,treatment,21,1,213.2,1,3.0
1033,control,5,0,0.0,0,
1033,control,12,0,0.0,0,
1034,treatment,10,1,132.0,0,1.0
1034,treatment,20,0,0.0,0,
1035,control,6,0,0.0,0,
1035,control,18,1,97.4,0,4.0
1035,control,5,1,75.3,0,3.0
1036,treatment,2,0,0.0,1,
1036,treatment,16,0,0.0,0,
1037,treatment,9,1,208.2,0,1.0
1037,treatment,11,1,207.3,0,1.0
1038,control,16,0,0.0,1,
1039,control,19,1,134.8,0,1.0
1039,control,9,1,153.5,0,1.0
1040,control,4,0,0.0,0,
1040,control,9,1,108.2,0,2.0
1040,control,16,0,0.0,1,
1041,control,3,0,0.0,0,
1042,treatment,18,1,117.3,0,1.0
1043,control,15,0,0.0,0,
1043,control,10,0,0.0,0,
1043,control,9,1,137.5,0,4.0
1044,control,4,0,0.0,0,
1044,control,10,1,205.1,1,1.0
1045,treatment,13,0,0.0,0,
1045,treatment,1,0,0.0,0,
1045,treatment,13,1,252.6,0,1.0
1046,control,3,0,0.0,0,
1046,control,8,0,0.0,1,
1047,control,6,0,0.0,0,
1048,control,17,1,182.2,1,1.0
1048,control,11,0,0.0,1,
1049,control,9,0,0.0,1,
1049,control,5,1,168.3,1,2.0
1049,control,3,1,183.8,0,2.0
1050,control,3,1,123.9,1,1.0
1051,treatment,21,0,0.0,0,
1052,control,11,0,0.0,1,
1052,control,10,0,0.0,1,
1053,control,5,0,0.0,1,
1053,control,14,0,0.0,1,
1053,control,7,1,195.0,0,2.0
1054,control,18,1,127.0,0,5.0
1055,control,13,1,143.2,0,4.0
1056,control,19,0,0.0,0,
1056,control,8,1,170.1,0,2.0
1056,control,21,0,0.0,0,
1057,treatment,1,0,0.0,1,
1057,treatment,20,0,0.0,0,
1057,treatment,4,0,0.0,0,
1058,control,5,0,0.0,1,
1059,treatment,2,0,0.0,1,
1059,treatment,19,1,79.9,0,1.0
1060,treatment,19,0,0.0,0,
1060,treatment,2,0,0.0,0,
1061,control,15,0,0.0,1,
1061,control,13,0,0.0,0,
1061,control,19,0,0.0,0,
1062,control,4,1,209.4,0,1.0
1062,control,12,1,44.6,0,1.0
1062,control,1,1,151.3,0,2.0
1063,control,12,1,199.6,0,1.0
1064,control,11,0,0.0,1,
1064,control,2,1,105.3,0,1.0
1065,treatment,6,0,0.0,0,
1065,treatment,14,1,256.3,1,1.0
1065,treatment,16,1,160.4,0,3.0
1066,control,10,0,0.0,0,
1066,control,10,0,0.0,0,
1067,control,9,0,0.0,0,
1067,control,13,0,0.0,0,
1067,control,5,0,0.0,1,
1068,control,13,1,68.3,1,1.0
1069,control,18,1,296.3,0,2.0
1069,control,13,1,146.3,1,1.0
1069,control,8,0,0.0,1,
1070,control,21,0,0.0,1,
1070,control,20,1,159.8,0,1.0
1070,control,20,0,0.0,0,
1071,control,19,0,0.0,0,
1071,control,6,1,185.2,0,2.0
1071,control,16,0,0.0,0,
1072,treatment,12,0,0.0,1,
1072,treatment,9,0,0.0,0,
1072,treatment,16,0,0.0,0,
1073,treatment,3,0,0.0,0,
1073,treatment,18,1,183.2,1,1.0
1074,control,21,0,0.0,0,
1074,control,17,0,0.0,1,
1074,control,10,0,0.0,1,
1075,control,1,1,237.4,0,3.0
1075,control,8,0,0.0,0,
1076,control,5,0,0.0,1,
1076,control,17,0,0.0,0,
1076,control,2,1,72.9,0,1.0
1077,treatment,4,0,0.0,0,
1077,treatment,6,1,248.4,0,2.0
1078,control,15,0,0.0,0,
1079,treatment,19,0,0.0,0,
1079,treatment,9,0,0.0,0,
1079,treatment,9,0,0.0,0,
1080,control,19,1,5.0,1,1.0
1080,control,19,0,0.0,0,
1081,control,1,0,0.0,1,
1081,control,16,0,0.0,0,
1081,control,12,0,0.0,1,
1082,control,9,1,127.9,0,1.0
1082,control,20,1,196.0,1,1.0
1082,control,10,1,64.2,1,1.0
1083,control,7,0,0.0,0,
1084,treatment,3,1,40.9,0,2.0
1084,treatment,1,0,0.0,0,
1084,treatment,15,1,202.0,0,1.0
1085,treatment,4,1,183.4,0,2.0
1085,treatment,18,0,0.0,0,
1086,control,14,1,161.7,0,4.0
1086,control,17,0,0.0,1,
1086,control,3,1,84.8,1,2.0
1087,control,17,0,0.0,0,
1087,control,21,1,161.6,1,5.0
1088,treatment,8,0,0.0,0,
1088,treatment,4,0,0.0,1,
1089,treatment,3,1,171.4,0,2.0
1090,treatment,7,1,236.4,0,1.0
1090,treatment,12,0,0.0,1,
1091,treatment,10,1,169.2,0,1.0
1091,treatment,16,1,212.2,0,4.0
1092,control,13,1,196.1,0,2.0
1092,control,13,0,0.0,0,
1092,control,1,1,339.3,1,1.0
1093,treatment,4,0,0.0,0,
1094,control,13,1,180.8,1,2.0
1095,treatment,17,0,0.0,0,
1095,treatment,3,1,142.2,0,1.0
1095,treatment,16,0,0.0,0,
1096,treatment,18,0,0.0,0,
1097,treatment,18,1,100.7,0,2.0
1097,treatment,8,0,0.0,0,
1098,treatment,1,0,0.0,1,
1098,treatment,9,0,0.0,0,
1098,treatment,8,1,205.2,0,1.0
1099,treatment,20,1,191.0,0,2.0
1100,control,17,0,0.0,0,
1100,control,18,0,0.0,0,
1100,control,1,0,0.0,1,
1101,control,6,1,106.6,0,1.0
1101,control,16,1,19.5,1,3.0
1101,control,10,0,0.0,0,
1102,treatment,4,0,0.0,1,
1102,treatment,15,1,136.9,0,5.0
1102,treatment,12,1,164.3,0,1.0
1103,treatment,11,0,0.0,0,
1104,control,15,0,0.0,1,
1104,control,3,1,183.5,1,1.0
1105,treatment,7,0,0.0,0,
1106,treatment,2,0,0.0,0,
1107,control,9,0,0.0,1,
1108,treatment,5,1,172.9,1,3.0
1108,treatment,11,0,0.0,0,
1108,treatment,3,1,193.8,0,1.0
1109,treatment,20,0,0.0,0,
1110,control,1,1,106.5,0,1.0
1111,control,21,0,0.0,0,
1111,control,7,1,256.2,1,2.0
1111,control,21,1,29.0,0,3.0
1112,control,5,1,269.6,0,1.0
1112,control,12,1,176.7,0,2.0
1113,treatment,8,0,0.0,1,
1114,control,19,1,33.6,0,4.0
1114,control,19,0,0.0,0,
1114,control,10,0,0.0,0,
1115,control,8,1,95.5,0,1.0
1115,control,17,0,0.0,0,
1116,control,15,0,0.0,0,
1116,control,2,1,124.9,1,1.0
1116,control,9,0,0.0,0,
1117,control,16,0,0.0,0,
1117,control,15,1,157.4,0,3.0
1117,control,19,1,181.5,1,5.0
1118,control,21,0,0.0,0,
1118,control,18,0,0.0,1,
1118,control,5,0,0.0,0,
1119,control,14,0,0.0,0,
1120,treatment,8,1,36.7,0,1.0
1120,treatment,19,1,141.5,0,4.0
1121,treatment,1,1,58.4,0,1.0
1121,treatment,7,1,191.1,1,3.0
1121,treatment,9,1,216.6,0,3.0
1122,control,11,0,0.0,1,
1123,control,5,0,0.0,0,
1124,control,21,0,0.0,0,
1125,treatment,13,1,243.6,0,1.0
1125,treatment,14,1,238.6,1,1.0
1125,treatment,2,1,98.3,1,2.0
1126,treatment,14,1,251.8,1,1.0
1126,treatment,19,1,259.7,0,1.0
1126,treatment,1,0,0.0,0,
1127,treatment,10,1,299.2,0,1.0
1127,treatment,6,1,250.8,1,2.0
1128,treatment,2,1,171.5,0,1.0
1128,treatment,6,1,205.9,0,1.0
1129,treatment,8,1,197.9,0,1.0
1129,treatment,18,1,177.1,0,3.0
1130,treatment,19,0,0.0,0,
1131,treatment,6,1,145.0,0,5.0
1132,treatment,11,1,158.8,0,3.0
1132,treatment,16,1,167.3,1,2.0
1133,treatment,14,1,152.3,0,1.0
1133,treatment,12,1,213.3,1,1.0
1134,control,13,1,229.0,0,1.0
1134,control,8,1,5.0,0,1.0
1134,control,15,0,0.0,1,
1135,control,12,0,0.0,0,
1135,control,18,0,0.0,0,
1136,control,21,1,187.6,1,1.0
1137,control,7,1,232.2,1,2.0
1138,treatment,9,1,166.0,1,2.0
1138,treatment,20,1,294.3,0,1.0
1138,treatment,9,0,0.0,0,
1139,treatment,6,1,152.3,1,3.0
1140,control,18,1,119.3,0,2.0
1140,control,15,0,0.0,0,
1141,treatment,15,0,0.0,0,
1141,treatment,7,1,185.2,0,2.0
1142,control,7,0,0.0,0,
1142,control,4,1,136.9,0,4.0
1143,treatment,7,0,0.0,1,
1143,treatment,5,1,161.5,0,2.0
1143,treatment,12,1,121.9,0,2.0
1144,control,1,0,0.0,0,
1145,treatment,11,1,172.4,0,2.0
1146,treatment,10,1,143.2,0,4.0
1147,control,2,1,163.9,0,1.0
1147,control,5,0,0.0,1,
1147,control,10,0,0.0,0,
1148,treatment,21,1,177.1,1,2.0
1148,treatment,7,1,186.6,0,1.0
1149,control,17,0,0.0,1,
1149,control,10,0,0.0,0,
1150,control,21,1,235.2,1,4.0
1150,control,8,0,0.0,0,
1150,control,17,1,99.5,0,4.0
1151,control,5,0,0.0,0,
1151,control,20,0,0.0,1,
1152,control,13,1,120.6,1,2.0
1152,control,20,1,145.0,0,4.0
1152,control,14,1,215.8,1,3.0
1153,treatment,18,0,0.0,0,
1154,treatment,8,1,224.3,0,1.0
1155,treatment,9,1,230.8,0,2.0
1156,control,4,0,0.0,1,
1156,control,16,0,0.0,1,
1156,control,5,1,156.1,0,4.0
1157,treatment,16,0,0.0,0,
1158,control,19,0,0.0,1,
1158,control,13,0,0.0,0,
1158,control,16,1,104.8,0,2.0
1159,treatment,12,1,136.1,0,1.0
1160,treatment,9,0,0.0,0,
1160,treatment,2,0,0.0,0,
1161,treatment,20,1,88.9,0,3.0
1162,control,2,0,0.0,0,
1162,control,17,1,114.4,1,4.0
1162,control,16,1,64.2,0,1.0
1163,treatment,19,0,0.0,0,
1163,treatment,8,1,180.8,0,2.0
1163,treatment,17,1,248.2,0,1.0
1164,treatment,10,0,0.0,0,
1165,control,17,0,0.0,0,
1165,control,8,1,120.7,1,1.0
1166,treatment,20,1,161.0,0,2.0
1167,control,21,1,5.0,1,2.0
1168,treatment,20,0,0.0,0,
1168,treatment,13,1,119.0,0,4.0
1168,treatment,16,1,267.7,1,1.0
1169,control,4,0,0.0,1,
1170,control,2,0,0.0,0,
1170,control,21,0,0.0,0,
1171,treatment,7,0,0.0,0,
1171,treatment,2,0,0.0,0,
1171,treatment,17,1,74.3,0,1.0
1172,control,15,1,130.7,0,1.0
1172,control,16,1,152.9,0,4.0
1173,control,2,1,190.4,1,3.0
1173,control,16,1,164.9,0,1.0
1174,control,16,0,0.0,0,
1175,control,17,0,0.0,0,
1176,control,13,0,0.0,0,
1176,control,4,1,206.4,1,4.0
1176,control,19,1,46.6,1,1.0
1177,control,19,0,0.0,0,
1177,control,5,0,0.0,1,
1177,control,1,0,0.0,0,
1178,treatment,7,1,149.2,0,2.0
1179,control,12,0,0.0,1,
1180,control,21,1,123.4,0,2.0
1180,control,15,0,0.0,1,
1180,control,5,1,272.1,0,2.0
1181,treatment,14,1,268.5,1,2.0
1182,treatment,12,0,0.0,0,
1182,treatment,13,1,173.4,0,1.0
1183,treatment,19,0,0.0,1,
1183,treatment,17,1,228.0,0,5.0
1183,treatment,15,0,0.0,1,
1184,treatment,17,0,0.0,0,
1184,treatment,9,0,0.0,0,
1184,treatment,1,0,0.0,0,
1185,treatment,15,1,106.0,1,1.0
1186,treatment,3,0,0.0,0,
1186,treatment,1,0,0.0,0,
1186,treatment,7,0,0.0,0,
1187,treatment,11,0,0.0,0,
1187,treatment,3,0,0.0,0,
1188,control,2,0,0.0,0,
1188,control,6,1,190.1,1,1.0
1188,control,14,1,215.6,0,1.0
1189,control,19,0,0.0,0,
1189,control,18,1,141.2,1,3.0
1190,treatment,17,1,183.5,0,2.0
1191,control,10,1,8.5,0,1.0
1191,control,16,0,0.0,1,
1192,control,8,0,0.0,0,
1193,control,18,1,141.1,0,2.0
1193,control,3,0,0.0,1,
1194,treatment,15,0,0.0,1,
1195,treatment,7,1,117.1,0,1.0
1196,control,3,1,141.9,0,1.0
1197,treatment,2,1,136.9,0,1.0
1197,treatment,5,0,0.0,0,
1198,control,21,1,150.9,0,1.0
1198,control,17,1,117.5,1,1.0
1199,control,8,1,207.4,1,1.0
1200,control,13,1,149.7,0,1.0
1200,control,14,1,111.5,1,5.0
1200,control,5,0,0.0,0,
1201,control,5,1,249.5,1,5.0
1201,control,19,0,0.0,1,
1202,treatment,17,0,0.0,0,
1203,treatment,13,1,27.7,0,1.0
1203,treatment,13,0,0.0,0,
1204,treatment,18,1,267.8,0,5.0
1204,treatment,4,0,0.0,0,
1204,treatment,7,0,0.0,0,
1205,control,16,1,259.6,0,1.0
1205,control,7,0,0.0,0,
1205,control,2,0,0.0,0,
1206,treatment,7,0,0.0,0,
1206,treatment,21,1,295.1,0,1.0
1207,control,3,1,277.9,0,2.0
1208,treatment,4,1,220.1,1,3.0
1208,treatment,3,1,220.2,0,3.0
1208,treatment,16,0,0.0,0,
1209,control,20,1,127.9,1,5.0
1209,control,7,0,0.0,1,
1210,control,16,1,193.3,0,1.0
1210,control,3,0,0.0,0,
1211,control,16,0,0.0,1,
1211,control,2,1,162.4,1,3.0
1211,control,7,0,0.0,1,
1212,treatment,16,0,0.0,0,
1212,treatment,16,1,75.5,0,5.0
1213,treatment,15,1,227.1,1,2.0
1213,treatment,15,1,239.5,1,1.0
1214,treatment,14,0,0.0,0,
1215,treatment,6,1,207.0,0,1.0
1215,treatment,2,1,26.6,0,1.0
1215,treatment,10,1,156.9,0,1.0
1216,control,11,1,163.1,0,2.0
1216,control,9,0,0.0,0,
1216,control,4,1,127.4,1,1.0
1217,treatment,20,1,97.7,1,1.0
1218,treatment,9,1,275.7,0,1.0
1219,control,16,1,170.8,0,1.0
1220,control,7,1,129.8,0,1.0
1220,control,19,0,0.0,0,
1220,control,7,1,74.0,0,2.0
1221,control,1,1,96.0,0,1.0
1222,treatment,3,1,64.1,0,1.0
1223,control,4,0,0.0,1,
1223,control,15,0,0.0,0,
1223,control,19,1,95.4,0,1.0
1224,control,13,0,0.0,1,
1224,control,6,1,183.1,0,2.0
1225,control,4,0,0.0,0,
1225,control,8,1,74.6,0,3.0
1225,control,5,0,0.0,0,
1226,treatment,3,0,0.0,0,
1227,control,21,0,0.0,1,
1227,control,10,0,0.0,1,
1227,control,4,0,0.0,1,
1228,treatment,16,0,0.0,1,
1229,treatment,12,1,266.9,0,1.0
1230,control,18,1,66.7,0,1.0
1230,control,9,1,210.0,0,4.0
1231,control,7,1,240.1,0,3.0
1231,control,11,0,0.0,0,
1232,treatment,7,0,0.0,1,
1232,treatment,8,1,157.8,0,1.0
1232,treatment,16,1,172.6,0,1.0
1233,control,7,1,270.5,0,4.0
1234,control,17,0,0.0,1,
1234,control,13,1,220.5,0,1.0
1235,treatment,19,0,0.0,0,
1235,treatment,20,0,0.0,0,
1235,treatment,6,0,0.0,0,
1236,treatment,2,1,144.0,0,2.0
1237,control,8,1,40.4,0,1.0
1237,control,15,0,0.0,0,
1238,treatment,10,0,0.0,0,
1238,treatment,8,0,0.0,0,
1238,treatment,15,0,0.0,1,
1239,control,18,1,103.4,1,2.0
1239,control,17,0,0.0,1,
1239,control,13,0,0.0,0,
1240,control,18,1,157.0,1,3.0
1241,control,9,0,0.0,0,
1241,control,8,1,66.8,0,2.0
1242,treatment,13,0,0.0,0,
1242,treatment,13,1,179.6,1,5.0
1242,treatment,19,0,0.0,1,
1243,control,8,1,125.3,0,1.0
1244,control,15,1,9.9,0,1.0
1245,control,15,0,0.0,0,
1245,control,9,1,131.4,1,3.0
1246,treatment,18,0,0.0,0,
1247,treatment,6,1,188.8,0,4.0
1247,treatment,5,1,151.6,0,4.0
1248,treatment,10,1,156.2,0,1.0
1248,treatment,3,1,187.3,1,1.0
1249,treatment,6,1,195.7,1,4.0
1249,treatment,10,1,183.6,0,3.0
1250,treatment,14,1,233.8,0,5.0
1250,treatment,14,1,191.6,1,1.0
1251,control,1,0,0.0,0,
1251,control,14,0,0.0,0,
1252,treatment,6,1,241.6,0,3.0
1253,treatment,4,1,132.4,0,2.0
1253,treatment,2,0,0.0,0,
1253,treatment,13,0,0.0,0,
1254,treatment,12,1,175.0,0,2.0
1254,treatment,19,0,0.0,0,
1254,treatment,13,1,290.3,0,2.0
1255,control,7,1,169.2,1,3.0
1255,control,6,0,0.0,1,
1255,control,17,1,36.6,0,2.0
1256,treatment,18,1,45.9,1,1.0
1256,treatment,13,0,0.0,1,
1257,treatment,13,1,204.8,0,1.0
1257,treatment,4,0,0.0,0,
1258,control,16,1,148.2,0,2.0
1259,treatment,15,0,0.0,0,
1260,control,19,0,0.0,0,
1260,control,1,0,0.0,1,
1261,control,11,1,113.3,1,1.0
1261,control,13,0,0.0,0,
1261,control,18,0,0.0,1,
1262,control,16,0,0.0,0,
1262,control,10,1,63.0,1,1.0
1262,control,17,1,85.4,1,1.0
1263,control,11,1,92.6,1,3.0
1263,control,3,0,0.0,0,
1263,control,3,1,107.8,1,1.0
1264,control,16,1,202.0,1,2.0
1264,control,9,0,0.0,1,
1264,control,1,1,192.6,0,5.0
1265,treatment,19,1,176.0,1,1.0
1265,treatment,15,1,138.5,0,1.0
1266,control,19,1,227.4,0,5.0
1266,control,9,0,0.0,1,
1267,control,15,0,0.0,0,
1267,control,10,1,138.0,0,1.0
1267,control,13,1,191.0,0,2.0
1268,treatment,14,0,0.0,1,
1268,treatment,8,0,0.0,0,
1269,control,21,1,64.0,0,2.0
1269,control,11,0,0.0,0,
1269,control,14,0,0.0,1,
1270,treatment,19,0,0.0,0,
1270,treatment,17,1,157.0,0,1.0
1270,treatment,6,1,261.0,0,1.0
1271,treatment,15,1,272.3,0,4.0
1271,treatment,9,1,201.1,1,1.0
1271,treatment,16,0,0.0,0,
1272,treatment,15,0,0.0,0,
1273,control,16,0,0.0,1,
1273,control,8,1,59.4,0,5.0
1273,control,3,1,173.6,0,2.0
1274,control,10,1,194.6,0,3.0
1275,control,12,1,117.9,0,3.0
1275,control,13,1,94.7,1,1.0
1275,control,18,0,0.0,1,
1276,treatment,19,1,264.6,1,1.0
1276,treatment,12,1,103.5,0,2.0
1277,control,6,0,0.0,1,
1277,control,10,0,0.0,0,
1277,control,7,1,203.8,0,5.0
1278,control,19,1,158.8,1,1.0
1278,control,9,1,205.2,0,2.0
1278,control,14,0,0.0,0,
1279,control,4,0,0.0,0,
1280,treatment,13,1,224.8,0,1.0
1281,treatment,12,0,0.0,0,
1281,treatment,20,1,180.3,0,1.0
1282,control,14,1,177.8,0,1.0
1282,control,12,1,150.2,0,1.0
1282,control,14,0,0.0,1,
1283,control,14,0,0.0,0,
1283,control,19,0,0.0,1,
1283,control,5,1,118.5,1,2.0
1284,control,9,0,0.0,1,
1284,control,18,0,0.0,0,
1284,control,17,1,101.1,1,2.0
1285,control,20,0,0.0,0,
1286,treatment,6,1,131.7,0,3.0
1286,treatment,1,0,0.0,0,
1286,treatment,19,1,164.3,1,1.0
1287,treatment,3,1,177.5,0,1.0
1287,treatment,12,1,245.9,0,2.0
1288,treatment,16,1,60.3,0,1.0
1288,treatment,18,1,225.5,0,3.0
1288,treatment,7,1,113.3,0,1.0
1289,treatment,3,0,0.0,1,
1290,control,4,1,155.2,1,2.0
1290,control,21,0,0.0,1,
1291,control,2,0,0.0,1,
1292,control,16,0,0.0,1,
1292,control,13,0,0.0,1,
1293,treatment,5,0,0.0,0,
1293,treatment,17,0,0.0,1,
1294,control,17,1,108.9,0,1.0
1295,treatment,21,0,0.0,0,
1295,treatment,3,1,259.3,1,1.0
1295,treatment,3,0,0.0,1,
1296,treatment,3,0,0.0,1,
1296,treatment,4,1,183.0,0,5.0
1296,treatment,21,1,231.5,0,2.0
1297,control,14,0,0.0,0,
1297,control,9,1,124.7,1,5.0
1297,control,7,0,0.0,0,
1298,control,3,0,0.0,1,
1298,control,6,0,0.0,0,
1299,control,2,0,0.0,1,
1299,control,4,1,20.1,1,2.0
1300,treatment,2,1,232.8,0,1.0
1300,treatment,5,1,219.1,0,2.0
1300,treatment,4,0,0.0,1,
1301,control,16,1,162.9,0,3.0
1302,treatment,10,1,153.5,1,5.0
1303,control,9,1,218.5,0,1.0
1303,control,12,0,0.0,0,
1304,treatment,12,0,0.0,1,
1304,treatment,12,1,302.9,0,4.0
1304,treatment,4,0,0.0,0,
1305,treatment,5,0,0.0,1,
1305,treatment,5,1,225.6,0,2.0
1306,control,10,1,157.3,0,3.0
1306,control,13,0,0.0,0,
1307,treatment,16,0,0.0,0,
1307,treatment,8,0,0.0,0,
1307,treatment,21,1,245.0,0,3.0
1308,treatment,19,1,96.8,0,5.0
1308,treatment,20,0,0.0,1,
1308,treatment,21,1,148.6,0,5.0
1309,control,17,0,0.0,1,
1310,treatment,4,0,0.0,0,
1310,treatment,1,0,0.0,0,
1310,treatment,10,0,0.0,0,
1311,control,14,0,0.0,1,
1312,treatment,7,1,209.1,0,1.0
1312,treatment,3,0,0.0,0,
1312,treatment,6,0,0.0,1,
1313,control,11,1,145.2,1,2.0
1314,control,5,0,0.0,0,
1314,control,11,0,0.0,0,
1315,treatment,10,1,316.4,0,1.0
1316,treatment,11,0,0.0,0,
1316,treatment,8,1,236.4,0,1.0
1317,treatment,13,0,0.0,0,
1317,treatment,16,1,109.1,1,4.0
1318,treatment,6,0,0.0,0,
1318,treatment,21,1,193.2,1,2.0
1319,treatment,11,1,219.9,1,1.0
1319,treatment,11,0,0.0,1,
1320,control,7,0,0.0,0,
1321,treatment,15,1,197.6,1,1.0
1322,control,9,1,54.2,1,1.0
1322,control,10,1,167.0,0,3.0
1323,control,9,1,127.9,0,2.0
1323,control,13,1,206.8,0,4.0
1324,treatment,2,0,0.0,1,
1324,treatment,4,0,0.0,0,
1324,treatment,6,1,210.8,0,4.0
1325,control,10,1,100.0,0,3.0
1325,control,5,1,25.9,1,3.0
1325,control,21,0,0.0,0,
1326,control,4,1,82.5,1,1.0
1327,control,9,1,235.8,1,2.0
1327,control,7,0,0.0,0,
1327,control,21,0,0.0,1,
1328,control,6,0,0.0,0,
1328,control,19,1,131.8,1,1.0
1329,treatment,11,0,0.0,0,
1330,control,8,1,209.4,0,2.0
1330,control,17,1,215.3,1,3.0
1331,treatment,2,1,203.7,0,1.0
1331,treatment,10,1,201.5,0,2.0
1332,treatment,19,0,0.0,0,
1332,treatment,7,1,251.3,0,1.0
1332,treatment,5,0,0.0,1,
1333,control,19,0,0.0,0,
1333,control,21,0,0.0,0,
1334,treatment,18,1,285.4,1,3.0
1335,treatment,4,1,178.7,1,1.0
1335,treatment,14,0,0.0,0,
1335,treatment,1,0,0.0,0,
1336,treatment,4,1,184.9,0,1.0
1336,treatment,11,0,0.0,1,
1336,treatment,4,1,178.6,0,1.0
1337,control,1,0,0.0,1,
1337,control,3,1,169.7,0,5.0
1338,treatment,7,1,184.6,1,1.0
1338,treatment,17,1,173.7,0,1.0
1339,treatment,11,1,140.9,0,3.0
1340,treatment,1,1,174.0,0,1.0
1340,treatment,1,0,0.0,1,
1341,control,13,0,0.0,0,
1341,control,12,1,214.7,0,1.0
1342,treatment,9,0,0.0,0,
1342,treatment,10,1,182.8,0,1.0
1342,treatment,21,1,169.2,0,2.0
1343,control,20,0,0.0,1,
1343,control,19,0,0.0,0,
1344,control,6,0,0.0,0,
1345,control,18,1,199.5,0,2.0
1345,control,1,1,119.3,1,5.0
1346,control,17,0,0.0,0,
1347,control,14,0,0.0,0,
1348,control,1,1,235.7,0,3.0
1348,control,9,0,0.0,0,
1348,control,13,1,215.4,1,1.0
1349,treatment,20,1,242.7,1,1.0
1349,treatment,13,1,106.4,0,3.0
1349,treatment,1,1,168.5,0,3.0
1350,control,11,1,218.8,0,3.0
1350,control,5,1,197.4,0,3.0
1350,control,14,1,163.1,0,4.0
1351,treatment,7,0,0.0,0,
1351,treatment,6,0,0.0,0,
1352,treatment,17,1,240.4,0,1.0
1352,treatment,12,0,0.0,0,
1352,treatment,20,1,197.0,0,5.0
1353,control,21,1,155.4,1,1.0
1353,control,17,1,229.9,0,2.0
1353,control,16,0,0.0,1,
1354,treatment,14,1,249.5,1,1.0
1355,treatment,18,0,0.0,0,
1355,treatment,12,0,0.0,0,
1355,treatment,18,1,312.5,0,2.0
1356,treatment,1,1,136.3,0,3.0
1356,treatment,11,1,208.6,0,2.0
1357,treatment,19,0,0.0,1,
1357,treatment,4,0,0.0,0,
1358,control,10,0,0.0,1,
1358,control,12,1,144.2,0,1.0
1359,treatment,7,1,207.3,1,1.0
1359,treatment,18,1,45.2,0,1.0
1360,control,10,1,140.8,0,2.0
1361,treatment,2,1,205.0,1,2.0
1361,treatment,15,0,0.0,1,
1362,treatment,8,1,151.8,0,1.0
1362,treatment,5,0,0.0,0,
1362,treatment,16,0,0.0,0,
1363,control,21,1,115.9,0,4.0
1363,control,4,0,0.0,1,
1364,treatment,17,0,0.0,1,
1364,treatment,4,0,0.0,0,
1364,treatment,16,0,0.0,0,
1365,treatment,19,0,0.0,0,
1366,treatment,6,0,0.0,1,
1367,control,17,0,0.0,0,
1367,control,10,1,171.5,0,1.0
1368,treatment,16,1,52.3,0,1.0
1368,treatment,20,1,136.9,0,1.0
1369,control,9,0,0.0,1,
1369,control,4,0,0.0,0,
1370,treatment,17,1,229.4,0,5.0
1370,treatment,20,1,243.2,0,1.0
1371,control,10,1,120.3,0,4.0
1372,control,16,1,156.3,0,2.0
1373,treatment,7,0,0.0,0,
1373,treatment,9,1,219.9,0,3.0
1374,treatment,19,0,0.0,0,
1374,treatment,2,0,0.0,1,
1375,control,15,0,0.0,0,
1375,control,17,1,154.0,1,2.0
1375,control,2,0,0.0,0,
1376,control,7,1,239.7,0,1.0
1376,control,18,0,0.0,0,
1377,treatment,11,0,0.0,0,
1378,control,17,1,213.3,0,3.0
1378,control,2,1,108.8,0,1.0
1379,treatment,4,1,92.1,0,2.0
1380,treatment,12,0,0.0,0,
1380,treatment,14,0,0.0,0,
1381,treatment,4,1,184.3,1,1.0
1381,treatment,4,1,148.9,0,1.0
1382,treatment,5,0,0.0,0,
1382,treatment,2,1,72.9,0,2.0
1382,treatment,12,1,237.3,1,1.0
1383,control,10,1,172.1,0,2.0
1384,treatment,13,0,0.0,1,
1384,treatment,11,1,192.9,0,1.0
1384,treatment,11,1,195.8,0,2.0
1385,control,2,1,212.7,0,5.0
1386,treatment,5,1,385.7,1,1.0
1386,treatment,13,1,202.8,1,4.0
1387,control,9,1,242.1,0,1.0
1387,control,19,1,46.2,0,2.0
1387,control,7,0,0.0,0,
1388,treatment,14,0,0.0,0,
1388,treatment,3,0,0.0,0,
1389,control,10,0,0.0,0,
1390,control,10,0,0.0,0,
1390,control,18,1,103.4,0,3.0
1390,control,17,1,333.9,1,1.0
1391,treatment,19,0,0.0,1,
1391,treatment,20,0,0.0,1,
1391,treatment,5,1,124.6,0,1.0
1392,treatment,16,1,137.9,0,3.0
1392,treatment,2,1,277.8,0,2.0
1393,treatment,20,1,164.2,1,3.0
1393,treatment,6,0,0.0,0,
1394,treatment,5,1,209.5,0,2.0
1394,treatment,21,0,0.0,1,
1394,treatment,15,0,0.0,0,
1395,control,8,1,189.1,0,2.0
1395,control,16,1,152.6,1,5.0
1396,treatment,19,1,147.4,0,1.0
1397,control,2,0,0.0,1,
1397,control,7,1,199.6,0,1.0
1398,control,15,1,290.0,0,2.0
1398,control,16,1,174.2,1,5.0
1398,control,11,1,210.7,0,5.0
1399,treatment,7,1,320.1,0,1.0
1399,treatment,10,0,0.0,0,
1400,control,8,0,0.0,0,
1400,control,6,1,123.9,0,1.0
1400,control,18,1,85.0,1,1.0
1401,control,21,1,122.3,1,1.0
1401,control,11,0,0.0,1,
1401,control,5,1,154.2,1,3.0
1402,control,2,1,195.4,0,1.0
1402,control,20,0,0.0,0,
1403,control,17,0,0.0,1,
1403,control,2,0,0.0,0,
1403,control,11,0,0.0,0,
1404,treatment,7,0,0.0,0,
1405,treatment,12,1,172.0,1,2.0
1405,treatment,15,0,0.0,0,
1405,treatment,21,0,0.0,1,
1406,treatment,18,0,0.0,1,
1407,treatment,2,1,193.2,1,2.0
1408,control,15,1,139.9,1,4.0
1408,control,12,1,184.5,0,5.0
1408,control,3,1,71.9,1,5.0
1409,control,9,0,0.0,1,
1409,control,19,0,0.0,1,
1409,control,20,0,0.0,1,
1410,treatment,16,1,215.0,1,1.0
1411,treatment,20,1,160.4,0,1.0
1411,treatment,12,0,0.0,1,
1411,treatment,16,0,0.0,0,
1412,treatment,11,0,0.0,1,
1412,treatment,7,1,197.7,1,1.0
1412,treatment,11,0,0.0,1,
1413,control,7,0,0.0,0,
1414,treatment,15,1,304.9,0,2.0
1414,treatment,4,1,252.9,0,1.0
1415,treatment,8,0,0.0,1,
1416,treatment,5,1,224.5,0,3.0
1417,control,11,1,256.1,1,2.0
1417,control,5,1,170.9,0,3.0
1418,control,13,1,153.3,0,2.0
1418,control,14,1,201.7,0,2.0
1418,control,1,0,0.0,1,
1419,control,12,1,165.6,0,5.0
1419,control,14,0,0.0,0,
1419,control,20,0,0.0,1,
1420,control,20,0,0.0,1,
1420,control,3,1,229.1,1,2.0
1420,control,9,1,236.2,1,3.0
1421,control,17,1,194.4,1,1.0
1421,control,16,0,0.0,0,
1422,control,18,1,280.7,0,2.0
1422,control,17,0,0.0,0,
1423,control,16,0,0.0,1,
1423,control,3,0,0.0,0,
1423,control,2,1,127.3,1,2.0
1424,control,18,1,82.6,0,1.0
1424,control,3,0,0.0,1,
1424,control,6,1,250.1,0,3.0
1425,treatment,7,1,256.7,1,1.0
1425,treatment,7,1,157.6,1,5.0
1425,treatment,9,1,224.0,0,1.0
1426,treatment,17,1,173.9,0,5.0
1426,treatment,19,1,141.4,1,2.0
1426,treatment,15,1,246.7,0,1.0
1427,control,19,1,88.1,0,2.0
1427,control,3,1,172.7,0,2.0
1428,control,11,0,0.0,0,
1429,treatment,16,0,0.0,0,
1430,control,19,1,115.3,0,1.0
1431,control,11,0,0.0,1,
1431,control,17,0,0.0,0,
1431,control,21,0,0.0,0,
1432,control,16,0,0.0,0,
1433,treatment,18,0,0.0,0,
1433,treatment,17,1,308.1,0,5.0
1434,treatment,5,1,223.2,1,1.0
1435,treatment,7,0,0.0,0,
1435,treatment,18,1,211.3,1,2.0
1435,treatment,12,1,137.0,1,1.0
1436,treatment,3,1,143.5,1,2.0
1437,treatment,5,1,202.1,0,1.0
1437,treatment,16,0,0.0,0,
1438,control,4,1,169.5,1,1.0
1438,control,13,0,0.0,0,
1438,control,7,0,0.0,0,
1439,treatment,7,0,0.0,1,
1439,treatment,2,1,125.7,0,1.0
1439,treatment,11,1,173.4,0,2.0
1440,control,18,0,0.0,1,
1440,control,4,1,200.0,0,1.0
1440,control,17,0,0.0,1,
1441,control,20,1,135.8,0,1.0
1441,control,14,0,0.0,0,
1441,control,7,0,0.0,0,
1442,treatment,6,1,257.1,0,1.0
1443,treatment,20,1,151.6,0,1.0
1443,treatment,2,0,0.0,0,
1443,treatment,18,0,0.0,0,
1444,control,5,1,173.3,1,2.0
1444,control,17,0,0.0,1,
1444,control,10,0,0.0,0,
1445,control,10,0,0.0,0,
1445,control,5,1,222.8,1,2.0
1446,control,18,1,137.1,0,1.0
1447,treatment,5,1,232.0,0,3.0
1447,treatment,6,0,0.0,0,
1447,treatment,11,1,221.8,0,4.0
1448,treatment,6,0,0.0,0,
1448,treatment,19,1,268.3,0,2.0
1448,treatment,3,0,0.0,0,
1449,treatment,12,0,0.0,0,
1449,treatment,20,0,0.0,0,
1450,treatment,10,0,0.0,0,
1450,treatment,5,1,67.3,1,3.0
1450,treatment,16,0,0.0,0,
1451,treatment,10,1,36.5,1,1.0
1451,treatment,3,0,0.0,0,
1452,control,4,1,111.2,0,1.0
1453,treatment,14,1,142.9,1,1.0
1453,treatment,16,1,127.2,0,1.0
1453,treatment,10,1,155.8,1,1.0
1454,control,7,1,196.2,1,4.0
1454,control,19,0,0.0,1,
1455,control,17,1,101.7,0,5.0
1455,control,18,0,0.0,1,
1456,control,3,1,254.9,0,1.0
1456,control,3,0,0.0,0,
1457,treatment,19,1,97.6,0,1.0
1457,treatment,14,0,0.0,0,
1458,treatment,12,0,0.0,0,
1458,treatment,6,1,202.7,1,2.0
1459,treatment,11,1,168.2,1,3.0
1459,treatment,19,0,0.0,0,
1460,control,12,0,0.0,0,
1460,control,18,1,120.2,0,1.0
1461,control,20,1,263.4,0,1.0
1461,control,10,1,208.0,0,1.0
1461,control,9,0,0.0,0,
1462,control,11,1,67.7,0,5.0
1462,control,6,1,132.6,0,1.0
1462,control,8,0,0.0,0,
1463,control,20,0,0.0,1,
1463,control,3,1,28.7,1,1.0
1464,control,9,0,0.0,0,
1465,control,1,1,5.0,0,2.0
1465,control,13,0,0.0,0,
1466,treatment,14,1,304.2,0,2.0
1466,treatment,15,0,0.0,0,
1467,treatment,2,1,136.8,0,2.0
1468,treatment,18,0,0.0,0,
1468,treatment,17,1,169.9,0,2.0
1469,treatment,20,0,0.0,0,
1469,treatment,10,1,182.7,0,1.0
1470,control,17,1,153.8,0,2.0
1471,control,1,1,88.9,0,1.0
1471,control,11,0,0.0,0,
1471,control,20,1,100.7,0,4.0
1472,treatment,5,1,165.7,0,4.0
1473,control,21,0,0.0,1,
1473,control,19,1,97.3,1,4.0
1473,control,14,0,0.0,1,
1474,treatment,9,0,0.0,0,
1474,treatment,4,0,0.0,1,
1474,treatment,1,0,0.0,0,
1475,treatment,12,1,196.5,1,2.0
1475,treatment,3,0,0.0,1,
1476,treatment,5,1,150.8,0,2.0
1476,treatment,16,1,141.7,0,3.0
1476,treatment,4,1,221.7,0,3.0
1477,control,3,1,151.2,0,1.0
1477,control,1,0,0.0,0,
1478,treatment,3,1,115.9,0,3.0
1479,treatment,10,0,0.0,0,
1480,treatment,6,0,0.0,1,
1480,treatment,16,0,0.0,0,
1481,control,10,1,111.3,1,5.0
1481,control,20,0,0.0,0,
1482,control,6,1,101.0,0,2.0
1483,treatment,19,1,177.2,1,1.0
1483,treatment,16,1,101.6,0,1.0
1484,control,19,1,112.6,1,1.0
1485,control,1,1,202.4,1,1.0
1486,control,18,0,0.0,1,
1486,control,1,0,0.0,1,
1487,control,20,1,176.7,1,2.0
1488,control,21,0,0.0,0,
1489,control,3,0,0.0,0,
1490,control,1,1,114.5,1,1.0
1490,control,18,1,156.1,0,1.0
1490,control,13,0,0.0,0,
1491,control,14,0,0.0,0,
1492,control,7,1,163.8,1,2.0
1492,control,8,1,133.9,1,2.0
1493,control,8,1,97.6,0,1.0
1493,control,18,0,0.0,1,
1493,control,3,1,93.8,0,1.0
1494,treatment,8,0,0.0,1,
1494,treatment,10,1,100.2,0,1.0
1494,treatment,21,1,188.0,0,1.0
1495,treatment,1,1,111.2,0,2.0
1495,treatment,8,0,0.0,1,
1495,treatment,20,1,155.0,0,5.0
1496,control,8,0,0.0,0,
1497,treatment,5,1,239.5,0,1.0
1498,treatment,9,1,227.1,1,3.0
1498,treatment,16,1,231.6,0,1.0
1498,treatment,7,1,214.8,1,1.0
1499,control,20,1,202.8,1,4.0
1499,control,3,0,0.0,1,
1499,control,1,0,0.0,1,
1500,control,21,1,192.7,0,1.0
1500,control,16,1,177.2,0,1.0
1500,control,8,1,147.2,0,1.0
1501,control,15,0,0.0,0,
1501,control,14,0,0.0,1,
1502,treatment,16,1,154.6,0,2.0
1502,treatment,12,0,0.0,1,
1503,treatment,5,1,301.8,1,1.0
1503,treatment,3,1,139.7,0,1.0
1504,control,17,1,114.7,0,3.0
1504,control,8,1,119.2,0,1.0
1504,control,14,0,0.0,0,
1505,control,15,0,0.0,0,
1505,control,18,1,244.6,1,2.0
1505,control,15,1,232.5,0,2.0
1506,control,14,1,218.3,1,1.0
1506,control,19,1,16.4,0,3.0
1507,treatment,21,1,148.2,1,5.0
1507,treatment,6,1,173.5,0,1.0
1508,treatment,9,1,206.1,1,3.0
1509,treatment,17,1,148.1,0,1.0
1509,treatment,11,0,0.0,1,
1509,treatment,15,0,0.0,0,
1510,treatment,2,0,0.0,1,
1510,treatment,19,1,227.9,0,1.0
1511,control,13,0,0.0,0,
1511,control,21,0,0.0,0,
1511,control,7,0,0.0,0,
1512,control,6,0,0.0,1,
1513,control,11,0,0.0,1,
1513,control,15,1,135.8,0,3.0
1514,control,9,1,213.5,1,2.0
1514,control,2,0,0.0,1,
1514,control,1,1,131.2,1,3.0
1515,treatment,5,1,124.3,0,3.0
1515,treatment,19,1,213.8,0,2.0
1516,treatment,1,1,191.5,0,1.0
1516,treatment,9,0,0.0,0,
1516,treatment,21,1,275.5,1,1.0
1517,control,4,0,0.0,0,
1517,control,4,0,0.0,0,
1517,control,9,0,0.0,0,
1518,control,10,0,0.0,0,
1519,treatment,17,0,0.0,0,
1519,treatment,7,1,164.9,1,1.0
1520,control,7,0,0.0,0,
1520,control,6,0,0.0,0,
1520,control,5,1,72.1,0,1.0
1521,treatment,11,0,0.0,0,
1521,treatment,5,0,0.0,1,
1521,treatment,8,1,267.3,0,1.0
1522,control,1,0,0.0,0,
1522,control,9,1,251.0,0,3.0
1522,control,14,0,0.0,0,
1523,control,17,0,0.0,1,
1523,control,20,0,0.0,0,
1524,control,2,0,0.0,0,
1524,control,5,1,142.8,1,4.0
1524,control,14,0,0.0,0,
1525,control,2,0,0.0,1,
1526,control,7,1,209.4,1,3.0
1526,control,1,1,174.4,1,4.0
1527,control,4,0,0.0,0,
1527,control,21,1,142.5,1,3.0
1527,control,20,1,139.1,0,2.0
1528,control,4,1,206.9,1,5.0
1528,control,12,1,186.4,0,4.0
1528,control,15,0,0.0,1,
1529,treatment,19,1,115.4,0,4.0
1530,treatment,13,0,0.0,0,
1530,treatment,9,0,0.0,1,
1531,treatment,8,1,141.0,0,5.0
1531,treatment,16,1,100.4,0,1.0
1531,treatment,16,1,64.5,0,1.0
1532,treatment,18,1,171.6,0,1.0
1532,treatment,20,1,279.7,0,1.0
1532,treatment,2,1,182.3,0,1.0
1533,treatment,6,1,194.8,0,2.0
1533,treatment,21,0,0.0,0,
1533,treatment,6,1,196.3,0,1.0
1534,control,20,1,232.0,1,1.0
1535,control,21,0,0.0,0,
1535,control,12,1,174.5,1,1.0
1535,control,14,0,0.0,1,
1536,treatment,13,1,265.5,0,2.0
1537,control,16,0,0.0,1,
1537,control,6,0,0.0,0,
1537,control,17,0,0.0,0,
1538,treatment,21,0,0.0,1,
1538,treatment,5,0,0.0,0,
1539,treatment,20,0,0.0,0,
1539,treatment,3,1,131.2,0,4.0
1539,treatment,4,0,0.0,0,
1540,control,10,0,0.0,0,
1540,control,14,0,0.0,1,
1541,control,15,0,0.0,0,
1541,control,16,0,0.0,0,
1542,control,5,0,0.0,1,
1542,control,1,1,148.2,0,2.0
1542,control,19,1,177.3,0,4.0
1543,treatment,6,0,0.0,0,
1543,treatment,3,0,0.0,0,
1543,treatment,3,0,0.0,1,
1544,control,18,1,112.9,0,1.0
1545,treatment,7,1,220.8,0,1.0
1545,treatment,12,0,0.0,0,
1546,treatment,13,0,0.0,1,
1546,treatment,5,1,168.1,0,4.0
1546,treatment,2,1,173.5,0,1.0
1547,treatment,13,1,238.2,0,2.0
1547,treatment,11,1,103.6,0,5.0
1547,treatment,7,0,0.0,0,
1548,control,18,1,5.0,1,2.0
1548,control,1,0,0.0,0,
1548,control,5,1,103.1,1,3.0
1549,control,15,1,131.4,0,3.0
1549,control,3,1,130.5,1,1.0
1550,treatment,11,1,156.4,0,3.0
1550,treatment,3,1,166.5,1,2.0
1550,treatment,11,1,174.4,0,1.0
1551,control,10,0,0.0,1,
1552,control,19,1,198.2,1,2.0
1552,control,6,0,0.0,0,
1552,control,2,0,0.0,1,
1553,control,4,0,0.0,0,
1553,control,17,0,0.0,0,
1554,treatment,20,0,0.0,1,
1555,treatment,6,1,130.4,0,2.0
1555,treatment,15,0,0.0,0,
1555,treatment,4,1,136.4,0,1.0
1556,control,17,1,136.1,1,3.0
1556,control,16,1,139.4,1,2.0
1556,control,9,0,0.0,0,
1557,treatment,12,0,0.0,0,
1557,treatment,8,0,0.0,1,
1557,treatment,13,1,243.7,1,1.0
1558,control,13,0,0.0,1,
1559,control,20,1,231.7,0,1.0
1559,control,5,1,81.3,1,2.0
1559,control,4,1,75.5,0,2.0
1560,control,15,1,193.0,0,1.0
1560,control,20,0,0.0,1,
1560,control,10,1,98.2,0,1.0
1561,control,19,1,105.4,1,1.0
1562,treatment,19,1,210.9,0,2.0
1562,treatment,2,1,199.6,1,2.0
1563,treatment,20,0,0.0,0,
1563,treatment,11,1,261.7,0,1.0
1563,treatment,4,1,165.0,1,1.0
1564,treatment,12,0,0.0,1,
1565,control,13,1,231.7,1,1.0
1566,control,19,1,63.9,0,5.0
1566,control,2,0,0.0,0,
1566,control,21,1,63.3,0,1.0
1567,control,1,0,0.0,1,
1568,treatment,8,1,136.6,0,1.0
1568,treatment,21,0,0.0,0,
1569,control,12,1,176.4,1,3.0
1569,control,21,0,0.0,0,
1570,treatment,21,1,114.7,1,2.0
1570,treatment,8,1,179.9,0,4.0
1570,treatment,9,1,99.9,0,3.0
1571,treatment,9,1,140.4,1,2.0
1571,treatment,6,1,147.1,0,2.0
1572,treatment,21,0,0.0,0,
1573,treatment,18,1,314.5,0,1.0
1574,treatment,13,1,312.5,0,4.0
1575,treatment,8,1,187.5,0,1.0
1575,treatment,7,1,142.7,0,3.0
1576,control,20,1,242.1,0,2.0
1576,control,13,0,0.0,1,
1576,control,18,1,123.6,1,1.0
1577,control,9,1,218.1,1,2.0
1578,treatment,20,0,0.0,1,
1578,treatment,19,1,185.1,0,1.0
1578,treatment,1,1,97.1,0,2.0
1579,treatment,12,0,0.0,1,
1579,treatment,14,1,167.6,0,2.0
1579,treatment,17,0,0.0,0,
1580,control,8,0,0.0,0,
1580,control,3,1,168.8,0,2.0
1581,treatment,1,0,0.0,0,
1581,treatment,2,0,0.0,0,
1581,treatment,12,0,0.0,0,
1582,treatment,20,1,229.7,0,1.0
1582,treatment,17,0,0.0,0,
1582,treatment,13,1,228.1,0,1.0
1583,control,13,0,0.0,0,
1583,control,5,1,207.1,0,2.0
1583,control,20,0,0.0,0,
1584,treatment,16,1,97.6,1,1.0
1584,treatment,13,0,0.0,0,
1584,treatment,12,1,219.9,0,1.0
1585,treatment,2,1,139.8,0,1.0
1585,treatment,5,1,271.8,0,2.0
1586,treatment,18,1,294.6,0,2.0
1587,control,10,1,215.8,0,2.0
1587,control,12,1,84.1,0,1.0
1587,control,6,0,0.0,0,
1588,control,6,1,90.0,0,2.0
1588,control,14,1,212.6,0,1.0
1588,control,14,0,0.0,0,
1589,control,8,0,0.0,0,
1589,control,1,1,189.9,1,1.0
1590,treatment,19,0,0.0,1,
1591,treatment,19,0,0.0,0,
1591,treatment,20,1,124.5,0,2.0
1591,treatment,17,0,0.0,1,
1592,control,18,1,219.8,0,2.0
1592,control,13,1,141.2,0,4.0
1592,control,13,0,0.0,1,
1593,treatment,15,0,0.0,1,
1593,treatment,21,0,0.0,0,
1593,treatment,1,0,0.0,1,
1594,treatment,3,0,0.0,0,
1594,treatment,14,0,0.0,0,
1594,treatment,4,1,232.5,0,3.0
1595,treatment,21,1,128.0,0,3.0
1595,treatment,9,1,170.4,1,5.0
1596,treatment,21,1,148.9,0,3.0
1597,treatment,8,0,0.0,1,
1597,treatment,11,0,0.0,0,
1598,control,19,1,163.3,0,3.0
1599,treatment,16,0,0.0,1,
1599,treatment,2,1,224.7,0,2.0
1600,control,19,1,264.1,0,1.0
1601,treatment,18,1,148.0,0,3.0
1602,control,12,0,0.0,0,
1602,control,19,1,242.1,0,1.0
1603,treatment,17,0,0.0,0,
1603,treatment,6,1,215.0,0,3.0
1603,treatment,7,0,0.0,1,
1604,control,14,0,0.0,1,
1604,control,8,1,122.3,0,1.0
1604,control,14,1,93.2,0,5.0
1605,treatment,2,1,263.0,0,5.0
1605,treatment,10,1,208.4,0,1.0
1605,treatment,2,1,231.8,0,1.0
1606,control,10,1,70.2,1,1.0
1606,control,3,1,176.2,0,1.0
1607,treatment,9,1,186.9,0,1.0
1607,treatment,9,1,235.3,0,2.0
1607,treatment,9,1,172.2,0,1.0
1608,control,4,0,0.0,1,
1609,treatment,21,1,214.0,0,4.0
1610,control,13,0,0.0,0,
1610,control,17,1,142.2,1,2.0
1611,control,20,1,141.0,0,3.0
1612,treatment,19,0,0.0,0,
1613,treatment,20,1,113.1,0,5.0
1614,control,16,0,0.0,0,
1615,treatment,17,1,49.7,0,3.0
1615,treatment,19,0,0.0,1,
1615,treatment,3,0,0.0,0,
1616,control,18,0,0.0,0,
1616,control,14,0,0.0,0,
1617,control,18,0,0.0,0,
1617,control,10,0,0.0,1,
1618,control,17,0,0.0,1,
1618,control,2,1,219.4,0,2.0
1619,treatment,18,0,0.0,0,
1619,treatment,3,0,0.0,0,
1619,treatment,15,1,166.3,0,5.0
1620,control,6,1,51.8,0,1.0
1620,control,13,0,0.0,0,
1621,control,12,1,178.8,0,2.0
1621,control,1,0,0.0,0,
1621,control,9,1,244.6,0,2.0
1622,treatment,11,0,0.0,1,
1622,treatment,6,0,0.0,0,
1623,treatment,3,0,0.0,0,
1623,treatment,17,0,0.0,0,
1624,treatment,9,1,216.6,0,5.0
1624,treatment,8,1,278.4,0,1.0
1624,treatment,2,0,0.0,0,
1625,treatment,18,0,0.0,0,
1625,treatment,11,0,0.0,1,
1626,control,6,0,0.0,0,
1626,control,14,0,0.0,0,
1627,control,3,1,164.0,0,1.0
1628,control,8,1,113.2,0,3.0
1628,control,11,1,131.8,1,3.0
1629,control,15,0,0.0,0,
1630,treatment,17,1,125.4,0,4.0
1630,treatment,16,0,0.0,0,
1630,treatment,12,0,0.0,1,
1631,control,17,0,0.0,0,
1631,control,17,1,83.6,0,4.0
1632,control,10,1,77.7,0,5.0
1633,treatment,11,1,210.5,1,1.0
1633,treatment,10,0,0.0,0,
1634,control,3,0,0.0,1,
1635,control,11,0,0.0,1,
1635,control,8,0,0.0,0,
1635,control,5,1,106.7,1,1.0
1636,control,5,1,191.9,0,5.0
1636,control,12,0,0.0,0,
1637,control,5,0,0.0,1,
1637,control,18,1,119.6,0,2.0
1638,control,17,0,0.0,0,
1639,control,15,1,113.2,0,1.0
1639,control,2,0,0.0,1,
1640,treatment,7,0,0.0,0,
1640,treatment,16,1,175.8,0,4.0
1640,treatment,12,1,234.1,0,5.0
1641,treatment,18,1,257.1,1,1.0
1641,treatment,6,0,0.0,1,
1642,control,1,0,0.0,1,
1642,control,18,0,0.0,0,
1642,control,13,0,0.0,1,
1643,control,15,0,0.0,0,
1643,control,18,0,0.0,0,
1643,control,20,0,0.0,0,
1644,treatment,13,1,182.1,0,1.0
1644,treatment,8,0,0.0,0,
1645,control,18,1,158.3,1,2.0
1646,control,4,0,0.0,0,
1646,control,18,1,180.1,1,1.0
1647,control,11,0,0.0,0,
1647,control,3,1,196.5,0,2.0
1647,control,11,0,0.0,0,
1648,treatment,16,1,238.1,1,2.0
1649,control,14,0,0.0,1,
1649,control,20,0,0.0,1,
1649,control,11,1,22.6,1,1.0
1650,treatment,15,1,236.6,0,2.0
1650,treatment,11,1,209.1,0,1.0
1651,control,17,0,0.0,0,
1651,control,8,1,146.5,0,3.0
1651,control,14,1,135.6,1,1.0
1652,treatment,16,1,147.3,0,1.0
1652,treatment,11,1,291.2,1,5.0
1653,treatment,8,0,0.0,1,
1654,control,5,0,0.0,1,
1654,control,5,1,195.3,0,2.0
1654,control,10,0,0.0,0,
1655,treatment,2,1,211.7,0,1.0
1655,treatment,4,0,0.0,1,
1656,control,5,1,154.5,1,1.0
1656,control,8,1,110.7,0,2.0
1657,treatment,9,1,173.3,0,1.0
1658,control,10,1,206.2,1,1.0
1659,control,19,0,0.0,1,
1659,control,12,1,82.5,0,2.0
1660,treatment,7,0,0.0,0,
1660,treatment,5,0,0.0,1,
1660,treatment,19,1,150.3,0,1.0
1661,control,9,1,159.9,1,1.0
1661,control,13,1,276.8,0,1.0
1662,control,6,0,0.0,1,
1662,control,13,0,0.0,0,
1663,treatment,9,1,225.7,1,1.0
1663,treatment,15,1,254.0,1,1.0
1664,control,5,0,0.0,0,
1664,control,2,0,0.0,0,
1665,control,7,0,0.0,0,
1665,control,1,1,72.6,1,3.0
1666,treatment,9,0,0.0,1,
1667,treatment,7,0,0.0,0,
1667,treatment,17,0,0.0,0,
1667,treatment,1,0,0.0,0,
1668,control,7,0,0.0,0,
1669,control,4,1,189.8,1,5.0
1669,control,9,1,160.8,0,1.0
1670,treatment,5,1,257.1,1,5.0
1670,treatment,6,0,0.0,0,
1671,treatment,2,0,0.0,0,
1671,treatment,21,1,167.8,0,3.0
1671,treatment,16,0,0.0,0,
1672,control,7,1,125.8,0,1.0
1673,treatment,3,0,0.0,1,
1674,control,7,0,0.0,0,
1674,control,2,0,0.0,0,
1675,control,4,1,183.4,0,1.0
1676,control,12,1,110.1,0,1.0
1677,control,7,1,88.2,0,5.0
1677,control,12,1,226.6,0,1.0
1677,control,4,0,0.0,0,
1678,control,18,0,0.0,1,
1678,control,13,1,138.6,1,2.0
1679,treatment,12,0,0.0,0,
1680,treatment,17,1,182.1,1,3.0
1680,treatment,7,0,0.0,1,
1681,treatment,12,0,0.0,0,
1681,treatment,14,0,0.0,0,
1682,treatment,21,0,0.0,1,
1683,control,17,1,216.4,0,1.0
1683,control,14,0,0.0,0,
1684,control,4,0,0.0,0,
1685,control,9,0,0.0,1,
1686,control,3,1,154.7,0,2.0
1686,control,19,0,0.0,0,
1687,treatment,4,0,0.0,1,
1687,treatment,13,0,0.0,0,
1688,control,11,0,0.0,0,
1688,control,1,0,0.0,1,
1688,control,16,1,282.8,0,1.0
1689,control,7,1,153.4,1,2.0
1689,control,2,0,0.0,0,
1689,control,1,0,0.0,0,
1690,treatment,12,0,0.0,1,
1690,treatment,13,1,164.0,1,2.0
1690,treatment,4,0,0.0,0,
1691,treatment,13,1,140.2,0,2.0
1692,treatment,2,1,176.6,0,3.0
1693,treatment,7,0,0.0,1,
1693,treatment,11,1,150.8,0,2.0
1694,control,2,0,0.0,0,
1694,control,8,0,0.0,1,
1694,control,16,1,66.5,0,2.0
1695,control,3,1,169.9,1,1.0
1695,control,12,0,0.0,0,
1696,treatment,18,0,0.0,1,
1697,control,10,1,48.2,1,2.0
1697,control,7,0,0.0,0,
1697,control,21,0,0.0,0,
1698,control,3,0,0.0,0,
1699,control,12,0,0.0,0,
1699,control,12,1,171.5,0,5.0
1699,control,12,0,0.0,0,
1700,treatment,16,1,279.1,0,1.0
1701,control,3,0,0.0,0,
1701,control,13,0,0.0,0,
1702,treatment,12,1,172.8,0,1.0
1702,treatment,7,0,0.0,0,
1703,control,13,0,0.0,1,
1703,control,19,1,76.5,0,1.0
1704,control,16,0,0.0,1,
1705,control,10,1,69.9,1,1.0
1705,control,4,1,240.5,0,2.0
1706,treatment,18,1,165.1,0,2.0
1706,treatment,21,1,205.8,0,1.0
1707,control,15,0,0.0,1,
1707,control,2,0,0.0,0,
1708,treatment,9,1,162.6,1,1.0
1708,treatment,2,1,270.4,1,2.0
1708,treatment,16,1,169.7,0,5.0
1709,treatment,3,1,261.5,0,2.0
1709,treatment,12,1,137.2,0,1.0
1709,treatment,1,1,232.3,0,1.0
1710,treatment,16,0,0.0,0,
1711,control,9,1,113.6,0,2.0
1711,control,11,0,0.0,0,
1712,control,1,1,80.9,0,4.0
1712,control,19,1,84.9,1,2.0
1713,control,17,1,31.9,1,2.0
1713,control,3,1,74.2,1,2.0
1714,control,5,0,0.0,1,
1715,treatment,8,1,119.0,0,1.0
1715,treatment,15,1,140.8,0,2.0
1716,treatment,2,1,221.7,1,1.0
1716,treatment,18,1,94.3,0,3.0
1717,treatment,4,1,275.9,0,2.0
1717,treatment,13,0,0.0,0,
1717,treatment,18,0,0.0,0,
1718,control,7,1,110.1,1,2.0
1718,control,14,1,171.3,0,2.0
1719,treatment,4,1,250.2,0,1.0
1719,treatment,7,0,0.0,0,
1720,control,21,0,0.0,0,
1720,control,15,0,0.0,1,
1721,treatment,14,1,219.2,0,1.0
1721,treatment,13,1,230.3,0,1.0
1721,treatment,1,0,0.0,0,
1722,control,13,0,0.0,0,
1723,control,8,0,0.0,0,
1724,treatment,5,0,0.0,0,
1724,treatment,13,0,0.0,0,
1725,treatment,5,0,0.0,0,
1725,treatment,12,1,92.9,0,1.0
1726,treatment,21,1,116.2,0,1.0
1727,treatment,21,1,164.2,0,3.0
1727,treatment,2,1,216.6,0,2.0
1727,treatment,10,0,0.0,0,
1728,control,15,0,0.0,1,
1728,control,20,1,195.4,0,3.0
1729,treatment,12,1,196.8,0,2.0
1730,treatment,3,1,109.4,0,1.0
1730,treatment,1,1,207.8,0,1.0
1730,treatment,4,1,186.2,0,5.0
1731,treatment,18,1,254.7,0,2.0
1732,control,3,1,106.3,0,1.0
1732,control,8,1,71.4,0,2.0
1732,control,20,1,55.7,1,3.0
1733,control,11,0,0.0,0,
1733,control,7,0,0.0,0,
1733,control,3,0,0.0,0,
1734,treatment,4,0,0.0,0,
1735,control,17,0,0.0,0,
1735,control,6,1,161.3,0,1.0
1736,treatment,7,1,154.9,0,2.0
1736,treatment,12,0,0.0,0,
1736,treatment,10,1,127.6,1,4.0
1737,control,10,1,134.9,0,4.0
1737,control,16,0,0.0,0,
1737,control,16,0,0.0,1,
1738,control,18,1,220.5,1,1.0
1738,control,2,1,172.3,0,5.0
1739,control,18,1,79.8,1,1.0
1739,control,14,0,0.0,1,
1739,control,14,0,0.0,1,
1740,control,21,0,0.0,0,
1741,treatment,3,1,227.8,1,1.0
1742,treatment,12,0,0.0,1,
1743,treatment,8,1,217.6,0,1.0
1743,treatment,17,1,8.3,0,1.0
1743,treatment,1,1,203.1,0,4.0
1744,control,8,1,135.9,1,4.0
1745,treatment,15,0,0.0,0,
1746,treatment,6,1,235.7,0,3.0
1746,treatment,14,1,79.6,1,1.0
1746,treatment,16,1,213.4,0,1.0
1747,treatment,21,1,217.5,0,2.0
1747,treatment,17,0,0.0,0,
1747,treatment,13,1,181.8,0,1.0
1748,control,6,0,0.0,1,
1748,control,3,1,196.7,1,1.0
1749,control,3,1,64.4,1,3.0
1749,control,19,1,107.2,0,3.0
1750,control,20,1,121.3,1,3.0
1750,control,4,1,240.6,0,2.0
1750,control,21,0,0.0,0,
1751,treatment,14,1,206.0,0,2.0
1751,treatment,4,0,0.0,0,
1751,treatment,17,0,0.0,0,
1752,treatment,1,1,112.2,1,2.0
1753,treatment,6,0,0.0,0,
1753,treatment,18,1,102.6,0,1.0
1753,treatment,9,1,161.8,1,1.0
1754,control,9,0,0.0,1,
1754,control,19,1,136.9,0,1.0
1755,control,13,1,150.9,1,1.0
1756,treatment,9,1,123.5,1,1.0
1756,treatment,4,0,0.0,1,
1756,treatment,17,0,0.0,1,
1757,control,3,0,0.0,1,
1757,control,8,0,0.0,1,
1757,control,16,1,47.3,0,2.0
1758,control,11,0,0.0,0,
1759,control,19,0,0.0,1,
1759,control,8,0,0.0,1,
1760,control,14,0,0.0,0,
1761,treatment,6,1,143.6,0,1.0
1761,treatment,16,1,238.9,1,4.0
1761,treatment,20,1,60.4,0,2.0
1762,control,1,1,185.6,0,2.0
1762,control,20,0,0.0,1,
1762,control,4,1,224.0,0,5.0
1763,control,8,0,0.0,1,
1764,control,20,1,123.0,0,1.0
1764,control,20,0,0.0,1,
1765,control,5,1,29.4,0,3.0
1765,control,17,0,0.0,1,
1766,treatment,19,1,149.1,0,1.0
1767,treatment,5,0,0.0,0,
1768,control,1,0,0.0,1,
1769,control,16,1,204.0,0,1.0
1769,control,19,1,188.5,0,1.0
1770,control,21,1,72.8,1,4.0
1770,control,6,1,215.2,0,1.0
1770,control,2,0,0.0,0,
1771,control,10,1,190.3,0,1.0
1772,control,10,0,0.0,0,
1772,control,3,0,0.0,0,
1773,control,16,1,187.7,1,2.0
1773,control,3,0,0.0,0,
1773,control,21,0,0.0,0,
1774,treatment,15,0,0.0,0,
1775,control,2,1,165.5,0,3.0
1775,control,14,0,0.0,0,
1775,control,6,1,185.1,1,1.0
1776,treatment,11,1,310.4,0,1.0
1776,treatment,7,1,136.4,0,2.0
1776,treatment,20,0,0.0,0,
1777,treatment,3,0,0.0,1,
1778,control,19,0,0.0,0,
1779,treatment,17,0,0.0,1,
1780,treatment,11,0,0.0,0,
1780,treatment,4,1,235.7,0,3.0
1780,treatment,7,0,0.0,0,
1781,treatment,7,1,221.1,0,3.0
1782,treatment,20,1,144.4,0,2.0
1782,treatment,6,0,0.0,0,
1783,treatment,18,0,0.0,0,
1783,treatment,14,0,0.0,0,
1783,treatment,14,1,59.8,0,3.0
1784,treatment,13,0,0.0,1,
1784,treatment,16,0,0.0,0,
1784,treatment,21,0,0.0,0,
1785,control,5,0,0.0,1,
1785,control,1,0,0.0,1,
1786,treatment,9,1,155.0,1,3.0
1786,treatment,21,0,0.0,0,
1786,treatment,20,1,217.7,0,1.0
1787,treatment,11,0,0.0,0,
1787,treatment,9,0,0.0,1,
1788,treatment,21,1,195.3,1,1.0
1788,treatment,17,0,0.0,0,
1788,treatment,15,1,171.2,0,3.0
1789,control,1,1,178.2,0,2.0
1789,control,6,0,0.0,0,
1789,control,4,1,250.4,0,3.0
1790,treatment,2,1,268.0,1,1.0
1790,treatment,3,1,208.5,1,1.0
1790,treatment,6,1,183.1,0,1.0
1791,control,15,0,0.0,1,
1791,control,19,1,65.7,0,4.0
1792,treatment,4,1,211.4,0,5.0
1792,treatment,5,1,171.7,0,1.0
1792,treatment,1,1,180.2,0,1.0
1793,control,4,0,0.0,0,
1793,control,6,1,85.7,0,2.0
1793,control,10,0,0.0,0,
1794,control,17,0,0.0,0,
1794,control,19,0,0.0,0,
1794,control,20,0,0.0,1,
1795,treatment,12,1,117.4,1,1.0
1795,treatment,5,1,186.8,0,1.0
1795,treatment,13,1,194.5,0,2.0
1796,treatment,14,0,0.0,0,
1796,treatment,19,1,160.6,0,3.0
1796,treatment,12,1,222.4,1,1.0
1797,control,1,0,0.0,0,
1797,control,12,1,165.9,0,1.0
1797,control,20,0,0.0,1,
1798,treatment,19,1,137.8,0,1.0
1798,treatment,16,0,0.0,1,
1799,control,1,0,0.0,0,
1800,control,18,1,230.0,0,2.0
1800,control,19,1,218.5,0,2.0
1800,control,8,0,0.0,0,
1801,control,21,1,129.5,1,2.0
1802,control,4,0,0.0,0,
1803,control,4,0,0.0,1,
1803,control,11,1,117.6,0,1.0
1804,treatment,2,1,163.3,0,1.0
1805,control,12,1,96.1,1,4.0
1805,control,2,0,0.0,0,
1806,control,9,1,128.9,0,1.0
1806,control,10,1,145.8,0,1.0
1806,control,1,0,0.0,1,
1807,treatment,13,1,136.8,0,5.0
1807,treatment,10,0,0.0,0,
1808,control,2,0,0.0,1,
1809,treatment,11,0,0.0,0,
1809,treatment,14,1,146.5,1,3.0
1809,treatment,8,0,0.0,0,
1810,treatment,21,1,128.4,0,1.0
1811,treatment,12,0,0.0,0,
1811,treatment,5,0,0.0,0,
1811,treatment,1,1,213.7,0,3.0
1812,control,19,0,0.0,1,
1812,control,14,0,0.0,1,
1812,control,12,1,234.7,0,3.0
1813,control,10,0,0.0,0,
1813,control,20,1,121.9,0,4.0
1814,control,12,0,0.0,0,
1815,treatment,16,1,182.0,1,2.0
1816,control,9,0,0.0,1,
1816,control,14,0,0.0,0,
1817,treatment,10,0,0.0,0,
1817,treatment,11,1,170.0,0,3.0
1817,treatment,20,1,171.2,0,4.0
1818,control,16,1,235.1,1,1.0
1818,control,16,1,88.0,0,1.0
1818,control,6,1,185.5,0,2.0
1819,treatment,19,0,0.0,0,
1819,treatment,1,0,0.0,0,
1820,control,18,0,0.0,0,
1820,control,4,1,194.1,0,3.0
1821,control,5,0,0.0,0,
1822,control,13,0,0.0,1,
1822,control,10,1,137.1,1,4.0
1823,treatment,9,1,170.4,0,1.0
1823,treatment,19,1,186.1,0,3.0
1824,treatment,20,0,0.0,0,
1825,control,14,0,0.0,1,
1826,control,19,1,135.6,0,1.0
1827,treatment,5,0,0.0,0,
1827,treatment,21,1,168.1,0,1.0
1828,treatment,4,1,169.7,0,1.0
1829,treatment,5,1,190.2,0,1.0
1829,treatment,4,0,0.0,1,
1830,control,12,1,173.2,0,1.0
1831,treatment,20,0,0.0,1,
1832,control,9,0,0.0,0,
1832,control,13,0,0.0,0,
1832,control,7,0,0.0,0,
1833,treatment,14,0,0.0,1,
1833,treatment,15,1,241.1,0,1.0
1834,control,13,0,0.0,0,
1835,treatment,8,0,0.0,0,
1836,treatment,7,0,0.0,0,
1837,treatment,13,1,131.6,1,1.0
1837,treatment,13,0,0.0,0,
1838,treatment,20,0,0.0,0,
1838,treatment,13,1,225.5,0,1.0
1838,treatment,5,0,0.0,1,
1839,treatment,19,0,0.0,1,
1839,treatment,14,1,136.1,1,2.0
1839,treatment,9,0,0.0,0,
1840,control,4,0,0.0,0,
1840,control,15,1,5.0,0,1.0
1841,treatment,20,1,125.2,1,3.0
1841,treatment,11,1,162.8,0,1.0
1842,treatment,14,1,165.0,0,2.0
1842,treatment,4,0,0.0,0,
1843,treatment,18,0,0.0,0,
1843,treatment,19,1,180.8,1,1.0
1844,control,5,0,0.0,0,
1844,control,16,0,0.0,1,
1844,control,4,0,0.0,0,
1845,treatment,5,1,198.7,0,4.0
1845,treatment,17,1,73.3,1,1.0
1846,control,4,0,0.0,0,
1847,treatment,2,0,0.0,0,
1847,treatment,21,0,0.0,0,
1848,treatment,4,0,0.0,0,
1848,treatment,15,1,226.7,0,1.0
1848,treatment,8,0,0.0,0,
1849,control,17,0,0.0,0,
1849,control,21,0,0.0,0,
1849,control,2,0,0.0,1,
1850,treatment,20,0,0.0,1,
1851,control,12,0,0.0,0,
1851,control,1,1,121.2,1,2.0
1851,control,3,1,137.8,0,2.0
1852,control,18,0,0.0,1,
1853,treatment,2,1,223.0,0,4.0
1854,control,19,1,277.7,0,1.0
1855,treatment,2,0,0.0,0,
1856,treatment,19,0,0.0,0,
1857,control,16,0,0.0,1,
1858,control,20,0,0.0,1,
1859,control,19,0,0.0,1,
1860,control,4,0,0.0,0,
1860,control,15,1,158.8,0,1.0
1861,treatment,16,0,0.0,0,
1862,treatment,16,1,198.5,0,1.0
1863,control,14,0,0.0,0,
1863,control,13,0,0.0,0,
1863,control,16,1,163.9,0,2.0
1864,treatment,5,0,0.0,0,
1864,treatment,12,0,0.0,0,
1865,treatment,4,1,231.0,0,2.0
1865,treatment,2,0,0.0,1,
1866,treatment,17,1,94.7,1,5.0
1866,treatment,15,0,0.0,1,
1866,treatment,6,0,0.0,0,
1867,treatment,6,0,0.0,0,
1867,treatment,11,0,0.0,1,
1868,control,1,1,198.8,0,1.0
1868,control,12,0,0.0,0,
1869,control,15,0,0.0,1,
1869,control,14,1,75.4,0,2.0
1870,treatment,19,0,0.0,0,
1870,treatment,10,0,0.0,0,
1870,treatment,8,0,0.0,0,
1871,control,5,1,127.8,1,4.0
1872,control,20,1,168.9,1,2.0
1872,control,14,1,287.5,0,1.0
1873,control,17,0,0.0,0,
1873,control,15,0,0.0,1,
1874,treatment,4,1,325.3,1,1.0
1874,treatment,19,0,0.0,0,
1874,treatment,8,0,0.0,1,
1875,treatment,9,0,0.0,0,
1875,treatment,17,1,64.5,1,4.0
1876,treatment,6,0,0.0,0,
1877,control,3,1,139.1,1,1.0
1878,treatment,21,0,0.0,0,
1878,treatment,5,1,154.1,0,1.0
1879,treatment,5,0,0.0,0,
1879,treatment,8,0,0.0,0,
1880,control,8,0,0.0,0,
1880,control,5,1,181.6,1,1.0
1880,control,9,0,0.0,0,
1881,treatment,2,0,0.0,0,
1881,treatment,11,0,0.0,1,
1881,treatment,16,1,73.2,0,2.0
1882,treatment,20,0,0.0,0,
1883,control,5,0,0.0,0,
1883,control,8,0,0.0,1,
1883,control,6,0,0.0,0,
1884,control,17,0,0.0,0,
1885,control,10,1,135.7,0,5.0
1885,control,10,1,159.4,0,2.0
1885,control,5,0,0.0,0,
1886,treatment,12,1,230.9,0,2.0
1887,treatment,14,1,138.6,0,2.0
1888,treatment,16,1,188.0,0,2.0
1889,control,5,1,74.9,0,2.0
1889,control,7,0,0.0,0,
1890,control,18,1,169.2,1,4.0
1890,control,13,0,0.0,0,
1890,control,11,1,147.9,0,3.0
1891,treatment,15,0,0.0,0,
1892,treatment,6,0,0.0,0,
1892,treatment,18,1,163.0,0,2.0
1892,treatment,19,1,173.6,0,1.0
1893,control,21,0,0.0,0,
1893,control,12,0,0.0,0,
1893,control,2,0,0.0,0,
1894,control,1,0,0.0,0,
1895,control,21,0,0.0,0,
1895,control,2,0,0.0,0,
1895,control,2,1,153.1,1,1.0
1896,control,5,0,0.0,0,
1896,control,16,0,0.0,1,
1897,treatment,4,1,194.7,0,1.0
1898,control,16,1,135.1,0,5.0
1898,control,13,1,88.2,0,2.0
1899,treatment,7,1,96.1,0,2.0
1899,treatment,12,1,183.7,1,2.0
1899,treatment,13,1,161.3,0,1.0
1900,treatment,8,1,280.3,1,2.0
1901,treatment,9,1,220.3,1,1.0
1901,treatment,18,1,217.5,0,1.0
1902,control,9,0,0.0,0,
1903,control,16,0,0.0,1,
1904,control,12,1,176.8,0,3.0
1904,control,11,0,0.0,0,
1904,control,2,1,149.0,1,5.0
1905,control,17,0,0.0,0,
1905,control,4,0,0.0,0,
1906,treatment,16,1,47.5,1,1.0
1907,control,13,1,288.9,0,2.0
1908,control,12,1,136.8,0,1.0
1908,control,12,0,0.0,0,
1908,control,19,1,142.2,0,2.0
1909,treatment,11,1,182.5,0,2.0
1909,treatment,5,0,0.0,1,
1909,treatment,21,0,0.0,0,
1910,control,15,0,0.0,1,
1910,control,17,0,0.0,0,
1910,control,13,1,95.1,0,2.0
1911,treatment,21,1,107.4,1,3.0
1911,treatment,20,1,159.9,1,4.0
1911,treatment,2,0,0.0,0,
1912,treatment,8,0,0.0,0,
1912,treatment,9,0,0.0,0,
1913,treatment,21,0,0.0,0,
1913,treatment,15,1,187.3,0,2.0
1914,treatment,8,1,222.7,0,2.0
1915,treatment,9,1,109.7,0,1.0
1915,treatment,19,0,0.0,0,
1916,treatment,21,0,0.0,0,
1916,treatment,14,0,0.0,1,
1917,treatment,10,1,205.7,0,1.0
1917,treatment,16,1,190.7,0,1.0
1917,treatment,3,1,199.4,0,4.0
1918,treatment,6,0,0.0,0,
1918,treatment,10,1,319.0,0,3.0
1919,control,14,0,0.0,0,
1919,control,5,0,0.0,0,
1919,control,4,1,164.9,0,4.0
1920,control,13,0,0.0,0,
1921,control,19,1,128.7,0,4.0
1921,control,3,1,65.6,0,4.0
1922,control,8,0,0.0,1,
1923,treatment,21,0,0.0,1,
1924,control,13,0,0.0,1,
1924,control,17,1,210.2,1,1.0
1924,control,1,0,0.0,0,
1925,treatment,9,0,0.0,0,
1926,control,17,0,0.0,0,
1926,control,6,1,170.5,0,4.0
1926,control,4,1,132.5,0,1.0
1927,control,16,1,111.0,1,4.0
1927,control,7,0,0.0,1,
1927,control,1,0,0.0,0,
1928,control,18,1,248.8,0,4.0
1928,control,19,0,0.0,0,
1929,treatment,20,1,200.7,0,2.0
1929,treatment,7,1,124.1,1,1.0
1929,treatment,21,1,199.1,0,2.0
1930,control,9,1,132.3,1,1.0
1931,treatment,14,0,0.0,1,
1931,treatment,10,0,0.0,0,
1931,treatment,17,1,194.7,1,4.0
1932,treatment,21,0,0.0,1,
1932,treatment,12,0,0.0,1,
1933,control,12,1,122.1,0,2.0
1933,control,21,1,103.7,1,1.0
1934,control,1,1,126.5,1,3.0
1934,control,6,1,114.5,0,1.0
1935,control,21,0,0.0,0,
1935,control,12,1,90.8,0,5.0
1936,treatment,5,0,0.0,0,
1936,treatment,10,1,255.8,1,4.0
1937,control,21,1,242.7,0,4.0
1937,control,2,0,0.0,0,
1938,treatment,1,0,0.0,0,
1938,treatment,9,1,232.6,0,2.0
1938,treatment,17,1,214.4,1,3.0
1939,treatment,2,1,158.2,1,1.0
1939,treatment,10,1,133.8,0,1.0
1939,treatment,3,1,163.8,0,1.0
1940,control,13,1,109.1,0,2.0
1940,control,17,1,111.9,0,2.0
1941,control,16,1,291.1,1,4.0
1942,treatment,6,0,0.0,0,
1942,treatment,15,0,0.0,0,
1942,treatment,12,0,0.0,0,
1943,treatment,17,0,0.0,0,
1943,treatment,3,0,0.0,1,
1944,treatment,6,0,0.0,1,
1945,control,11,1,147.7,1,1.0
1945,control,13,1,225.1,0,3.0
1946,treatment,13,1,107.9,1,2.0
1947,control,1,0,0.0,1,
1948,treatment,15,0,0.0,1,
1948,treatment,3,1,184.5,0,2.0
1948,treatment,17,1,160.7,1,2.0
1949,treatment,17,1,208.3,0,5.0
1949,treatment,5,1,181.9,0,2.0
1949,treatment,12,0,0.0,0,
1950,control,15,1,153.8,0,1.0
1950,control,4,1,195.2,0,5.0
1950,control,17,1,26.5,1,1.0
1951,treatment,17,1,278.0,0,1.0
1952,control,1,0,0.0,0,
1952,control,4,1,210.8,1,1.0
1952,control,1,0,0.0,0,
1953,control,20,0,0.0,1,
1953,control,16,1,97.1,0,1.0
1953,control,10,1,209.1,0,3.0
1954,treatment,13,1,130.6,0,1.0
1954,treatment,4,0,0.0,1,
1955,control,8,1,133.0,1,1.0
1956,control,9,0,0.0,1,
1956,control,15,1,184.5,1,1.0
1957,treatment,8,1,130.8,0,2.0
1957,treatment,5,1,222.4,0,1.0
1957,treatment,14,0,0.0,0,
1958,control,1,1,165.0,0,1.0
1959,control,20,0,0.0,0,
1959,control,15,0,0.0,1,
1960,control,6,0,0.0,0,
1960,control,2,0,0.0,0,
1960,control,20,0,0.0,1,
1961,treatment,19,1,111.9,0,4.0
1962,control,17,0,0.0,0,
1963,treatment,10,0,0.0,0,
1963,treatment,16,0,0.0,1,
1963,treatment,1,0,0.0,0,
1964,treatment,12,1,207.1,1,2.0
1964,treatment,12,0,0.0,0,
1965,control,21,1,113.5,0,2.0
1966,control,4,0,0.0,1,
1966,control,4,1,195.5,0,2.0
1967,control,10,0,0.0,1,
1967,control,4,0,0.0,1,
1967,control,19,0,0.0,0,
1968,treatment,2,0,0.0,0,
1968,treatment,19,0,0.0,0,
1969,control,1,0,0.0,0,
1969,control,2,1,228.9,0,2.0
1970,control,20,0,0.0,0,
1971,control,16,1,95.9,1,1.0
1971,control,10,0,0.0,0,
1972,control,15,1,117.4,1,4.0
1972,control,2,0,0.0,0,
1972,control,7,1,56.7,1,2.0
1973,control,9,0,0.0,0,
1973,control,12,0,0.0,0,
1973,control,5,1,257.9,0,2.0
1974,treatment,5,1,128.8,0,1.0
1974,treatment,17,0,0.0,0,
1975,treatment,20,1,210.7,1,1.0
1975,treatment,14,1,98.6,0,1.0
1975,treatment,1,1,278.2,0,1.0
1976,control,14,1,199.4,1,2.0
1977,control,4,1,352.3,0,1.0
1977,control,9,1,131.4,1,1.0
1977,control,3,0,0.0,0,
1978,control,20,1,151.3,0,1.0
1978,control,11,1,223.7,1,1.0
1978,control,16,0,0.0,1,
1979,control,5,0,0.0,0,
1980,treatment,17,1,197.8,1,1.0
1980,treatment,16,0,0.0,1,
1980,treatment,15,1,189.6,0,1.0
1981,control,2,1,41.5,1,4.0
1981,control,19,1,141.6,0,5.0
1982,treatment,9,1,325.1,0,1.0
1983,treatment,20,1,174.0,0,1.0
1983,treatment,17,0,0.0,0,
1984,control,8,1,217.2,0,4.0
1984,control,6,0,0.0,1,
1985,treatment,14,0,0.0,1,
1985,treatment,18,1,191.6,0,2.0
1986,treatment,13,0,0.0,0,
1986,treatment,20,0,0.0,0,
1986,treatment,1,0,0.0,0,
1987,treatment,16,1,194.8,0,1.0
1987,treatment,8,1,132.6,0,1.0
1987,treatment,7,0,0.0,0,
1988,treatment,11,0,0.0,0,
1989,control,17,1,166.3,0,1.0
1989,control,12,1,173.6,1,3.0
1989,control,6,0,0.0,1,
1990,control,5,1,150.3,1,2.0
1990,control,4,1,5.0,1,2.0
1991,treatment,21,0,0.0,1,
1991,treatment,10,1,213.6,0,3.0
1991,treatment,6,0,0.0,0,
1992,control,9,1,151.5,0,1.0
1992,control,12,0,0.0,0,
1993,control,17,1,161.3,0,1.0
1994,control,19,1,260.1,0,3.0
1994,control,12,1,237.1,0,1.0
1995,control,7,1,77.9,0,1.0
1996,control,1,0,0.0,1,
1996,control,17,0,0.0,0,
1997,treatment,2,0,0.0,0,
1998,control,20,1,120.3,1,1.0
1998,control,17,1,98.6,0,1.0
1998,control,21,0,0.0,1,
1999,control,10,1,182.6,0,1.0
2000,control,1,0,0.0,1,
2000,control,1,0,0.0,1,
2000,control,10,0,0.0,1,
2001,control,15,0,0.0,1,
2001,control,16,1,289.6,1,1.0
2002,treatment,16,1,155.0,0,1.0
2002,treatment,17,1,193.3,0,2.0
2003,treatment,3,0,0.0,1,
2003,treatment,12,0,0.0,0,
2004,treatment,6,0,0.0,1,
2004,treatment,9,0,0.0,0,
2005,treatment,20,1,78.4,0,4.0
2006,control,19,0,0.0,0,
2006,control,3,0,0.0,0,
2007,treatment,10,0,0.0,0,
2007,treatment,18,1,153.9,0,2.0
2007,treatment,2,0,0.0,1,
2008,control,21,0,0.0,0,
2009,control,21,1,265.1,0,1.0
2009,control,21,1,142.3,0,5.0
2009,control,13,0,0.0,1,
2010,control,21,1,148.9,1,2.0
2010,control,21,1,65.0,0,3.0
2010,control,15,0,0.0,1,
2011,control,21,1,156.8,0,3.0
2011,control,9,0,0.0,0,
2012,control,11,0,0.0,0,
2013,treatment,3,1,176.1,0,1.0
2014,treatment,3,1,148.8,0,1.0
2014,treatment,5,1,191.3,1,1.0
2014,treatment,6,1,217.6,0,1.0
2015,treatment,15,0,0.0,0,
2016,treatment,20,1,124.6,0,1.0
2016,treatment,19,1,237.8,0,1.0
2017,control,17,1,197.8,0,3.0
2018,treatment,18,0,0.0,0,
2018,treatment,14,0,0.0,0,
2019,control,14,1,157.2,1,1.0
2019,control,5,0,0.0,0,
2019,control,16,0,0.0,0,
2020,treatment,6,1,151.4,0,3.0
2020,treatment,9,0,0.0,1,
2020,treatment,20,0,0.0,0,
2021,control,11,1,97.5,1,1.0
2022,control,9,0,0.0,1,
2023,treatment,14,0,0.0,0,
2024,control,21,1,233.2,1,3.0
2025,control,10,0,0.0,0,
2025,control,4,0,0.0,1,
2026,treatment,16,1,230.2,0,3.0
2026,treatment,14,0,0.0,0,
2026,treatment,6,1,239.7,0,1.0
2027,control,1,1,97.3,0,1.0
2027,control,21,1,265.7,0,2.0
2027,control,21,0,0.0,1,
2028,treatment,18,1,242.8,0,2.0
2028,treatment,20,0,0.0,1,
2028,treatment,6,0,0.0,0,
2029,treatment,10,0,0.0,1,
2030,treatment,20,1,293.3,0,1.0
2030,treatment,8,1,128.0,0,1.0
2031,control,11,0,0.0,0,
2031,control,16,1,13.1,1,1.0
2032,control,21,1,141.1,0,5.0
2033,control,10,1,93.3,1,5.0
2033,control,16,0,0.0,0,
2034,treatment,7,1,169.7,0,1.0
2035,control,11,1,170.4,0,1.0
2035,control,13,0,0.0,0,
2036,treatment,11,0,0.0,0,
2036,treatment,10,1,267.8,0,3.0
2036,treatment,5,1,218.8,0,1.0
2037,treatment,1,0,0.0,0,
2037,treatment,3,1,140.7,1,4.0
2037,treatment,5,1,125.5,0,2.0
2038,control,20,0,0.0,0,
2039,treatment,1,1,191.3,1,1.0
2039,treatment,19,0,0.0,0,
2039,treatment,13,1,236.3,0,1.0
2040,control,14,0,0.0,0,
2041,control,6,1,131.0,0,1.0
2041,control,12,0,0.0,1,
2042,control,17,1,276.5,0,4.0
2043,control,1,0,0.0,0,
2043,control,1,1,160.1,0,2.0
2044,control,3,1,92.9,0,4.0
2044,control,3,0,0.0,0,
2045,treatment,11,1,111.3,0,2.0
2045,treatment,20,0,0.0,0,
2046,treatment,21,0,0.0,0,
2047,treatment,13,1,192.2,1,2.0
2047,treatment,17,0,0.0,0,
2047,treatment,10,1,120.1,0,1.0
2048,control,8,1,184.0,0,5.0
2048,control,14,1,166.9,0,4.0
2049,control,12,0,0.0,1,
2049,control,12,1,189.1,0,1.0
2050,control,7,0,0.0,0,
2050,control,13,1,110.2,0,1.0
2051,treatment,19,0,0.0,0,
2052,control,15,1,238.2,0,3.0
2052,control,18,0,0.0,0,
2053,treatment,13,1,256.1,0,3.0
2053,treatment,14,0,0.0,0,
2053,treatment,18,0,0.0,0,
2054,treatment,3,0,0.0,0,
2055,control,16,0,0.0,0,
2055,control,9,0,0.0,1,
2055,control,9,0,0.0,1,
2056,control,19,1,206.2,0,2.0
2057,treatment,6,0,0.0,1,
2058,control,20,0,0.0,0,
2059,treatment,4,0,0.0,0,
2059,treatment,5,0,0.0,1,
2060,control,20,1,205.7,0,3.0
2060,control,5,0,0.0,0,
2061,control,3,1,110.0,1,3.0
2061,control,16,1,157.1,0,3.0
2062,treatment,3,1,169.5,0,5.0
2062,treatment,15,0,0.0,0,
2063,control,15,1,108.6,1,1.0
2063,control,8,1,169.7,1,1.0
2063,control,5,0,0.0,0,
2064,treatment,17,1,201.9,1,2.0
2065,control,1,0,0.0,1,
2065,control,15,0,0.0,1,
2065,control,4,0,0.0,1,
2066,treatment,16,0,0.0,0,
2066,treatment,8,0,0.0,0,
2067,treatment,1,1,82.0,1,3.0
2068,control,8,1,79.6,1,1.0
2069,treatment,10,1,79.4,0,2.0
2070,control,5,0,0.0,1,
2071,control,5,1,190.2,0,1.0
2072,control,18,0,0.0,1,
2072,control,3,0,0.0,1,
2073,treatment,16,1,111.7,0,5.0
2074,treatment,3,0,0.0,0,
2074,treatment,4,0,0.0,1,
2074,treatment,2,0,0.0,0,
2075,control,2,1,148.6,0,2.0
2075,control,19,0,0.0,0,
2075,control,17,1,253.5,1,1.0
2076,control,5,0,0.0,0,
2077,treatment,18,1,152.6,0,3.0
2077,treatment,1,0,0.0,0,
2077,treatment,16,1,155.6,1,1.0
2078,control,15,1,162.1,1,5.0
2078,control,8,1,126.1,0,2.0
2078,control,4,0,0.0,0,
2079,control,11,1,141.8,0,1.0
2079,control,4,0,0.0,1,
2079,control,11,1,136.5,0,3.0
2080,treatment,18,1,165.1,0,1.0
2080,treatment,11,1,149.6,0,2.0
2081,control,8,0,0.0,0,
2081,control,10,1,42.3,0,2.0
2082,treatment,9,1,125.8,1,5.0
2083,control,20,1,213.2,1,1.0
2083,control,11,1,199.6,1,4.0
2083,control,10,1,154.8,0,2.0
2084,treatment,5,1,302.4,0,3.0
2084,treatment,15,0,0.0,1,
2085,control,19,0,0.0,1,
2085,control,4,0,0.0,0,
2085,control,6,0,0.0,1,
2086,control,17,1,114.7,1,4.0
2086,control,6,1,114.8,1,2.0
2087,treatment,11,0,0.0,0,
2087,treatment,13,0,0.0,0,
2087,treatment,17,1,118.9,1,1.0
2088,control,7,1,84.3,0,4.0
2088,control,8,0,0.0,0,
2088,control,17,0,0.0,0,
2089,treatment,5,0,0.0,0,
2089,treatment,1,0,0.0,0,
2090,control,9,1,120.5,0,3.0
2091,treatment,21,0,0.0,0,
2091,treatment,21,1,260.8,0,1.0
2092,treatment,18,1,191.1,0,1.0
2093,treatment,9,0,0.0,0,
2093,treatment,20,1,263.9,0,2.0
2094,treatment,1,0,0.0,0,
2095,control,11,0,0.0,0,
2096,control,15,0,0.0,0,
2096,control,4,1,65.8,1,2.0
2096,control,13,1,231.3,0,1.0
2097,treatment,10,1,245.2,1,2.0
2097,treatment,2,1,236.7,0,3.0
2098,treatment,11,1,120.5,1,2.0
2098,treatment,13,0,0.0,0,
2099,treatment,19,1,177.8,0,2.0
2099,treatment,19,0,0.0,0,
2100,control,7,0,0.0,1,
2101,control,13,1,124.0,0,3.0
2101,control,21,0,0.0,0,
2101,control,13,1,197.2,0,3.0
2102,control,3,0,0.0,0,
2103,control,15,0,0.0,0,
2103,control,21,1,120.0,0,4.0
2103,control,21,1,82.6,0,4.0
2104,treatment,2,0,0.0,0,
2104,treatment,20,1,164.6,0,1.0
2104,treatment,1,1,237.0,0,1.0
2105,treatment,15,1,165.0,1,1.0
2106,treatment,19,0,0.0,1,
2106,treatment,15,1,203.9,0,3.0
2106,treatment,2,0,0.0,0,
2107,control,12,0,0.0,0,
2107,control,12,1,168.8,0,1.0
2108,control,5,0,0.0,0,
2109,control,4,1,139.8,0,1.0
2109,control,10,0,0.0,1,
2109,control,14,0,0.0,0,
2110,treatment,13,1,219.2,0,1.0
2111,treatment,21,0,0.0,0,
2111,treatment,16,1,208.9,0,1.0
2112,control,3,1,133.2,1,2.0
2112,control,13,1,116.5,0,1.0
2113,treatment,1,1,227.9,0,1.0
2113,treatment,15,1,138.3,0,2.0
2113,treatment,11,1,134.8,1,5.0
2114,control,4,1,78.5,1,3.0
2115,control,9,0,0.0,1,
2115,control,4,1,199.0,0,1.0
2115,control,5,0,0.0,0,
2116,treatment,18,1,209.4,0,1.0
2117,control,10,1,278.1,0,2.0
2117,control,10,1,109.9,0,1.0
2117,control,13,0,0.0,1,
2118,treatment,19,0,0.0,0,
2118,treatment,21,1,223.5,0,4.0
2118,treatment,6,0,0.0,0,
2119,control,11,0,0.0,0,
2120,treatment,9,1,203.6,0,4.0
2120,treatment,12,1,235.5,0,1.0
2120,treatment,21,1,175.1,0,1.0
2121,treatment,11,0,0.0,1,
2121,treatment,15,1,278.8,1,3.0
2121,treatment,16,1,114.0,0,1.0
2122,treatment,19,0,0.0,0,
2122,treatment,21,1,306.7,0,2.0
2123,control,18,0,0.0,0,
2123,control,15,0,0.0,1,
2124,control,5,1,181.4,1,1.0
2124,control,13,0,0.0,1,
2124,control,7,0,0.0,1,
2125,treatment,20,0,0.0,0,
2126,treatment,10,1,117.6,0,2.0
2126,treatment,17,1,176.8,1,2.0
2126,treatment,21,1,146.0,0,4.0
2127,control,12,1,221.2,0,5.0
2127,control,21,0,0.0,1,
2127,control,19,1,169.7,0,5.0
2128,control,15,0,0.0,0,
2129,control,5,1,22.5,1,5.0
2130,treatment,18,1,88.7,0,1.0
2131,control,15,1,255.8,0,1.0
2131,control,18,0,0.0,0,
2132,control,8,1,160.5,0,1.0
2132,control,19,1,56.2,0,5.0
2132,control,19,0,0.0,0,
2133,treatment,10,0,0.0,0,
2134,control,18,1,129.0,0,1.0
2134,control,4,0,0.0,1,
2134,control,9,0,0.0,0,
2135,control,19,0,0.0,1,
2135,control,15,0,0.0,1,
2135,control,1,1,121.4,0,2.0
2136,control,18,1,122.9,1,2.0
2137,treatment,1,1,63.2,1,2.0
2137,treatment,9,1,233.7,0,5.0
2138,treatment,7,0,0.0,0,
2139,treatment,5,1,177.8,0,1.0
2139,treatment,20,1,113.4,0,1.0
2140,treatment,3,1,177.2,0,2.0
2140,treatment,15,0,0.0,0,
2140,treatment,18,0,0.0,0,
2141,treatment,17,1,215.6,0,1.0
2142,treatment,12,1,134.9,1,1.0
2143,treatment,19,0,0.0,0,
2143,treatment,14,0,0.0,0,
2143,treatment,12,1,249.9,1,1.0
2144,control,14,0,0.0,0,
2144,control,14,1,164.4,0,3.0
2144,control,4,1,163.4,0,2.0
2145,control,3,0,0.0,1,
2146,treatment,8,1,178.0,0,2.0
2146,treatment,2,1,178.5,0,1.0
2146,treatment,12,1,239.9,0,3.0
2147,control,11,0,0.0,0,
2147,control,4,1,154.4,1,5.0
2147,control,13,1,252.6,0,1.0
2148,control,15,1,189.2,0,1.0
2148,control,13,0,0.0,0,
2148,control,6,1,222.3,0,1.0
2149,treatment,6,1,50.8,0,1.0
2149,treatment,12,0,0.0,0,
2149,treatment,1,1,169.9,1,2.0
2150,control,17,0,0.0,0,
2151,control,14,0,0.0,1,
2151,control,2,0,0.0,0,
2152,control,9,1,222.0,0,2.0
2152,control,20,1,125.8,0,1.0
2153,control,16,0,0.0,1,
2153,control,8,1,231.3,1,1.0
2154,control,19,1,125.3,1,4.0
2154,control,14,0,0.0,0,
2154,control,1,0,0.0,0,
2155,treatment,1,0,0.0,0,
2155,treatment,18,1,220.5,1,2.0
2155,treatment,3,1,164.4,0,2.0
2156,treatment,15,1,99.2,1,3.0
2157,treatment,5,0,0.0,0,
2157,treatment,18,1,170.3,1,1.0
2157,treatment,11,0,0.0,0,
2158,control,14,1,118.4,0,1.0
2159,treatment,18,0,0.0,0,
2160,control,9,1,231.7,0,5.0
2160,control,9,0,0.0,1,
2161,control,8,1,157.4,1,1.0
2161,control,16,0,0.0,0,
2162,control,17,0,0.0,0,
2163,control,18,1,83.8,1,2.0
2163,control,1,1,329.1,1,1.0
2164,treatment,19,0,0.0,0,
2164,treatment,3,0,0.0,0,
2165,treatment,12,0,0.0,0,
2166,control,11,0,0.0,0,
2167,treatment,18,0,0.0,0,
2167,treatment,5,1,253.2,1,4.0
2167,treatment,8,0,0.0,1,
2168,control,6,1,184.6,0,1.0
2169,treatment,1,1,288.7,1,3.0
2170,treatment,16,1,232.3,0,3.0
2171,control,9,1,161.4,0,3.0
2171,control,16,0,0.0,0,
2171,control,17,1,123.9,1,1.0
2172,treatment,12,0,0.0,0,
2172,treatment,18,0,0.0,0,
2172,treatment,9,0,0.0,0,
2173,control,5,0,0.0,1,
2173,control,2,1,195.6,0,4.0
2173,control,12,0,0.0,0,
2174,treatment,1,1,141.7,0,1.0
2174,treatment,11,1,160.1,0,5.0
2175,control,3,0,0.0,0,
2175,control,11,1,192.6,1,1.0
2175,control,6,1,145.4,0,2.0
2176,control,18,1,176.8,0,5.0
2176,control,15,0,0.0,0,
2176,control,3,0,0.0,0,
2177,treatment,4,1,84.4,0,1.0
2177,treatment,9,1,185.3,0,1.0
2178,treatment,3,1,171.5,0,1.0
2179,control,15,1,144.3,1,1.0
2179,control,5,0,0.0,1,
2179,control,7,1,90.9,1,1.0
2180,treatment,12,1,250.3,1,1.0
2180,treatment,12,1,242.3,0,4.0
2180,treatment,3,1,171.5,1,1.0
2181,treatment,9,1,208.6,0,1.0
2181,treatment,11,0,0.0,1,
2181,treatment,5,0,0.0,1,
2182,control,19,0,0.0,0,
2182,control,13,1,177.3,1,2.0
2183,control,21,1,162.6,0,3.0
2184,treatment,4,0,0.0,0,
2184,treatment,17,0,0.0,0,
2184,treatment,11,1,174.1,1,2.0
2185,control,20,0,0.0,0,
2185,control,14,0,0.0,0,
2186,control,20,1,280.3,1,1.0
2186,control,10,0,0.0,0,
2187,control,5,0,0.0,0,
2187,control,18,1,22.5,0,4.0
2187,control,19,1,148.3,0,2.0
2188,treatment,20,0,0.0,0,
2189,treatment,18,0,0.0,1,
2189,treatment,3,1,183.6,0,5.0
2190,control,11,1,143.2,1,2.0
2190,control,20,0,0.0,0,
2191,treatment,20,0,0.0,0,
2192,control,21,1,192.9,0,1.0
2192,control,15,0,0.0,1,
2192,control,20,0,0.0,1,
2193,treatment,3,1,68.5,1,4.0
2193,treatment,17,0,0.0,0,
2194,control,13,0,0.0,0,
2194,control,3,1,171.1,1,5.0
2195,control,7,0,0.0,0,
2195,control,8,0,0.0,0,
2196,treatment,19,1,60.0,0,1.0
2196,treatment,6,1,226.5,1,1.0
2197,control,19,0,0.0,0,
2198,treatment,8,1,115.0,0,1.0
2199,treatment,19,0,0.0,0,
2199,treatment,12,1,215.9,1,2.0
2199,treatment,19,1,207.3,0,1.0
2200,control,4,0,0.0,0,
2200,control,8,0,0.0,0,
2200,control,20,0,0.0,0,
2201,control,11,1,217.7,0,4.0
2201,control,21,0,0.0,0,
2202,treatment,6,1,33.2,0,1.0
2202,treatment,12,1,170.7,0,2.0
2202,treatment,9,1,206.5,0,1.0
2203,control,19,1,292.1,0,1.0
2204,control,12,0,0.0,1,
2204,control,11,0,0.0,0,
2204,control,20,0,0.0,1,
2205,control,14,0,0.0,1,
2206,control,20,0,0.0,1,
2206,control,21,1,151.6,1,1.0
2206,control,18,0,0.0,0,
2207,control,17,0,0.0,1,
2207,control,15,1,118.9,0,3.0
2208,treatment,11,0,0.0,1,
2209,treatment,1,0,0.0,1,
2209,treatment,15,1,145.2,0,3.0
2209,treatment,3,1,154.2,0,2.0
2210,control,13,0,0.0,0,
2211,control,16,0,0.0,1,
2211,control,18,0,0.0,0,
2211,control,21,0,0.0,1,
2212,control,10,1,74.5,0,1.0
2213,treatment,17,0,0.0,0,
2213,treatment,15,0,0.0,0,
2213,treatment,19,1,169.8,0,1.0
2214,control,17,1,126.4,1,4.0
2214,control,15,1,115.7,0,1.0
2215,treatment,1,1,147.0,0,1.0
2215,treatment,13,1,183.1,0,1.0
2216,treatment,1,1,239.5,1,1.0
2216,treatment,7,1,283.1,0,1.0
2216,treatment,13,1,219.0,1,5.0
2217,treatment,6,1,267.5,0,4.0
2217,treatment,17,0,0.0,1,
2217,treatment,8,1,196.2,0,1.0
2218,control,10,0,0.0,1,
2218,control,9,0,0.0,0,
2218,control,21,0,0.0,0,
2219,treatment,18,1,241.0,1,3.0
2220,control,4,1,158.4,0,4.0
2220,control,13,1,83.6,0,2.0
2221,treatment,11,1,173.7,0,1.0
2222,control,12,0,0.0,0,
2223,treatment,3,0,0.0,0,
2224,control,7,0,0.0,1,
2224,control,20,0,0.0,0,
2225,treatment,8,0,0.0,1,
2226,control,8,1,253.3,0,3.0
2226,control,2,1,116.1,1,1.0
2226,control,18,1,104.0,0,1.0
2227,control,16,1,113.5,0,2.0
2227,control,21,1,90.0,0,1.0
2228,control,4,0,0.0,0,
2229,control,9,0,0.0,0,
2229,control,9,0,0.0,1,
2230,treatment,3,1,163.0,0,1.0
2231,treatment,11,1,79.9,0,1.0
2231,treatment,3,1,153.3,0,4.0
2231,treatment,21,0,0.0,0,
2232,control,11,1,155.1,1,2.0
2232,control,10,0,0.0,1,
2232,control,20,1,124.7,0,5.0
2233,treatment,20,0,0.0,0,
2233,treatment,3,1,147.0,0,1.0
2234,control,9,0,0.0,0,
2235,control,13,1,105.6,0,1.0
2236,treatment,16,1,126.8,0,1.0
2236,treatment,13,0,0.0,1,
2236,treatment,5,0,0.0,0,
2237,control,14,1,188.6,0,1.0
2237,control,7,0,0.0,1,
2237,control,6,0,0.0,0,
2238,control,6,0,0.0,1,
2238,control,20,0,0.0,0,
2238,control,19,0,0.0,0,
2239,treatment,14,0,0.0,0,
2239,treatment,6,0,0.0,0,
2239,treatment,5,1,119.6,0,1.0
2240,control,10,0,0.0,0,
2240,control,15,1,266.4,0,1.0
2241,control,20,1,183.3,0,4.0
2241,control,16,1,229.5,0,1.0
2242,control,19,0,0.0,0,
2243,control,12,0,0.0,0,
2243,control,21,0,0.0,0,
2243,control,3,1,152.1,0,4.0
2244,treatment,20,0,0.0,0,
2245,treatment,12,1,157.1,0,1.0
2245,treatment,11,0,0.0,0,
2245,treatment,4,1,211.6,1,1.0
2246,treatment,8,1,177.2,1,1.0
2247,control,4,1,203.8,1,2.0
2247,control,15,1,264.6,0,1.0
2247,control,2,1,122.3,1,3.0
2248,control,10,1,173.1,1,2.0
2248,control,16,1,139.2,0,1.0
2248,control,7,1,152.7,0,1.0
2249,treatment,18,0,0.0,1,
2249,treatment,13,0,0.0,0,
2250,control,20,0,0.0,1,
2250,control,4,0,0.0,0,
2250,control,9,0,0.0,0,
2251,control,5,0,0.0,0,
2251,control,19,1,111.7,0,2.0
2252,control,4,0,0.0,0,
2252,control,17,1,275.1,0,5.0
2252,control,10,0,0.0,0,
2253,control,10,1,159.1,0,2.0
2253,control,1,0,0.0,0,
2253,control,2,1,93.4,0,1.0
2254,treatment,2,1,187.0,1,1.0
2254,treatment,8,1,219.3,0,1.0
2254,treatment,7,1,61.5,0,3.0
2255,treatment,18,0,0.0,0,
2255,treatment,5,0,0.0,0,
2256,treatment,5,1,224.4,0,2.0
2256,treatment,13,1,91.1,0,1.0
2256,treatment,18,0,0.0,0,
2257,control,20,0,0.0,1,
2258,treatment,10,0,0.0,1,
2258,treatment,21,1,189.4,0,1.0
2258,treatment,10,1,174.8,0,4.0
2259,treatment,3,0,0.0,0,
2259,treatment,21,0,0.0,0,
2259,treatment,5,0,0.0,1,
2260,control,8,0,0.0,1,
2261,control,15,1,137.6,0,3.0
2262,treatment,4,1,134.0,0,1.0
2262,treatment,3,0,0.0,1,
2262,treatment,13,1,125.7,1,3.0
2263,treatment,12,1,74.6,0,2.0
2264,treatment,4,0,0.0,0,
2264,treatment,17,0,0.0,1,
2264,treatment,10,0,0.0,0,
2265,treatment,18,1,241.8,1,1.0
2265,treatment,15,1,134.8,0,1.0
2265,treatment,10,0,0.0,0,
2266,control,19,0,0.0,0,
2267,treatment,8,0,0.0,0,
2267,treatment,15,1,207.4,1,3.0
2268,treatment,7,0,0.0,1,
2268,treatment,16,0,0.0,1,
2269,control,11,1,236.3,0,2.0
2269,control,3,0,0.0,0,
2270,treatment,10,0,0.0,0,
2270,treatment,2,0,0.0,0,
2270,treatment,7,1,190.0,0,1.0
2271,control,12,0,0.0,0,
2272,control,1,1,189.5,0,4.0
2272,control,16,0,0.0,0,
2272,control,20,1,167.5,1,1.0
2273,control,6,1,225.6,1,2.0
2273,control,13,1,138.5,1,2.0
2274,treatment,6,0,0.0,0,
2274,treatment,7,0,0.0,0,
2274,treatment,15,0,0.0,0,
2275,treatment,20,0,0.0,0,
2276,control,4,1,209.7,0,1.0
2277,treatment,21,0,0.0,0,
2278,treatment,2,0,0.0,0,
2278,treatment,17,1,159.8,1,4.0
2278,treatment,17,0,0.0,0,
2279,control,5,1,179.0,0,2.0
2279,control,9,1,83.8,0,3.0
2280,control,9,1,201.1,1,1.0
2280,control,18,1,173.6,0,4.0
2280,control,12,0,0.0,1,
2281,treatment,8,1,174.8,1,3.0
2281,treatment,20,0,0.0,0,
2282,control,21,1,60.0,1,3.0
2282,control,17,1,95.2,0,4.0
2283,treatment,14,0,0.0,0,
2283,treatment,7,0,0.0,0,
2284,treatment,3,1,214.7,0,2.0
2285,treatment,12,0,0.0,1,
2286,treatment,18,1,283.3,0,1.0
2286,treatment,15,1,132.5,0,1.0
2286,treatment,6,1,175.4,0,4.0
2287,control,18,1,225.9,1,1.0
2287,control,5,1,142.2,0,2.0
2287,control,18,1,135.2,1,2.0
2288,control,21,0,0.0,1,
2289,control,15,0,0.0,1,
2289,control,19,0,0.0,0,
2289,control,21,1,44.0,1,3.0
2290,control,9,0,0.0,0,
2290,control,21,0,0.0,0,
2290,control,8,1,106.8,1,2.0
2291,treatment,2,1,95.5,0,1.0
2292,treatment,18,1,159.8,0,1.0
2293,control,7,1,200.5,0,4.0
2293,control,3,0,0.0,0,
2293,control,11,0,0.0,0,
2294,treatment,5,1,180.4,0,1.0
2294,treatment,15,0,0.0,1,
2294,treatment,16,1,206.8,0,2.0
2295,treatment,11,0,0.0,0,
2295,treatment,3,1,183.6,0,2.0
2295,treatment,2,1,178.4,0,1.0
2296,treatment,4,0,0.0,0,
2296,treatment,13,1,190.1,0,2.0
2297,control,14,1,143.8,1,3.0
2297,control,7,1,223.2,0,5.0
2298,control,15,0,0.0,0,
2298,control,15,1,248.1,0,3.0
2298,control,1,1,14.4,0,1.0
2299,control,9,0,0.0,1,
2299,control,5,1,171.8,1,4.0
2299,control,8,1,122.3,0,3.0
2300,treatment,3,0,0.0,1,
2300,treatment,13,1,80.9,0,1.0
2301,control,8,1,174.9,0,1.0
2301,control,20,0,0.0,1,
2302,control,3,1,166.4,1,1.0
2303,control,15,1,5.0,0,1.0
2303,control,6,0,0.0,1,
2303,control,6,1,55.4,0,1.0
2304,control,7,1,131.6,1,2.0
2305,control,13,1,170.0,0,1.0
2306,control,16,0,0.0,1,
2306,control,5,0,0.0,0,
2306,control,3,0,0.0,0,
2307,treatment,5,1,186.1,0,4.0
2307,treatment,12,0,0.0,0,
2307,treatment,19,0,0.0,0,
2308,treatment,17,1,183.8,0,1.0
2308,treatment,18,1,171.2,1,3.0
2309,control,14,1,210.0,0,1.0
2309,control,11,0,0.0,0,
2309,control,10,0,0.0,0,
2310,control,19,0,0.0,0,
2311,treatment,10,0,0.0,0,
2311,treatment,10,0,0.0,0,
2312,treatment,11,1,148.4,0,2.0
2313,control,9,1,133.9,0,4.0
2314,control,17,0,0.0,0,
2315,control,15,0,0.0,0,
2315,control,7,1,43.6,0,3.0
2316,control,4,0,0.0,0,
2317,treatment,5,1,149.4,0,1.0
2318,control,18,0,0.0,0,
2318,control,8,1,212.5,1,1.0
2319,control,9,1,206.2,0,1.0
2319,control,16,1,126.9,0,4.0
2319,control,4,1,79.8,1,1.0
2320,control,19,1,104.0,0,2.0
2320,control,7,1,103.5,0,5.0
2320,control,13,1,90.4,1,4.0
2321,control,21,0,0.0,0,
2321,control,19,1,158.9,0,3.0
2321,control,1,0,0.0,0,
2322,treatment,7,1,123.9,0,5.0
2322,treatment,4,1,80.7,0,4.0
2322,treatment,16,1,219.5,0,2.0
2323,treatment,6,0,0.0,0,
2323,treatment,10,1,231.7,0,2.0
2324,treatment,10,0,0.0,0,
2324,treatment,1,1,10.9,0,1.0
2325,control,6,1,170.3,0,1.0
2325,control,15,0,0.0,0,
2326,control,7,1,148.4,0,3.0
2327,treatment,21,0,0.0,1,
2327,treatment,14,0,0.0,0,
2327,treatment,6,1,187.2,1,1.0
2328,control,10,0,0.0,1,
2328,control,20,0,0.0,1,
2328,control,4,1,76.0,0,1.0
2329,control,15,1,241.2,0,2.0
2329,control,17,1,193.8,0,3.0
2329,control,12,0,0.0,0,
2330,treatment,9,1,186.7,0,2.0
2330,treatment,17,0,0.0,0,
2331,treatment,6,0,0.0,0,
2332,treatment,12,1,352.5,0,2.0
2333,treatment,16,0,0.0,0,
2334,control,12,1,162.6,1,1.0
2334,control,17,1,189.0,1,2.0
2334,control,5,0,0.0,1,
2335,control,2,0,0.0,0,
2335,control,18,1,206.3,0,4.0
2336,treatment,8,1,192.6,0,2.0
2336,treatment,1,1,94.5,1,1.0
2337,control,10,1,23.0,1,2.0
2337,control,19,1,63.4,0,3.0
2338,treatment,7,0,0.0,0,
2338,treatment,12,1,197.3,0,1.0
2339,treatment,8,1,213.8,0,1.0
2339,treatment,7,1,310.3,1,1.0
2339,treatment,12,1,120.6,0,1.0
2340,control,21,0,0.0,0,
2340,control,19,0,0.0,0,
2341,treatment,8,1,181.9,1,3.0
2341,treatment,13,0,0.0,0,
2342,control,13,0,0.0,0,
2343,control,15,0,0.0,0,
2343,control,20,1,243.2,1,2.0
2343,control,21,1,173.1,0,4.0
2344,control,10,0,0.0,0,
2345,control,13,0,0.0,1,
2345,control,9,0,0.0,0,
2345,control,8,1,158.4,1,4.0
2346,treatment,18,1,200.2,0,1.0
2346,treatment,5,1,253.7,0,3.0
2347,control,4,0,0.0,0,
2348,treatment,18,1,91.6,0,1.0
2348,treatment,13,0,0.0,1,
2348,treatment,12,0,0.0,0,
2349,treatment,14,0,0.0,0,
2349,treatment,11,0,0.0,0,
2349,treatment,9,0,0.0,0,
2350,treatment,10,0,0.0,0,
2350,treatment,6,1,252.0,1,1.0
2350,treatment,13,0,0.0,0,
2351,treatment,11,0,0.0,0,
2351,treatment,20,0,0.0,0,
2352,control,8,1,156.2,0,1.0
2353,control,9,1,126.3,0,4.0
2354,treatment,19,1,158.2,0,2.0
2355,treatment,8,0,0.0,0,
2355,treatment,10,0,0.0,0,
2355,treatment,12,1,176.1,0,1.0
2356,control,1,0,0.0,0,
2356,control,9,0,0.0,1,
2356,control,16,0,0.0,1,
2357,treatment,9,0,0.0,0,
2357,treatment,21,1,191.7,0,1.0
2357,treatment,9,0,0.0,0,
2358,control,14,0,0.0,0,
2359,treatment,6,1,197.7,1,1.0
2359,treatment,10,1,132.8,1,2.0
2359,treatment,20,1,121.4,0,2.0
2360,control,18,0,0.0,0,
2361,treatment,11,1,81.8,1,1.0
2362,treatment,10,0,0.0,0,
2362,treatment,18,0,0.0,0,
2363,control,6,1,198.9,0,1.0
2364,treatment,4,1,233.3,0,4.0
2365,treatment,5,0,0.0,0,
2366,control,14,0,0.0,0,
2367,treatment,12,1,211.8,0,1.0
2368,control,15,0,0.0,0,
2369,control,15,1,55.5,0,1.0
2370,treatment,21,0,0.0,0,
2370,treatment,20,1,157.6,0,5.0
2371,treatment,1,1,206.8,0,1.0
2372,treatment,12,1,151.6,0,3.0
2372,treatment,21,1,174.4,1,2.0
2373,treatment,10,1,249.2,0,1.0
2373,treatment,3,1,192.4,0,4.0
2374,treatment,5,0,0.0,1,
2375,treatment,16,1,259.6,1,1.0
2375,treatment,10,1,134.0,0,1.0
2376,treatment,21,1,206.5,0,1.0
2376,treatment,6,1,135.6,0,1.0
2376,treatment,1,0,0.0,1,
2377,control,17,1,261.8,0,2.0
2377,control,17,0,0.0,1,
2377,control,16,0,0.0,0,
2378,treatment,3,1,135.4,0,4.0
2378,treatment,12,0,0.0,1,
2379,control,13,0,0.0,0,
2379,control,15,0,0.0,1,
2379,control,9,1,224.0,1,3.0
2380,treatment,2,0,0.0,1,
2380,treatment,3,0,0.0,0,
2380,treatment,20,0,0.0,0,
2381,treatment,4,0,0.0,0,
2381,treatment,15,1,151.9,0,3.0
2382,control,13,1,260.2,0,3.0
2382,control,2,0,0.0,1,
2382,control,10,1,92.5,0,2.0
2383,treatment,20,1,203.1,1,2.0
2383,treatment,6,1,187.0,0,2.0
2383,treatment,10,1,148.5,0,1.0
2384,treatment,2,0,0.0,0,
2384,treatment,19,1,181.4,0,1.0
2385,control,8,1,223.0,0,1.0
2385,control,9,0,0.0,1,
2386,treatment,11,1,88.7,0,1.0
2387,treatment,10,1,111.0,0,5.0
2388,treatment,3,0,0.0,0,
2389,control,4,1,60.5,1,2.0
2389,control,11,0,0.0,0,
2389,control,11,1,191.4,0,2.0
2390,treatment,1,0,0.0,0,
2391,treatment,17,0,0.0,1,
2391,treatment,15,0,0.0,0,
2391,treatment,2,1,229.3,0,3.0
2392,treatment,20,0,0.0,0,
2393,treatment,13,1,196.5,0,4.0
2394,control,20,1,115.1,0,2.0
2395,control,8,1,97.1,0,1.0
2396,treatment,12,1,72.5,0,1.0
2397,treatment,13,0,0.0,0,
2397,treatment,17,0,0.0,0,
2398,control,4,1,118.2,0,2.0
2398,control,1,1,173.6,0,1.0
2398,control,6,1,105.3,0,4.0
2399,control,9,1,110.6,0,2.0
2399,control,3,1,100.3,0,3.0
2399,control,3,0,0.0,0,
2400,treatment,18,1,165.4,0,1.0
2400,treatment,14,0,0.0,0,
2400,treatment,9,0,0.0,0,
2401,control,6,0,0.0,0,
2401,control,2,1,134.9,0,3.0
2402,treatment,19,0,0.0,1,
2403,control,19,0,0.0,0,
2403,control,1,1,233.9,0,5.0
2403,control,18,1,81.1,0,1.0
2404,control,16,0,0.0,0,
2404,control,17,1,186.6,0,5.0
2405,control,13,1,60.0,0,1.0
2405,control,16,0,0.0,0,
2406,control,19,0,0.0,1,
2406,control,13,1,169.3,0,1.0
2407,treatment,15,1,196.9,0,1.0
2407,treatment,9,0,0.0,0,
2408,control,21,0,0.0,0,
2408,control,21,1,142.6,0,3.0
2408,control,10,1,160.4,0,1.0
2409,control,4,0,0.0,0,
2410,treatment,1,0,0.0,0,
2411,control,12,0,0.0,0,
2411,control,8,0,0.0,0,
2412,control,14,0,0.0,0,
2412,control,5,0,0.0,0,
2412,control,21,0,0.0,0,
2413,treatment,4,1,254.7,0,2.0
2413,treatment,12,1,267.8,0,4.0
2413,treatment,4,0,0.0,1,
2414,control,8,0,0.0,0,
2414,control,6,0,0.0,1,
2415,treatment,8,0,0.0,0,
2415,treatment,21,1,165.6,0,1.0
2415,treatment,2,1,268.1,1,1.0
2416,treatment,3,0,0.0,1,
2417,treatment,16,1,176.1,0,1.0
2417,treatment,8,1,117.2,0,1.0
2417,treatment,6,1,156.9,0,5.0
2418,treatment,3,1,229.1,0,2.0
2418,treatment,10,0,0.0,0,
2418,treatment,11,0,0.0,0,
2419,control,10,0,0.0,0,
2419,control,18,1,235.4,1,3.0
2420,treatment,7,1,184.9,0,1.0
2420,treatment,5,0,0.0,0,
2421,control,1,1,90.6,0,1.0
2421,control,20,0,0.0,0,
2421,control,21,1,136.4,0,2.0
2422,control,21,1,112.1,1,1.0
2423,control,10,1,170.6,0,1.0
2423,control,9,0,0.0,0,
2424,control,21,0,0.0,1,
2424,control,3,1,195.3,0,1.0
2424,control,17,0,0.0,0,
2425,control,7,0,0.0,1,
2425,control,10,0,0.0,0,
2425,control,1,0,0.0,1,
2426,control,5,0,0.0,0,
2427,control,7,1,12.3,1,1.0
2428,control,14,0,0.0,0,
2428,control,4,0,0.0,0,
2428,control,9,1,147.7,1,2.0
2429,control,12,1,167.2,1,3.0
2430,control,7,0,0.0,0,
2431,treatment,2,1,114.7,0,1.0
2431,treatment,12,0,0.0,1,
2432,treatment,3,0,0.0,0,
2432,treatment,14,1,222.7,0,1.0
2433,treatment,4,0,0.0,0,
2433,treatment,17,1,132.7,1,4.0
2433,treatment,19,1,187.3,1,1.0
2434,control,12,1,222.4,0,1.0
2434,control,5,0,0.0,0,
2434,control,14,1,116.7,0,2.0
2435,treatment,19,0,0.0,1,
2435,treatment,18,1,263.0,0,1.0
2436,treatment,21,0,0.0,0,
2436,treatment,6,0,0.0,0,
2436,treatment,15,0,0.0,0,
2437,treatment,2,0,0.0,0,
2437,treatment,2,0,0.0,1,
2438,control,15,1,145.6,1,1.0
2438,control,7,0,0.0,0,
2439,control,9,0,0.0,0,
2440,control,18,1,105.0,0,4.0
2440,control,13,0,0.0,1,
2440,control,14,0,0.0,1,
2441,control,5,0,0.0,1,
2441,control,5,1,60.7,0,1.0
2441,control,14,1,150.0,1,5.0
2442,treatment,3,1,79.5,0,1.0
2442,treatment,1,1,200.6,0,2.0
2442,treatment,18,1,150.9,0,1.0
2443,treatment,21,0,0.0,0,
2443,treatment,12,1,236.0,1,2.0
2444,treatment,7,1,211.9,0,4.0
2444,treatment,3,1,199.3,0,2.0
2444,treatment,5,1,103.1,0,1.0
2445,treatment,11,1,112.7,0,2.0
2446,control,7,1,82.8,0,4.0
2446,control,5,0,0.0,1,
2447,control,4,1,237.5,0,1.0
2447,control,15,0,0.0,1,
2448,control,20,1,117.5,0,2.0
2448,control,18,1,156.3,1,3.0
2448,control,9,1,99.5,1,1.0
2449,treatment,4,0,0.0,0,
2449,treatment,10,0,0.0,1,
2449,treatment,15,0,0.0,0,
2450,control,16,1,285.0,0,3.0
2451,control,2,0,0.0,1,
2451,control,20,0,0.0,1,
2452,treatment,16,0,0.0,1,
2452,treatment,21,1,255.4,0,1.0
2453,treatment,16,1,284.6,0,1.0
2454,control,10,1,206.6,0,1.0
2454,control,10,1,166.9,0,1.0
2454,control,14,0,0.0,0,
2455,control,14,0,0.0,0,
2455,control,19,1,289.9,0,2.0
2456,control,5,1,253.5,0,1.0
2457,control,5,0,0.0,0,
2457,control,1,1,153.6,0,1.0
2458,control,20,1,109.2,0,5.0
2458,control,14,0,0.0,1,
2458,control,6,1,139.9,0,1.0
2459,control,8,1,187.5,0,1.0
2459,control,14,1,152.0,0,1.0
2460,treatment,5,1,113.7,0,1.0
2460,treatment,5,1,136.9,1,1.0
2461,treatment,19,1,112.8,0,1.0
2461,treatment,6,0,0.0,0,
2461,treatment,18,0,0.0,0,
2462,treatment,20,1,246.5,1,1.0
2463,control,13,0,0.0,0,
2463,control,12,0,0.0,0,
2464,treatment,15,0,0.0,0,
2465,control,8,0,0.0,0,
2465,control,1,0,0.0,0,
2465,control,20,1,180.5,0,2.0
2466,control,11,1,126.8,0,1.0
2466,control,5,0,0.0,0,
2466,control,8,1,189.5,0,1.0
2467,treatment,11,1,215.9,0,5.0
2467,treatment,8,0,0.0,0,
2467,treatment,15,1,137.9,0,1.0
2468,control,21,0,0.0,0,
2469,control,17,0,0.0,0,
2470,treatment,6,0,0.0,0,
2470,treatment,20,0,0.0,0,
2470,treatment,3,0,0.0,0,
2471,treatment,7,0,0.0,1,
2471,treatment,11,0,0.0,0,
2471,treatment,13,0,0.0,0,
2472,treatment,9,1,78.0,0,1.0
2472,treatment,12,0,0.0,0,
2472,treatment,15,1,142.1,1,1.0
2473,control,7,1,123.7,1,3.0
2473,control,10,0,0.0,0,
2474,treatment,18,0,0.0,0,
2474,treatment,10,1,206.5,0,3.0
2475,treatment,12,0,0.0,0,
2475,treatment,17,1,198.7,0,1.0
2475,treatment,14,0,0.0,1,
2476,control,18,1,191.7,0,1.0
2476,control,3,0,0.0,0,
2476,control,20,1,145.8,0,5.0
2477,treatment,15,1,57.9,0,1.0
2477,treatment,12,1,177.3,0,2.0
2477,treatment,8,1,226.1,1,3.0
2478,treatment,10,1,257.1,0,5.0
2478,treatment,8,0,0.0,0,
2478,treatment,20,1,185.7,0,1.0
2479,treatment,5,0,0.0,0,
2479,treatment,2,1,170.5,0,1.0
2479,treatment,11,0,0.0,0,
2480,control,9,0,0.0,0,
2481,control,9,0,0.0,0,
2481,control,6,0,0.0,0,
2482,control,11,1,188.3,0,1.0
2482,control,14,0,0.0,0,
2482,control,4,1,158.7,1,1.0
2483,control,12,1,38.8,0,2.0
2483,control,12,0,0.0,1,
2483,control,7,0,0.0,1,
2484,treatment,21,0,0.0,1,
2484,treatment,7,1,99.3,0,1.0
2484,treatment,13,0,0.0,0,
2485,control,1,1,179.8,1,1.0
2486,control,10,0,0.0,1,
2487,treatment,13,0,0.0,0,
2487,treatment,9,1,187.3,0,1.0
2487,treatment,3,1,145.1,0,2.0
2488,treatment,2,0,0.0,1,
2488,treatment,11,1,238.9,1,1.0
2489,treatment,16,0,0.0,0,
2490,control,12,0,0.0,0,
2490,control,12,0,0.0,1,
2490,control,9,1,119.5,0,1.0
2491,control,16,0,0.0,0,
2491,control,21,1,69.5,0,2.0
2491,control,6,1,167.1,0,3.0
2492,control,18,1,235.0,0,5.0
2493,treatment,5,1,299.4,0,4.0
2493,treatment,16,0,0.0,0,
2493,treatment,7,0,0.0,0,
2494,treatment,12,1,127.9,0,3.0
2494,treatment,20,1,166.2,0,1.0
2494,treatment,21,1,170.7,0,1.0
2495,control,14,0,0.0,0,
2496,treatment,14,0,0.0,0,
2497,treatment,19,1,128.4,0,2.0
2498,treatment,12,1,253.5,1,5.0
2499,control,11,0,0.0,0,
2499,control,21,1,90.6,0,1.0
2499,control,10,1,134.7,0,2.0
2500,treatment,4,1,141.0,1,1.0
2500,treatment,4,0,0.0,0,
2501,treatment,14,1,200.5,0,4.0
2501,treatment,9,1,233.7,0,1.0
2501,treatment,8,1,141.6,0,2.0
2502,control,6,1,168.4,0,2.0
2502,control,9,1,137.8,0,4.0
2502,control,21,1,220.5,0,1.0
2503,control,6,1,238.6,0,2.0
2503,control,9,0,0.0,1,
2504,treatment,9,0,0.0,1,
2505,treatment,13,1,136.7,1,1.0
2505,treatment,10,0,0.0,1,
2506,control,13,0,0.0,0,
2507,control,11,1,226.5,0,4.0
2508,treatment,8,1,121.4,0,5.0
2508,treatment,19,1,166.0,1,1.0
2508,treatment,15,0,0.0,1,
2509,treatment,18,1,132.3,0,4.0
2509,treatment,18,0,0.0,0,
2510,treatment,19,1,190.3,0,3.0
2510,treatment,8,0,0.0,1,
2510,treatment,11,1,154.6,0,2.0
2511,treatment,10,1,159.9,0,1.0
2511,treatment,14,1,234.5,1,3.0
2511,treatment,15,0,0.0,0,
2512,control,17,0,0.0,1,
2512,control,21,0,0.0,0,
2513,treatment,3,1,155.3,0,3.0
2513,treatment,20,0,0.0,0,
2514,treatment,11,0,0.0,1,
2514,treatment,2,1,224.3,0,1.0
2514,treatment,19,1,154.8,0,3.0
2515,control,21,0,0.0,0,
2515,control,20,0,0.0,1,
2515,control,15,0,0.0,0,
2516,treatment,11,0,0.0,0,
2516,treatment,6,1,112.5,1,2.0
2517,control,6,0,0.0,1,
2517,control,21,0,0.0,0,
2518,treatment,18,1,167.0,0,2.0
2518,treatment,17,0,0.0,0,
2518,treatment,6,1,210.6,0,5.0
2519,treatment,16,0,0.0,1,
2520,control,8,1,131.3,0,4.0
2520,control,6,1,271.8,0,2.0
2521,control,5,1,169.1,1,2.0
2521,control,11,1,84.2,0,1.0
2521,control,2,1,158.8,0,2.0
2522,treatment,1,0,0.0,0,
2523,treatment,20,1,173.0,1,3.0
2523,treatment,20,0,0.0,0,
2524,treatment,11,1,106.0,0,1.0
2525,control,18,1,135.0,0,3.0
2525,control,12,0,0.0,1,
2526,treatment,2,0,0.0,0,
2527,control,13,1,186.6,0,2.0
2527,control,13,1,159.8,0,2.0
2528,control,19,1,69.9,0,2.0
2529,treatment,20,1,279.3,0,2.0
2529,treatment,14,0,0.0,0,
2529,treatment,17,0,0.0,0,
2530,control,13,0,0.0,1,
2530,control,3,1,250.4,0,3.0
2531,treatment,10,0,0.0,0,
2532,treatment,8,1,166.5,0,1.0
2532,treatment,14,1,271.2,0,5.0
2533,treatment,21,1,182.1,0,1.0
2533,treatment,7,1,172.5,1,1.0
2534,treatment,1,0,0.0,1,
2535,treatment,6,1,211.3,0,1.0
2535,treatment,3,0,0.0,0,
2535,treatment,13,1,260.0,0,3.0
2536,control,20,0,0.0,1,
2536,control,20,0,0.0,0,
2537,control,9,0,0.0,0,
2537,control,21,0,0.0,0,
2538,treatment,7,0,0.0,0,
2539,treatment,12,1,206.7,0,5.0
2539,treatment,21,1,189.6,0,1.0
2540,control,4,0,0.0,1,
2540,control,20,0,0.0,1,
2541,control,3,0,0.0,0,
2541,control,7,0,0.0,1,
2542,control,5,1,115.0,0,1.0
2542,control,6,1,225.5,0,1.0
2542,control,9,1,185.5,1,1.0
2543,control,11,0,0.0,1,
2543,control,4,1,231.5,0,3.0
2544,treatment,17,0,0.0,0,
2544,treatment,6,0,0.0,0,
2544,treatment,14,0,0.0,0,
2545,treatment,5,0,0.0,0,
2545,treatment,18,0,0.0,0,
2545,treatment,13,0,0.0,1,
2546,control,17,0,0.0,0,
2546,control,14,1,85.0,0,1.0
2547,treatment,13,1,171.4,0,5.0
2548,control,18,0,0.0,0,
2548,control,9,1,5.0,0,1.0
2549,treatment,17,1,154.7,0,2.0
2550,control,14,0,0.0,1,
2550,control,3,1,57.1,1,2.0
2551,treatment,19,0,0.0,1,
2552,control,17,0,0.0,1,
2553,control,2,1,113.5,0,2.0
2553,control,5,0,0.0,0,
2554,treatment,2,0,0.0,0,
2554,treatment,14,1,130.6,0,1.0
2554,treatment,21,0,0.0,0,
2555,control,4,1,119.2,0,3.0
2556,treatment,18,1,139.0,0,1.0
2556,treatment,15,1,220.3,1,1.0
2556,treatment,16,1,162.6,1,1.0
2557,treatment,20,1,116.6,0,1.0
2557,treatment,2,0,0.0,0,
2558,control,21,1,161.3,1,1.0
2558,control,3,1,228.4,1,5.0
2558,control,9,1,208.4,0,1.0
2559,treatment,14,1,183.7,1,2.0
2560,treatment,16,0,0.0,0,
2560,treatment,19,0,0.0,0,
2561,treatment,8,1,207.4,0,2.0
2561,treatment,3,1,202.5,1,1.0
2561,treatment,12,1,49.2,1,1.0
2562,treatment,14,1,220.0,0,3.0
2562,treatment,21,0,0.0,1,
2563,treatment,8,0,0.0,0,
2563,treatment,11,1,259.2,0,1.0
2564,control,1,1,213.4,0,1.0
2564,control,8,0,0.0,1,
2565,treatment,17,1,198.8,1,1.0
2566,treatment,14,1,252.2,1,1.0
2567,treatment,4,1,234.8,0,1.0
2567,treatment,13,1,159.9,0,1.0
2567,treatment,20,0,0.0,0,
2568,treatment,5,0,0.0,0,
2568,treatment,2,0,0.0,1,
2569,treatment,17,1,103.9,0,2.0
2569,treatment,20,1,147.8,1,4.0
2569,treatment,21,0,0.0,0,
2570,control,10,1,136.2,1,4.0
2571,treatment,11,1,11.3,0,3.0
2571,treatment,7,1,230.1,0,4.0
2572,control,21,1,133.6,0,2.0
2572,control,11,1,173.7,1,5.0
2573,control,1,1,141.0,1,4.0
2573,control,17,1,190.8,0,3.0
2573,control,1,0,0.0,1,
2574,control,6,0,0.0,0,
2574,control,6,0,0.0,0,
2575,control,1,1,118.9,0,5.0
2576,treatment,5,1,223.9,0,1.0
2577,control,17,1,212.7,0,1.0
2577,control,7,1,224.4,0,2.0
2578,control,19,0,0.0,1,
2579,treatment,14,0,0.0,1,
2579,treatment,16,1,104.9,0,3.0
2579,treatment,11,0,0.0,0,
2580,treatment,6,0,0.0,0,
2580,treatment,6,1,243.7,1,3.0
2581,treatment,9,0,0.0,0,
2581,treatment,1,1,309.3,0,1.0
2581,treatment,2,1,138.7,0,4.0
2582,control,6,1,98.3,1,1.0
2583,treatment,6,0,0.0,0,
2583,treatment,6,0,0.0,0,
2583,treatment,10,1,87.8,0,1.0
2584,treatment,21,1,183.1,0,3.0
2584,treatment,6,1,244.4,0,3.0
2584,treatment,13,0,0.0,0,
2585,control,9,0,0.0,1,
2585,control,12,1,125.4,0,1.0
2586,treatment,18,0,0.0,0,
2586,treatment,16,1,176.5,0,4.0
2587,treatment,7,0,0.0,0,
2587,treatment,1,1,148.7,0,1.0
2588,treatment,9,1,194.2,0,1.0
2588,treatment,6,1,200.2,0,1.0
2588,treatment,10,1,149.0,0,4.0
2589,treatment,2,0,0.0,0,
2589,treatment,17,0,0.0,0,
2589,treatment,5,1,248.0,1,3.0
2590,control,10,1,72.6,0,4.0
2590,control,1,1,160.7,1,1.0
2590,control,16,1,104.1,1,3.0
2591,treatment,12,0,0.0,0,
2591,treatment,1,0,0.0,0,
2591,treatment,15,0,0.0,1,
2592,treatment,13,0,0.0,1,
2592,treatment,12,0,0.0,0,
2593,control,21,0,0.0,0,
2593,control,11,0,0.0,0,
2594,treatment,21,0,0.0,0,
2595,control,20,0,0.0,1,
2595,control,13,1,61.6,1,2.0
2596,treatment,16,0,0.0,0,
2596,treatment,10,1,151.4,1,5.0
2597,control,14,1,146.6,1,2.0
2598,control,11,1,67.7,0,1.0
2599,control,15,0,0.0,0,
2599,control,20,0,0.0,1,
2599,control,21,1,185.6,1,2.0
2600,control,19,0,0.0,0,
2600,control,6,1,246.5,1,1.0
2600,control,12,1,199.4,1,3.0
2601,treatment,17,1,226.9,0,1.0
2602,control,8,0,0.0,0,
2603,treatment,1,1,238.0,0,1.0
2603,treatment,3,1,270.4,0,1.0
2604,control,17,1,235.5,1,3.0
2605,control,20,0,0.0,1,
2606,control,6,0,0.0,1,
2606,control,13,0,0.0,1,
2607,treatment,13,0,0.0,0,
2607,treatment,3,0,0.0,1,
2607,treatment,3,1,250.6,0,5.0
2608,control,21,1,168.4,0,1.0
2609,treatment,13,1,60.5,0,3.0
2609,treatment,18,1,155.0,0,3.0
2610,treatment,10,1,190.1,1,3.0
2611,treatment,8,0,0.0,0,
2611,treatment,10,0,0.0,0,
2612,treatment,9,0,0.0,1,
2613,treatment,8,0,0.0,0,
2613,treatment,17,0,0.0,0,
2613,treatment,21,1,236.0,0,1.0
2614,treatment,10,0,0.0,1,
2614,treatment,17,1,158.8,0,2.0
2615,treatment,5,0,0.0,1,
2615,treatment,7,0,0.0,0,
2615,treatment,5,1,216.6,1,1.0
2616,treatment,14,1,135.5,0,1.0
2617,treatment,1,1,142.0,0,1.0
2618,control,7,0,0.0,0,
2618,control,12,1,121.9,0,1.0
2619,control,18,1,130.9,0,1.0
2619,control,5,1,193.6,0,1.0
2620,control,13,1,197.9,0,1.0
2620,control,1,0,0.0,1,
2620,control,18,1,182.9,0,2.0
2621,control,5,1,150.5,0,2.0
2621,control,13,0,0.0,0,
2622,control,19,0,0.0,1,
2623,treatment,13,1,233.1,0,2.0
2624,treatment,16,1,118.9,1,2.0
2624,treatment,6,1,355.9,1,2.0
2625,treatment,1,0,0.0,0,
2626,treatment,10,1,181.3,0,2.0
2626,treatment,20,0,0.0,0,
2626,treatment,21,0,0.0,1,
2627,treatment,18,0,0.0,0,
2628,treatment,13,0,0.0,1,
2629,treatment,16,1,273.2,0,2.0
2630,control,6,0,0.0,1,
2631,control,4,1,169.8,1,5.0
2632,control,9,0,0.0,0,
2632,control,14,1,161.5,1,1.0
2632,control,19,1,66.5,0,1.0
2633,control,3,0,0.0,0,
2634,treatment,2,0,0.0,1,
2634,treatment,21,0,0.0,0,
2635,treatment,13,1,151.3,0,1.0
2636,treatment,15,1,257.4,0,1.0
2636,treatment,17,1,259.7,0,2.0
2636,treatment,15,0,0.0,0,
2637,control,20,0,0.0,0,
2637,control,18,0,0.0,0,
2637,control,7,0,0.0,1,
2638,treatment,7,1,164.8,0,1.0
2638,treatment,11,1,104.3,0,1.0
2639,treatment,15,0,0.0,0,
2639,treatment,7,1,80.6,0,1.0
2639,treatment,19,0,0.0,1,
2640,treatment,5,1,218.0,0,1.0
2640,treatment,10,1,114.2,0,2.0
2641,control,8,1,227.9,0,1.0
2641,control,21,0,0.0,0,
2642,treatment,21,1,120.1,0,2.0
2642,treatment,9,0,0.0,0,
2643,control,15,1,100.9,0,1.0
2643,control,9,1,95.0,1,1.0
2644,control,13,1,175.5,1,4.0
2645,control,10,1,157.7,1,4.0
2645,control,14,0,0.0,1,
2645,control,12,1,273.6,0,5.0
2646,control,20,1,237.4,0,2.0
2646,control,3,0,0.0,0,
2646,control,3,0,0.0,0,
2647,treatment,1,0,0.0,1,
2647,treatment,2,1,148.7,1,1.0
2647,treatment,3,0,0.0,0,
2648,control,13,1,231.2,0,1.0
2648,control,15,1,99.1,1,1.0
2648,control,10,0,0.0,0,
2649,control,1,0,0.0,0,
2649,control,11,0,0.0,0,
2650,treatment,2,0,0.0,0,
2651,treatment,14,1,190.2,0,1.0
2651,treatment,17,0,0.0,0,
2652,control,18,1,113.9,0,3.0
2653,treatment,15,1,101.6,0,5.0
2653,treatment,4,0,0.0,0,
2653,treatment,18,1,163.7,0,1.0
2654,control,20,1,229.6,0,5.0
2655,control,3,0,0.0,0,
2655,control,10,0,0.0,0,
2656,control,11,1,173.1,1,1.0
2656,control,14,0,0.0,1,
2657,control,15,1,245.3,0,1.0
2658,treatment,6,1,145.5,0,1.0
2659,control,19,1,185.1,0,1.0
2659,control,1,1,189.4,0,2.0
2659,control,21,1,173.3,0,1.0
2660,treatment,9,1,219.7,1,4.0
2660,treatment,6,1,233.6,0,4.0
2661,treatment,14,0,0.0,1,
2661,treatment,5,1,113.9,0,1.0
2661,treatment,2,0,0.0,0,
2662,treatment,2,1,181.0,0,4.0
2662,treatment,17,1,187.2,0,2.0
2662,treatment,4,0,0.0,1,
2663,treatment,1,0,0.0,0,
2664,control,5,1,187.5,1,3.0
2664,control,7,1,74.7,0,1.0
2664,control,13,0,0.0,0,
2665,treatment,8,0,0.0,0,
2665,treatment,1,0,0.0,0,
2665,treatment,14,0,0.0,1,
2666,control,18,0,0.0,1,
2666,control,18,0,0.0,0,
2667,treatment,20,1,272.0,0,1.0
2667,treatment,10,1,204.9,0,1.0
2668,treatment,17,0,0.0,0,
2668,treatment,14,1,70.6,1,1.0
2668,treatment,8,0,0.0,0,
2669,control,8,0,0.0,1,
2670,control,17,0,0.0,1,
2670,control,9,1,75.0,0,3.0
2671,control,5,0,0.0,1,
2671,control,1,1,220.5,0,1.0
2672,treatment,18,1,193.5,0,2.0
2672,treatment,14,0,0.0,0,
2673,treatment,18,0,0.0,1,
2673,treatment,1,1,200.2,0,2.0
2674,control,4,0,0.0,0,
2675,control,12,1,74.7,1,1.0
2675,control,11,1,66.0,1,1.0
2676,control,21,1,239.9,0,4.0
2676,control,7,0,0.0,0,
2677,control,11,1,199.6,1,2.0
2677,control,12,0,0.0,1,
2678,treatment,14,0,0.0,0,
2678,treatment,18,0,0.0,0,
2678,treatment,21,1,218.8,0,4.0
2679,control,6,0,0.0,1,
2679,control,6,1,128.6,0,3.0
2679,control,20,0,0.0,0,
2680,control,3,1,188.7,0,4.0
2680,control,12,0,0.0,0,
2681,control,2,0,0.0,0,
2681,control,12,0,0.0,0,
2681,control,9,0,0.0,0,
2682,control,10,0,0.0,1,
2682,control,18,0,0.0,1,
2683,treatment,9,1,127.7,0,2.0
2683,treatment,3,0,0.0,0,
2683,treatment,2,0,0.0,0,
2684,control,10,1,113.9,1,1.0
2684,control,6,0,0.0,0,
2685,treatment,21,1,182.9,0,2.0
2685,treatment,11,0,0.0,0,
2686,control,19,1,94.0,0,1.0
2687,control,10,0,0.0,1,
2687,control,4,1,303.9,1,4.0
2687,control,17,1,235.2,1,1.0
2688,treatment,8,1,291.6,0,1.0
2688,treatment,7,1,148.2,1,1.0
2688,treatment,3,0,0.0,0,
2689,control,13,0,0.0,0,
2689,control,11,1,221.9,1,2.0
2689,control,10,0,0.0,1,
2690,treatment,17,0,0.0,0,
2690,treatment,10,1,111.0,0,1.0
2691,treatment,16,1,164.7,0,1.0
2691,treatment,21,1,192.4,1,1.0
2692,control,20,1,127.2,0,1.0
2693,treatment,16,0,0.0,0,
2694,treatment,8,0,0.0,1,
2694,treatment,8,1,164.7,1,1.0
2694,treatment,21,1,173.4,0,1.0
2695,treatment,8,0,0.0,0,
2695,treatment,18,1,285.9,0,3.0
2695,treatment,1,1,119.9,0,1.0
2696,treatment,17,1,133.9,0,3.0
2696,treatment,13,0,0.0,0,
2697,treatment,5,0,0.0,0,
2697,treatment,6,1,155.3,1,2.0
2698,treatment,2,0,0.0,0,
2698,treatment,6,0,0.0,0,
2698,treatment,2,1,100.7,0,1.0
2699,treatment,1,1,179.2,0,4.0
2699,treatment,13,1,220.5,0,1.0
2699,treatment,11,1,177.5,0,1.0
2700,treatment,1,1,179.0,0,2.0
2700,treatment,17,0,0.0,0,
2700,treatment,15,1,268.2,0,1.0
2701,control,18,0,0.0,0,
2701,control,16,0,0.0,0,
2702,control,19,1,254.2,0,1.0
2702,control,19,1,138.3,0,5.0
2703,treatment,6,1,140.3,0,1.0
2704,control,8,1,85.4,0,5.0
2705,treatment,14,1,165.0,0,1.0
2706,treatment,5,1,230.0,0,3.0
2707,control,15,1,148.1,0,1.0
2708,treatment,2,0,0.0,0,
2708,treatment,10,1,133.0,0,3.0
2709,treatment,2,0,0.0,0,
2709,treatment,10,0,0.0,0,
2710,treatment,11,0,0.0,1,
2710,treatment,6,0,0.0,0,
2710,treatment,18,1,162.1,0,2.0
2711,treatment,9,0,0.0,0,
2711,treatment,8,0,0.0,0,
2711,treatment,13,0,0.0,1,
2712,control,15,0,0.0,1,
2713,treatment,16,1,242.1,0,2.0
2713,treatment,19,0,0.0,1,
2713,treatment,7,1,273.9,0,2.0
2714,treatment,11,1,236.2,0,2.0
2715,treatment,14,1,193.0,0,1.0
2716,control,2,1,108.1,0,3.0
2716,control,3,0,0.0,0,
2717,treatment,16,1,256.3,1,1.0
2717,treatment,15,0,0.0,1,
2718,control,4,1,110.9,0,1.0
2718,control,7,0,0.0,0,
2718,control,20,1,104.1,0,1.0
2719,control,15,0,0.0,0,
2719,control,21,0,0.0,0,
2720,treatment,9,1,220.3,0,1.0
2720,treatment,3,0,0.0,0,
2720,treatment,4,1,174.6,1,1.0
2721,treatment,20,0,0.0,0,
2721,treatment,13,1,110.0,0,1.0
2721,treatment,6,0,0.0,1,
2722,control,19,1,108.8,0,1.0
2722,control,13,1,162.9,1,2.0
2722,control,9,0,0.0,1,
2723,treatment,7,1,212.8,1,2.0
2723,treatment,12,0,0.0,0,
2723,treatment,9,1,220.0,1,1.0
2724,control,21,0,0.0,0,
2725,control,8,0,0.0,0,
2726,treatment,18,1,158.4,1,2.0
2727,treatment,11,1,106.5,0,5.0
2727,treatment,13,0,0.0,0,
2728,control,4,0,0.0,0,
2728,control,9,0,0.0,1,
2728,control,4,0,0.0,0,
2729,control,12,0,0.0,1,
2729,control,19,0,0.0,0,
2729,control,1,0,0.0,0,
2730,control,16,0,0.0,0,
2730,control,1,0,0.0,0,
2731,control,10,1,150.4,0,2.0
2731,control,1,1,134.6,0,2.0
2732,treatment,13,0,0.0,0,
2733,treatment,4,1,274.6,0,4.0
2733,treatment,20,1,240.5,0,2.0
2734,treatment,4,0,0.0,0,
2734,treatment,13,1,143.2,0,1.0
2735,treatment,21,1,301.4,0,4.0
2735,treatment,21,1,196.1,0,1.0
2736,treatment,3,0,0.0,0,
2736,treatment,6,0,0.0,0,
2737,control,16,1,85.6,0,2.0
2737,control,19,1,112.5,1,5.0
2738,treatment,7,0,0.0,1,
2738,treatment,15,1,58.6,1,1.0
2739,treatment,12,0,0.0,0,
2740,treatment,20,1,199.0,0,1.0
2740,treatment,20,1,214.4,0,1.0
2740,treatment,16,0,0.0,0,
2741,treatment,14,0,0.0,0,
2742,treatment,3,1,121.7,0,1.0
2742,treatment,14,1,161.6,0,2.0
2742,treatment,16,0,0.0,1,
2743,control,1,0,0.0,0,
2743,control,16,1,158.9,0,1.0
2743,control,17,0,0.0,0,
2744,control,8,1,198.2,0,1.0
2745,control,14,1,115.9,1,2.0
2745,control,20,1,136.3,1,4.0
2746,treatment,17,0,0.0,0,
2747,control,20,1,95.1,0,5.0
2748,control,4,1,205.6,1,1.0
2749,treatment,13,1,155.7,0,3.0
2749,treatment,11,0,0.0,0,
2749,treatment,6,1,132.9,0,4.0
2750,treatment,15,0,0.0,0,
2750,treatment,8,0,0.0,0,
2751,treatment,13,1,263.1,1,2.0
2751,treatment,19,1,128.9,0,3.0
2752,control,20,0,0.0,1,
2753,control,17,1,134.8,1,1.0
2753,control,16,1,201.3,0,1.0
2754,treatment,15,1,95.1,0,2.0
2755,treatment,14,0,0.0,0,
2755,treatment,19,1,233.5,0,3.0
2756,control,16,0,0.0,1,
2757,control,17,1,167.1,1,1.0
2758,treatment,16,0,0.0,0,
2759,treatment,12,1,41.9,0,2.0
2760,control,9,0,0.0,0,
2761,treatment,7,0,0.0,0,
2761,treatment,6,1,230.8,0,1.0
2762,control,19,0,0.0,1,
2762,control,20,0,0.0,0,
2763,control,1,1,159.9,0,2.0
2764,control,11,1,200.6,0,3.0
2764,control,4,0,0.0,1,
2765,control,15,0,0.0,0,
2765,control,2,0,0.0,0,
2765,control,2,1,48.0,1,1.0
2766,treatment,15,0,0.0,0,
2766,treatment,4,1,7.1,0,1.0
2767,treatment,2,0,0.0,0,
2767,treatment,21,1,230.6,0,1.0
2768,control,11,0,0.0,0,
2768,control,8,1,165.5,0,5.0
2769,control,13,0,0.0,0,
2770,control,9,0,0.0,0,
2770,control,5,1,201.2,1,2.0
2771,control,7,0,0.0,0,
2771,control,19,1,143.4,0,5.0
2771,control,10,0,0.0,0,
2772,control,3,1,111.0,0,1.0
2773,treatment,19,1,223.0,0,1.0
2774,treatment,12,0,0.0,0,
2774,treatment,7,1,201.7,0,1.0
2775,treatment,12,1,171.2,0,1.0
2776,treatment,19,1,113.7,0,2.0
2776,treatment,3,1,201.2,0,5.0
2777,control,21,0,0.0,0,
2777,control,21,1,179.2,0,2.0
2778,control,11,1,190.4,0,2.0
2778,control,20,1,169.1,1,1.0
2779,control,7,1,63.7,1,2.0
2779,control,6,1,80.1,1,3.0
2779,control,6,1,182.3,0,1.0
2780,control,10,1,294.8,0,4.0
2780,control,16,1,214.6,1,2.0
2780,control,10,1,210.8,0,5.0
2781,control,15,1,5.0,1,5.0
2781,control,7,0,0.0,1,
2781,control,14,1,110.1,1,2.0
2782,treatment,9,0,0.0,1,
2783,control,7,0,0.0,0,
2784,treatment,8,0,0.0,0,
2784,treatment,18,1,210.8,0,2.0
2784,treatment,9,1,273.1,1,3.0
2785,treatment,7,1,225.1,0,1.0
2785,treatment,17,1,189.8,1,1.0
2786,treatment,7,1,205.1,0,1.0
2787,treatment,16,1,107.3,1,1.0
2787,treatment,9,0,0.0,0,
2787,treatment,3,1,129.1,1,1.0
2788,control,1,1,190.0,0,1.0
2788,control,20,0,0.0,0,
2789,treatment,6,1,115.1,0,2.0
2789,treatment,1,1,254.0,1,2.0
2790,treatment,8,1,314.5,0,1.0
2791,treatment,4,0,0.0,0,
2791,treatment,7,1,181.2,0,2.0
2791,treatment,15,0,0.0,0,
2792,control,15,0,0.0,1,
2792,control,8,0,0.0,0,
2793,control,16,0,0.0,0,
2793,control,8,1,148.2,1,2.0
2793,control,13,0,0.0,0,
2794,control,11,0,0.0,0,
2794,control,16,0,0.0,0,
2795,treatment,21,0,0.0,0,
2795,treatment,4,0,0.0,0,
2795,treatment,5,1,165.8,0,1.0
2796,treatment,1,0,0.0,0,
2797,control,14,1,113.0,1,1.0
2797,control,16,0,0.0,1,
2797,control,1,1,63.0,0,3.0
2798,treatment,12,1,190.0,0,2.0
2799,control,10,0,0.0,0,
2800,control,19,0,0.0,0,
2801,treatment,5,1,156.6,0,3.0
2801,treatment,2,1,101.5,0,2.0
2801,treatment,2,1,216.1,0,1.0
2802,treatment,21,1,101.9,0,1.0
2802,treatment,19,1,238.5,0,1.0
2803,treatment,21,1,143.8,0,1.0
2804,treatment,9,0,0.0,0,
2804,treatment,4,1,210.6,0,1.0
2805,control,2,1,34.6,0,2.0
2805,control,20,0,0.0,0,
2805,control,19,0,0.0,1,
2806,control,14,1,116.9,0,1.0
2806,control,17,1,186.4,0,1.0
2806,control,4,0,0.0,0,
2807,control,16,1,213.7,0,2.0
2807,control,14,0,0.0,0,
2808,control,19,1,162.1,0,3.0
2808,control,1,0,0.0,0,
2808,control,10,0,0.0,0,
2809,control,2,1,141.3,1,1.0
2809,control,5,1,183.7,0,1.0
2809,control,9,1,159.1,1,4.0
2810,treatment,17,1,189.2,0,4.0
2810,treatment,8,0,0.0,0,
2810,treatment,16,0,0.0,0,
2811,control,12,1,201.8,0,2.0
2812,control,10,0,0.0,0,
2812,control,8,0,0.0,0,
2813,control,11,1,169.6,0,1.0
2813,control,20,1,196.5,0,1.0
2813,control,7,0,0.0,0,
2814,treatment,8,1,244.9,0,1.0
2815,treatment,15,1,247.8,0,1.0
2816,treatment,8,1,149.1,0,1.0
2816,treatment,7,0,0.0,0,
2817,treatment,13,0,0.0,0,
2818,control,17,0,0.0,1,
2818,control,15,1,210.7,0,1.0
2818,control,7,1,187.1,0,3.0
2819,control,2,0,0.0,1,
2820,treatment,17,1,174.5,0,1.0
2820,treatment,6,1,167.1,1,3.0
2820,treatment,13,1,73.9,0,2.0
2821,treatment,10,0,0.0,0,
2822,control,4,0,0.0,0,
2822,control,14,0,0.0,0,
2822,control,14,0,0.0,0,
2823,control,9,1,86.7,0,4.0
2823,control,20,0,0.0,1,
2823,control,9,1,180.1,0,5.0
2824,treatment,19,0,0.0,1,
2824,treatment,9,0,0.0,1,
2825,treatment,13,1,126.2,0,1.0
2826,treatment,20,1,261.2,0,3.0
2827,treatment,11,1,229.0,0,1.0
2827,treatment,20,0,0.0,0,
2827,treatment,9,1,218.8,0,1.0
2828,control,13,1,125.1,0,1.0
2828,control,20,0,0.0,0,
2829,control,19,1,109.3,0,1.0
2829,control,12,0,0.0,0,
2829,control,20,0,0.0,0,
2830,control,12,1,98.1,0,4.0
2830,control,21,0,0.0,0,
2830,control,4,1,234.5,0,1.0
2831,treatment,7,1,100.2,0,2.0
2831,treatment,18,1,213.1,0,2.0
2831,treatment,18,1,189.0,0,2.0
2832,treatment,15,1,182.3,0,1.0
2832,treatment,21,0,0.0,1,
2833,control,12,0,0.0,0,
2833,control,4,0,0.0,1,
2834,control,14,1,57.2,0,1.0
2834,control,6,1,181.2,0,5.0
2835,control,16,0,0.0,1,
2835,control,7,1,75.3,0,2.0
2836,control,8,0,0.0,0,
2837,treatment,21,1,195.1,1,1.0
2837,treatment,14,1,155.1,0,1.0
2837,treatment,20,0,0.0,1,
2838,control,14,1,281.5,0,3.0
2839,control,8,0,0.0,0,
2839,control,11,1,237.9,0,2.0
2839,control,21,1,155.6,1,2.0
2840,control,20,1,231.5,0,1.0
2840,control,16,0,0.0,0,
2840,control,16,1,214.2,1,1.0
2841,control,11,1,174.9,0,1.0
2841,control,8,1,181.7,0,1.0
2841,control,4,0,0.0,0,
2842,control,8,1,95.6,1,1.0
2842,control,3,0,0.0,1,
2843,control,2,0,0.0,0,
2843,control,15,0,0.0,1,
2843,control,16,0,0.0,0,
2844,control,13,0,0.0,1,
2844,control,7,1,92.6,1,2.0
2845,treatment,11,0,0.0,0,
2845,treatment,7,0,0.0,0,
2846,treatment,10,1,127.0,0,1.0
2846,treatment,20,1,148.3,0,2.0
2847,treatment,5,0,0.0,0,
2847,treatment,20,0,0.0,1,
2848,treatment,15,1,222.2,0,1.0
2848,treatment,20,1,158.3,0,3.0
2849,control,1,0,0.0,1,
2850,treatment,5,0,0.0,0,
2851,treatment,15,1,188.7,0,1.0
2851,treatment,10,0,0.0,0,
2851,treatment,1,1,173.9,0,1.0
2852,control,4,1,250.8,1,1.0
2853,control,9,0,0.0,1,
2853,control,5,1,239.5,1,4.0
2854,treatment,17,1,289.2,0,5.0
2854,treatment,6,0,0.0,1,
2854,treatment,21,1,146.7,0,5.0
2855,treatment,12,0,0.0,1,
2856,control,19,0,0.0,0,
2856,control,17,0,0.0,1,
2857,treatment,5,0,0.0,0,
2858,control,7,0,0.0,0,
2858,control,12,1,241.5,0,4.0
2858,control,21,0,0.0,0,
2859,control,12,0,0.0,0,
2860,control,10,1,84.5,0,3.0
2861,control,3,1,152.0,0,2.0
2862,treatment,20,0,0.0,1,
2863,control,7,0,0.0,0,
2863,control,11,0,0.0,0,
2863,control,18,0,0.0,1,
2864,control,21,0,0.0,0,
2864,control,4,1,224.6,0,2.0
2864,control,9,0,0.0,0,
2865,treatment,2,1,274.9,0,1.0
2866,control,19,0,0.0,1,
2866,control,11,1,227.7,0,2.0
2866,control,4,0,0.0,0,
2867,treatment,11,0,0.0,0,
2867,treatment,8,1,224.3,1,1.0
2868,treatment,20,0,0.0,0,
2869,treatment,19,1,162.5,1,3.0
2870,control,16,1,157.9,1,4.0
2870,control,15,1,206.8,0,1.0
2870,control,10,1,93.6,0,1.0
2871,treatment,17,0,0.0,0,
2872,treatment,7,1,168.7,1,1.0
2872,treatment,19,0,0.0,1,
2872,treatment,9,0,0.0,0,
2873,control,14,1,137.2,0,3.0
2873,control,9,0,0.0,0,
2873,control,5,0,0.0,0,
2874,treatment,9,1,158.8,0,2.0
2874,treatment,6,0,0.0,1,
2874,treatment,11,0,0.0,0,
2875,treatment,15,0,0.0,0,
2875,treatment,8,0,0.0,0,
2876,treatment,6,0,0.0,0,
2876,treatment,1,1,147.8,1,1.0
2876,treatment,9,1,181.7,0,4.0
2877,treatment,14,1,189.2,0,4.0
2878,treatment,9,0,0.0,0,
2879,control,7,0,0.0,1,
2879,control,9,1,184.3,0,1.0
2880,treatment,11,0,0.0,0,
2880,treatment,16,0,0.0,0,
2880,treatment,20,1,216.9,0,2.0
2881,treatment,6,0,0.0,0,
2882,control,2,1,136.2,0,4.0
2882,control,8,0,0.0,0,
2882,control,5,1,199.7,1,3.0
2883,control,13,0,0.0,0,
2884,control,19,0,0.0,1,
2884,control,6,1,145.0,0,2.0
2885,treatment,16,1,213.1,1,2.0
2885,treatment,10,1,207.7,0,3.0
2885,treatment,14,1,187.0,0,2.0
2886,control,21,0,0.0,0,
2886,control,9,1,179.6,0,4.0
2887,treatment,8,0,0.0,0,
2888,treatment,19,0,0.0,1,
2888,treatment,8,1,223.9,1,3.0
2888,treatment,17,1,232.4,1,1.0
2889,control,19,0,0.0,0,
2890,control,11,0,0.0,1,
2890,control,1,0,0.0,0,
2891,treatment,7,0,0.0,0,
2891,treatment,10,1,153.7,0,1.0
2891,treatment,4,1,136.1,0,4.0
2892,control,20,0,0.0,0,
2892,control,9,0,0.0,0,
2893,treatment,6,1,279.8,0,1.0
2893,treatment,17,0,0.0,0,
2893,treatment,8,0,0.0,1,
2894,control,18,0,0.0,0,
2894,control,18,1,74.6,0,1.0
2894,control,14,0,0.0,1,
2895,control,4,0,0.0,0,
2895,control,1,1,21.4,0,1.0
2896,control,16,0,0.0,0,
2896,control,9,1,190.1,0,1.0
2897,treatment,17,0,0.0,1,
2897,treatment,14,1,221.8,1,1.0
2897,treatment,8,0,0.0,0,
2898,control,2,1,138.4,0,2.0
2899,treatment,10,0,0.0,0,
2899,treatment,11,1,287.6,1,1.0
2900,treatment,14,1,132.3,0,1.0
2900,treatment,4,0,0.0,1,
2900,treatment,3,1,135.3,1,1.0
2901,treatment,16,1,157.3,0,1.0
2902,treatment,15,1,123.2,0,3.0
2903,control,18,0,0.0,1,
2903,control,14,1,126.1,1,2.0
2903,control,11,0,0.0,0,
2904,treatment,15,1,106.0,0,4.0
2904,treatment,19,1,170.6,0,1.0
2905,treatment,8,1,99.0,0,2.0
2905,treatment,13,1,114.6,1,3.0
2905,treatment,14,1,229.9,1,1.0
2906,control,18,0,0.0,0,
2907,treatment,15,0,0.0,0,
2908,control,7,0,0.0,1,
2909,treatment,14,1,276.1,0,1.0
2909,treatment,1,1,260.5,1,2.0
2910,control,12,0,0.0,0,
2911,treatment,13,0,0.0,1,
2912,control,6,1,90.7,0,1.0
2912,control,17,0,0.0,1,
2912,control,18,1,180.1,1,3.0
2913,treatment,18,1,197.7,0,5.0
2913,treatment,7,0,0.0,0,
2914,treatment,11,1,136.4,1,1.0
2914,treatment,3,1,135.7,1,2.0
2915,control,18,0,0.0,1,
2915,control,2,0,0.0,1,
2916,control,4,1,164.2,1,3.0
2916,control,10,0,0.0,0,
2917,control,10,1,198.2,0,5.0
2917,control,11,0,0.0,1,
2917,control,13,1,159.5,1,1.0
2918,control,19,1,107.7,1,1.0
2918,control,3,1,155.9,0,1.0
2918,control,3,1,128.4,1,2.0
2919,treatment,18,0,0.0,0,
2919,treatment,21,1,121.2,1,4.0
2920,treatment,16,1,115.6,0,2.0
2920,treatment,10,0,0.0,1,
2921,control,10,1,150.7,0,3.0
2921,control,9,1,171.6,0,1.0
2922,treatment,3,1,230.9,1,1.0
2923,control,16,0,0.0,1,
2923,control,3,1,222.9,0,1.0
2924,control,11,0,0.0,0,
2925,treatment,5,0,0.0,0,
2926,treatment,8,1,219.7,0,2.0
2926,treatment,1,1,170.2,1,1.0
2926,treatment,2,0,0.0,1,
2927,treatment,21,0,0.0,1,
2927,treatment,5,1,202.5,0,3.0
2927,treatment,1,0,0.0,1,
2928,treatment,12,1,221.9,0,3.0
2928,treatment,18,1,150.2,0,1.0
2928,treatment,21,1,217.2,0,2.0
2929,treatment,6,1,182.6,0,1.0
2929,treatment,2,0,0.0,1,
2930,treatment,19,1,74.2,0,2.0
2931,treatment,15,1,125.3,0,3.0
2932,control,5,0,0.0,0,
2933,control,7,0,0.0,0,
2933,control,15,0,0.0,0,
2933,control,13,0,0.0,0,
2934,control,21,1,155.6,1,4.0
2935,control,14,0,0.0,1,
2936,control,11,0,0.0,1,
2937,treatment,4,1,261.8,0,1.0
2938,control,18,0,0.0,0,
2938,control,1,0,0.0,0,
2939,control,4,1,277.9,0,2.0
2939,control,3,1,195.6,0,1.0
2940,control,2,1,158.8,0,1.0
2940,control,7,0,0.0,0,
2940,control,7,1,126.7,1,5.0
2941,control,3,1,153.9,1,2.0
2941,control,21,1,98.7,0,4.0
2941,control,16,1,161.2,0,5.0
2942,control,18,1,142.9,0,1.0
2943,control,9,0,0.0,0,
2943,control,14,1,93.6,0,2.0
2944,control,12,1,96.8,0,4.0
2945,treatment,21,0,0.0,0,
2945,treatment,17,1,146.1,0,3.0
2945,treatment,4,1,222.9,0,2.0
2946,treatment,11,1,186.3,0,2.0
2946,treatment,9,1,229.3,1,1.0
2947,control,18,1,62.3,1,1.0
2948,treatment,10,0,0.0,0,
2949,treatment,17,1,101.3,0,1.0
2950,treatment,6,1,191.7,1,2.0
2950,treatment,1,0,0.0,0,
2951,treatment,2,0,0.0,0,
2951,treatment,7,0,0.0,1,
2952,control,16,1,173.7,1,1.0
2953,treatment,17,0,0.0,0,
2953,treatment,20,0,0.0,0,
2953,treatment,10,1,335.6,0,1.0
2954,treatment,14,1,294.8,0,1.0
2955,treatment,4,1,149.3,0,1.0
2955,treatment,9,1,214.3,0,1.0
2956,control,4,1,196.8,0,3.0
2957,control,21,0,0.0,0,
2957,control,10,1,215.0,0,3.0
2958,control,2,0,0.0,0,
2959,control,13,0,0.0,0,
2959,control,20,0,0.0,0,
2960,control,18,1,207.1,1,5.0
2961,control,15,1,231.1,1,1.0
2961,control,11,1,181.1,0,1.0
2962,control,1,1,66.3,1,1.0
2963,treatment,20,0,0.0,0,
2964,treatment,12,0,0.0,1,
2964,treatment,15,0,0.0,1,
2964,treatment,18,0,0.0,1,
2965,treatment,3,1,192.4,0,1.0
2966,control,1,1,132.9,0,3.0
2967,control,5,0,0.0,0,
2967,control,14,1,197.4,0,4.0
2968,control,8,0,0.0,0,
2968,control,3,1,149.1,0,5.0
2969,control,9,1,234.3,0,5.0
2969,control,3,0,0.0,0,
2969,control,14,1,158.3,0,1.0
2970,control,9,1,34.1,0,1.0
2971,treatment,15,0,0.0,1,
2971,treatment,7,1,209.2,0,5.0
2972,treatment,14,1,211.6,0,1.0
2972,treatment,8,0,0.0,0,
2972,treatment,6,1,177.5,1,4.0
2973,control,15,0,0.0,0,
2974,control,20,0,0.0,0,
2975,control,13,0,0.0,0,
2976,control,3,0,0.0,0,
2976,control,5,0,0.0,1,
2976,control,20,0,0.0,0,
2977,treatment,1,1,286.2,0,1.0
2977,treatment,10,1,229.1,0,2.0
2978,control,4,0,0.0,0,
2978,control,18,0,0.0,0,
2978,control,8,1,150.5,1,1.0
2979,control,20,0,0.0,1,
2979,control,15,1,44.5,0,4.0
2980,control,2,1,66.9,1,1.0
2981,control,8,0,0.0,1,
2981,control,16,1,109.1,0,2.0
2982,treatment,14,0,0.0,0,
2982,treatment,16,1,260.9,0,1.0
2982,treatment,4,1,165.0,0,2.0
2983,control,19,1,140.1,0,3.0
2983,control,17,0,0.0,1,
2983,control,4,0,0.0,1,
2984,control,9,1,155.1,1,2.0
2985,treatment,9,0,0.0,1,
2986,treatment,12,0,0.0,0,
2986,treatment,15,0,0.0,1,
2987,treatment,3,0,0.0,0,
2988,control,12,0,0.0,1,
2988,control,6,0,0.0,0,
2989,control,6,1,211.1,1,3.0
2990,treatment,7,1,209.7,0,1.0
2990,treatment,11,0,0.0,0,
2990,treatment,10,0,0.0,0,
2991,treatment,9,0,0.0,0,
2992,treatment,17,0,0.0,0,
2992,treatment,18,0,0.0,0,
2992,treatment,8,1,232.8,1,4.0
2993,treatment,6,1,307.7,0,5.0
2993,treatment,18,0,0.0,0,
2994,treatment,7,0,0.0,0,
2994,treatment,9,0,0.0,0,
2995,treatment,11,1,100.4,0,1.0
2995,treatment,11,1,156.3,0,1.0
2996,control,9,0,0.0,0,
2997,control,17,0,0.0,0,
2998,control,9,1,145.2,0,2.0
2998,control,12,0,0.0,1,
2998,control,15,0,0.0,1,
2999,treatment,7,0,0.0,0,
2999,treatment,11,0,0.0,0,
2999,treatment,18,0,0.0,0,
3000,treatment,4,1,160.6,0,1.0
3000,treatment,20,0,0.0,1,
3000,treatment,19,1,238.7,1,3.0
3001,treatment,18,0,0.0,0,
3002,treatment,11,0,0.0,0,
3002,treatment,13,0,0.0,0,
3002,treatment,16,1,204.2,0,3.0
3003,treatment,11,1,93.6,0,3.0
3003,treatment,12,0,0.0,0,
3004,treatment,20,1,202.6,0,1.0
3004,treatment,12,1,132.7,1,4.0
3005,control,7,0,0.0,1,
3005,control,2,0,0.0,1,
3006,control,1,0,0.0,0,
3006,control,6,0,0.0,0,
3006,control,9,0,0.0,0,
3007,treatment,5,1,97.0,0,1.0
3008,control,2,0,0.0,1,
3008,control,2,1,140.6,0,1.0
3008,control,3,0,0.0,1,
3009,treatment,14,1,217.1,0,1.0
3009,treatment,19,0,0.0,1,
3010,control,13,0,0.0,1,
3011,treatment,1,1,98.5,0,5.0
3011,treatment,10,0,0.0,1,
3011,treatment,14,0,0.0,0,
3012,treatment,17,1,217.3,0,3.0
3012,treatment,9,0,0.0,0,
3013,control,19,0,0.0,0,
3014,control,2,0,0.0,1,
3015,treatment,5,1,191.4,0,3.0
3016,treatment,10,1,254.2,0,1.0
3017,control,18,1,322.0,1,3.0
3018,control,15,0,0.0,1,
3019,treatment,21,1,202.7,0,1.0
3019,treatment,2,0,0.0,0,
3019,treatment,8,1,205.4,0,2.0
3020,control,8,0,0.0,1,
3020,control,8,1,112.2,0,3.0
3020,control,10,1,178.6,0,1.0
3021,treatment,3,1,102.4,0,1.0
3021,treatment,1,1,91.2,1,1.0
3021,treatment,10,1,193.7,0,1.0
3022,treatment,7,1,183.1,0,1.0
3022,treatment,10,1,210.8,0,1.0
3022,treatment,14,1,215.3,0,1.0
3023,treatment,17,0,0.0,0,
3023,treatment,9,1,55.4,0,1.0
3023,treatment,8,0,0.0,1,
3024,treatment,20,0,0.0,0,
3024,treatment,13,0,0.0,0,
3025,control,4,1,94.8,0,2.0
3025,control,17,0,0.0,1,
3026,control,5,1,184.1,0,3.0
3026,control,1,1,259.7,1,1.0
3026,control,15,0,0.0,0,
3027,control,13,0,0.0,0,
3028,control,5,0,0.0,0,
3028,control,14,0,0.0,1,
3028,control,11,0,0.0,1,
3029,control,9,0,0.0,0,
3029,control,17,0,0.0,1,
3030,control,13,0,0.0,0,
3031,control,3,1,128.6,1,4.0
3031,control,15,0,0.0,1,
3031,control,10,0,0.0,0,
3032,treatment,20,0,0.0,0,
3032,treatment,12,1,168.3,0,4.0
3033,control,16,1,157.6,1,1.0
3033,control,15,1,176.9,0,3.0
3033,control,8,1,168.5,0,5.0
3034,control,3,1,131.7,0,5.0
3034,control,6,0,0.0,1,
3035,treatment,14,0,0.0,0,
3036,control,5,1,235.1,0,4.0
3036,control,15,0,0.0,0,
3036,control,19,0,0.0,0,
3037,control,4,1,221.6,1,2.0
3038,treatment,16,1,328.0,0,1.0
3038,treatment,4,1,263.3,0,2.0
3038,treatment,11,1,241.8,0,2.0
3039,control,12,1,86.6,1,3.0
3039,control,7,1,194.7,0,1.0
3040,control,3,1,118.1,1,1.0
3041,control,16,1,84.6,0,3.0
3041,control,6,0,0.0,0,
3041,control,5,1,176.0,1,1.0
3042,treatment,8,1,144.3,0,1.0
3042,treatment,3,0,0.0,0,
3042,treatment,15,1,190.9,1,2.0
3043,control,1,1,68.7,0,1.0
3044,control,11,0,0.0,1,
3044,control,5,0,0.0,0,
3045,treatment,11,1,210.1,0,3.0
3046,control,12,1,225.2,0,2.0
3046,control,10,0,0.0,1,
3047,treatment,10,0,0.0,0,
3047,treatment,10,1,190.4,0,3.0
3048,treatment,8,0,0.0,0,
3048,treatment,13,1,87.0,1,1.0
3048,treatment,8,0,0.0,1,
3049,control,4,1,221.4,1,1.0
3049,control,12,1,245.5,0,4.0
3050,treatment,2,0,0.0,0,
3050,treatment,12,1,155.5,0,1.0
3051,treatment,2,1,227.7,0,3.0
3051,treatment,1,1,116.9,1,3.0
3051,treatment,12,1,188.4,0,1.0
3052,control,12,0,0.0,0,
3052,control,6,0,0.0,1,
3053,treatment,19,0,0.0,0,
3053,treatment,17,1,209.0,0,1.0
3053,treatment,10,0,0.0,0,
3054,treatment,18,1,239.2,0,1.0
3054,treatment,3,0,0.0,0,
3054,treatment,9,0,0.0,0,
3055,control,10,0,0.0,0,
3055,control,16,0,0.0,1,
3056,control,8,1,85.2,0,1.0
3056,control,12,1,190.8,1,3.0
3057,control,6,0,0.0,1,
3058,treatment,13,1,249.7,0,1.0
3058,treatment,2,1,195.1,0,2.0
3059,control,1,0,0.0,0,
3059,control,16,1,192.1,0,1.0
3060,treatment,12,1,256.8,0,1.0
3061,treatment,11,0,0.0,0,
3062,treatment,9,0,0.0,0,
3062,treatment,13,0,0.0,0,
3063,treatment,14,1,139.9,0,1.0
3063,treatment,5,1,163.8,0,4.0
3063,treatment,13,0,0.0,0,
3064,treatment,5,1,307.3,1,1.0
3064,treatment,20,1,203.6,1,1.0
3064,treatment,18,1,203.6,0,2.0
3065,treatment,6,0,0.0,0,
3065,treatment,1,1,128.2,0,1.0
3066,treatment,12,0,0.0,0,
3066,treatment,3,0,0.0,1,
3066,treatment,19,1,199.1,1,1.0
3067,control,16,1,89.9,1,1.0
3068,control,10,0,0.0,0,
3068,control,18,0,0.0,0,
3069,treatment,9,1,225.0,0,1.0
3070,treatment,12,1,198.2,0,3.0
3070,treatment,13,1,84.2,1,2.0
3071,control,19,1,138.8,0,1.0
3072,treatment,3,1,174.9,0,1.0
3072,treatment,12,1,64.6,0,3.0
3073,control,10,0,0.0,0,
3073,control,1,0,0.0,0,
3073,control,12,1,94.0,0,1.0
3074,control,6,0,0.0,1,
3074,control,17,0,0.0,0,
3074,control,9,1,185.9,1,4.0
3075,control,9,1,161.6,0,1.0
3075,control,7,0,0.0,1,
3075,control,20,0,0.0,0,
3076,treatment,7,0,0.0,0,
3076,treatment,17,1,172.3,0,1.0
3077,treatment,12,0,0.0,0,
3077,treatment,11,0,0.0,1,
3077,treatment,11,1,191.1,1,2.0
3078,control,18,1,147.6,0,1.0
3078,control,2,0,0.0,0,
3078,control,1,1,97.8,0,5.0
3079,control,14,0,0.0,1,
3080,control,2,0,0.0,0,
3080,control,15,1,140.0,0,2.0
3081,control,19,1,114.9,1,2.0
3081,control,2,0,0.0,0,
3081,control,16,1,137.5,1,2.0
3082,control,1,0,0.0,1,
3082,control,9,1,89.5,0,1.0
3083,treatment,21,0,0.0,0,
3083,treatment,5,1,95.1,0,2.0
3084,control,1,0,0.0,0,
3085,treatment,18,0,0.0,0,
3085,treatment,10,0,0.0,1,
3086,control,3,0,0.0,1,
3087,treatment,20,1,134.8,0,1.0
3087,treatment,9,1,273.2,1,2.0
3088,treatment,15,1,234.8,0,1.0
3088,treatment,7,0,0.0,0,
3089,treatment,1,1,82.0,1,1.0
3089,treatment,17,1,223.5,0,1.0
3090,treatment,6,1,226.6,0,1.0
3090,treatment,15,0,0.0,1,
3090,treatment,7,1,175.7,0,1.0
3091,treatment,2,1,262.4,1,1.0
3092,treatment,17,0,0.0,0,
3093,control,14,1,10.7,1,2.0
3093,control,14,0,0.0,0,
3093,control,21,0,0.0,0,
3094,treatment,20,0,0.0,0,
3095,control,19,0,0.0,1,
3096,treatment,5,1,202.6,0,2.0
3096,treatment,18,1,220.0,1,3.0
3097,treatment,18,1,324.1,0,1.0
3098,control,19,1,5.0,1,1.0
3098,control,7,1,14.8,0,1.0
3098,control,19,1,207.1,1,1.0
3099,treatment,12,0,0.0,0,
3099,treatment,11,1,85.9,1,4.0
3099,treatment,4,0,0.0,0,
3100,control,6,1,139.6,0,1.0
3100,control,13,1,133.9,1,3.0
3100,control,18,1,64.7,0,1.0
3101,control,14,1,111.3,0,3.0
3102,control,21,1,88.1,1,4.0
3102,control,14,0,0.0,0,
3102,control,6,0,0.0,1,
3103,control,13,1,148.5,1,1.0
3103,control,10,1,61.5,0,2.0
3104,treatment,4,1,160.4,0,2.0
3105,treatment,15,1,218.9,0,1.0
3106,control,18,1,163.6,0,4.0
3107,treatment,5,0,0.0,0,
3107,treatment,6,0,0.0,0,
3107,treatment,1,1,161.6,0,4.0
3108,treatment,18,1,219.8,0,2.0
3108,treatment,5,0,0.0,1,
3109,control,19,1,102.7,0,1.0
3110,treatment,10,1,304.6,0,1.0
3110,treatment,11,0,0.0,1,
3111,control,3,0,0.0,0,
3112,control,19,0,0.0,0,
3112,control,4,0,0.0,1,
3112,control,6,0,0.0,0,
3113,treatment,7,1,227.2,0,1.0
3114,treatment,9,1,137.2,0,1.0
3115,treatment,17,1,156.1,0,2.0
3115,treatment,21,1,227.8,1,1.0
3115,treatment,13,1,86.6,0,1.0
3116,control,9,1,186.0,0,1.0
3116,control,2,0,0.0,0,
3116,control,1,0,0.0,1,
3117,control,19,0,0.0,0,
3118,treatment,17,1,159.3,1,1.0
3118,treatment,15,1,140.4,1,1.0
3118,treatment,13,0,0.0,0,
3119,treatment,13,0,0.0,0,
3120,treatment,10,0,0.0,1,
3121,treatment,19,1,192.5,0,1.0
3121,treatment,9,1,161.0,1,3.0
3121,treatment,17,1,178.0,0,2.0
3122,control,2,0,0.0,0,
3123,treatment,15,1,175.0,0,4.0
3123,treatment,4,0,0.0,0,
3124,control,5,0,0.0,0,
3125,control,6,1,200.8,0,2.0
3125,control,10,0,0.0,0,
3125,control,4,0,0.0,1,
3126,treatment,17,1,221.0,0,1.0
3127,treatment,19,1,242.8,0,1.0
3127,treatment,12,1,228.4,0,1.0
3128,treatment,5,0,0.0,1,
3129,control,14,0,0.0,0,
3130,treatment,15,1,142.3,0,4.0
3130,treatment,7,0,0.0,0,
3130,treatment,2,1,161.4,1,1.0
3131,treatment,6,0,0.0,0,
3131,treatment,14,0,0.0,0,
3132,control,20,0,0.0,1,
3132,control,8,1,110.0,0,5.0
3132,control,15,0,0.0,1,
3133,treatment,1,0,0.0,0,
3134,control,1,1,208.5,0,2.0
3134,control,16,1,87.6,0,3.0
3135,treatment,8,0,0.0,0,
3136,control,8,1,152.4,1,1.0
3137,treatment,6,1,166.9,0,2.0
3138,treatment,12,1,71.8,0,1.0
3139,control,12,1,229.6,1,1.0
3140,control,5,1,145.4,1,1.0
3140,control,6,1,163.7,0,1.0
3141,treatment,20,1,95.8,0,1.0
3141,treatment,3,1,83.1,1,4.0
3142,control,16,1,267.0,0,1.0
3142,control,21,1,213.0,0,2.0
3143,control,14,0,0.0,0,
3143,control,3,0,0.0,0,
3144,control,4,0,0.0,0,
3144,control,2,0,0.0,0,
3145,control,17,0,0.0,0,
3145,control,17,1,196.4,1,4.0
3145,control,7,1,114.0,0,3.0
3146,treatment,5,1,197.8,0,5.0
3147,treatment,4,0,0.0,0,
3147,treatment,3,1,125.0,0,3.0
3148,control,11,1,117.8,0,4.0
3148,control,20,0,0.0,1,
3148,control,6,0,0.0,0,
3149,control,14,1,107.1,0,5.0
3149,control,8,1,80.4,1,2.0
3149,control,5,1,157.6,0,4.0
3150,control,18,1,167.0,1,2.0
3150,control,4,1,212.4,1,5.0
3150,control,19,1,182.3,0,1.0
3151,control,3,0,0.0,0,
3151,control,8,0,0.0,0,
3152,treatment,10,0,0.0,0,
3152,treatment,14,1,251.2,0,5.0
3153,treatment,9,1,58.1,0,1.0
3153,treatment,16,0,0.0,0,
3154,control,11,1,214.6,1,1.0
3154,control,19,1,176.0,0,3.0
3154,control,6,0,0.0,0,
3155,control,6,0,0.0,1,
3155,control,17,0,0.0,0,
3155,control,13,0,0.0,1,
3156,control,10,1,296.8,1,1.0
3156,control,20,0,0.0,1,
3156,control,17,1,174.8,1,4.0
3157,treatment,3,0,0.0,0,
3157,treatment,19,0,0.0,0,
3157,treatment,12,1,301.0,0,1.0
3158,control,12,1,121.0,0,4.0
3158,control,6,0,0.0,0,
3158,control,6,1,143.5,0,4.0
3159,treatment,16,0,0.0,1,
3160,control,14,0,0.0,0,
3161,treatment,19,0,0.0,0,
3161,treatment,3,0,0.0,0,
3161,treatment,17,0,0.0,1,
3162,control,4,1,39.3,0,1.0
3163,treatment,18,1,195.9,0,1.0
3164,control,17,0,0.0,0,
3165,control,15,0,0.0,1,
3165,control,21,1,79.9,1,1.0
3165,control,19,0,0.0,0,
3166,control,15,0,0.0,0,
3166,control,16,0,0.0,0,
3167,treatment,20,0,0.0,0,
3167,treatment,3,0,0.0,0,
3168,control,5,0,0.0,0,
3169,treatment,7,1,187.7,0,5.0
3169,treatment,13,1,127.7,0,2.0
3169,treatment,17,0,0.0,0,
3170,treatment,4,1,139.3,0,1.0
3170,treatment,21,1,201.3,1,1.0
3170,treatment,11,1,145.0,0,1.0
3171,control,6,0,0.0,0,
3172,control,9,0,0.0,1,
3172,control,7,1,274.8,0,2.0
3172,control,5,1,207.5,0,1.0
3173,control,14,1,132.2,1,2.0
3174,treatment,20,0,0.0,0,
3174,treatment,20,1,82.8,1,1.0
3174,treatment,4,1,313.6,0,1.0
3175,control,3,0,0.0,0,
3175,control,10,1,167.8,1,1.0
3176,treatment,5,1,137.5,1,5.0
3176,treatment,17,1,232.1,0,1.0
3177,treatment,13,0,0.0,0,
3178,control,12,0,0.0,1,
3178,control,10,0,0.0,0,
3178,control,17,0,0.0,0,
3179,control,9,0,0.0,0,
3180,control,19,1,102.5,0,5.0
3180,control,17,0,0.0,0,
3180,control,1,1,71.1,0,1.0
3181,control,17,1,24.0,1,3.0
3181,control,11,0,0.0,1,
3182,control,14,1,184.5,0,1.0
3182,control,15,0,0.0,0,
3182,control,7,0,0.0,1,
3183,control,21,1,196.0,0,2.0
3183,control,11,0,0.0,0,
3183,control,21,0,0.0,1,
3184,treatment,19,1,140.0,0,2.0
3184,treatment,2,1,165.3,0,1.0
3185,treatment,7,0,0.0,0,
3185,treatment,16,0,0.0,0,
3186,treatment,20,0,0.0,0,
3187,control,17,1,41.2,0,1.0
3188,treatment,7,0,0.0,1,
3189,treatment,12,0,0.0,0,
3190,treatment,19,1,305.0,0,1.0
3191,treatment,16,1,135.5,0,1.0
3191,treatment,13,1,155.5,0,1.0
3191,treatment,1,0,0.0,1,
3192,treatment,20,1,198.8,1,3.0
3192,treatment,20,0,0.0,0,
3192,treatment,15,0,0.0,1,
3193,control,7,0,0.0,1,
3193,control,12,0,0.0,0,
3194,control,18,0,0.0,0,
3194,control,10,1,216.2,0,2.0
3194,control,6,1,241.3,0,1.0
3195,treatment,12,0,0.0,0,
3195,treatment,7,1,214.4,0,1.0
3195,treatment,6,1,199.6,0,5.0
3196,treatment,20,0,0.0,1,
3196,treatment,3,0,0.0,0,
3197,treatment,15,1,229.7,0,1.0
3197,treatment,1,1,151.4,1,3.0
3198,control,7,1,264.7,1,2.0
3198,control,21,0,0.0,0,
3199,control,16,1,69.5,0,3.0
3200,treatment,1,1,108.9,0,1.0
3200,treatment,2,1,193.0,1,1.0
3201,control,6,1,88.2,0,3.0
3201,control,7,0,0.0,1,
3201,control,20,1,120.3,0,2.0
3202,control,16,0,0.0,1,
3202,control,13,1,197.6,1,5.0
3203,treatment,10,1,174.2,1,4.0
3204,control,14,0,0.0,0,
3205,control,11,0,0.0,1,
3205,control,3,1,123.4,0,1.0
3206,treatment,19,0,0.0,1,
3206,treatment,4,1,171.5,0,3.0
3207,control,20,0,0.0,0,
3207,control,4,1,93.6,0,1.0
3208,control,4,1,30.4,0,3.0
3208,control,8,0,0.0,1,
3209,treatment,9,0,0.0,1,
3209,treatment,1,0,0.0,0,
3210,control,17,0,0.0,0,
3210,control,6,0,0.0,0,
3210,control,5,0,0.0,0,
3211,control,14,0,0.0,1,
3211,control,4,0,0.0,0,
3212,treatment,5,0,0.0,0,
3212,treatment,4,1,159.4,0,1.0
3212,treatment,3,1,179.5,0,1.0
3213,treatment,20,1,138.1,0,4.0
3213,treatment,6,0,0.0,0,
3213,treatment,18,1,173.6,1,1.0
3214,treatment,20,0,0.0,0,
3214,treatment,21,0,0.0,0,
3215,control,2,1,117.7,1,4.0
3215,control,1,0,0.0,0,
3216,treatment,3,1,205.8,0,2.0
3216,treatment,5,0,0.0,0,
3216,treatment,6,1,291.6,1,2.0
3217,control,6,0,0.0,1,
3217,control,2,0,0.0,0,
3217,control,11,1,92.4,0,5.0
3218,treatment,10,0,0.0,1,
3219,control,2,0,0.0,0,
3219,control,16,0,0.0,0,
3219,control,14,1,98.6,1,1.0
3220,treatment,21,0,0.0,0,
3220,treatment,2,0,0.0,1,
3221,treatment,13,1,175.1,1,3.0
3222,treatment,20,1,99.2,0,3.0
3222,treatment,20,1,197.6,0,1.0
3223,treatment,3,1,256.8,0,1.0
3223,treatment,8,1,122.2,0,3.0
3223,treatment,2,1,210.8,0,4.0
3224,control,19,0,0.0,0,
3224,control,1,1,113.1,0,2.0
3224,control,6,0,0.0,0,
3225,treatment,7,0,0.0,0,
3226,treatment,15,0,0.0,0,
3226,treatment,1,0,0.0,0,
3227,control,16,1,180.2,0,1.0
3227,control,21,1,292.9,1,2.0
3227,control,5,0,0.0,1,
3228,treatment,2,1,128.1,0,1.0
3229,control,4,0,0.0,0,
3229,control,1,1,131.9,1,1.0
3229,control,15,1,159.4,0,2.0
3230,treatment,6,1,249.5,0,1.0
3230,treatment,11,0,0.0,1,
3230,treatment,7,0,0.0,0,
3231,treatment,16,0,0.0,0,
3231,treatment,13,1,157.0,1,1.0
3231,treatment,18,0,0.0,0,
3232,treatment,21,1,187.2,0,1.0
3233,control,10,1,107.4,0,1.0
3233,control,2,1,152.7,0,1.0
3234,treatment,7,0,0.0,0,
3234,treatment,5,0,0.0,0,
3235,treatment,18,1,188.2,1,1.0
3235,treatment,6,1,191.4,0,1.0
3236,treatment,18,1,144.7,0,1.0
3236,treatment,5,0,0.0,0,
3236,treatment,7,1,240.8,0,1.0
3237,control,10,0,0.0,0,
3237,control,3,1,121.5,1,2.0
3238,control,9,1,179.4,0,5.0
3238,control,4,0,0.0,0,
3238,control,1,1,174.3,0,3.0
3239,treatment,7,1,191.0,0,2.0
3239,treatment,2,1,195.0,0,1.0
3239,treatment,14,1,177.7,0,1.0
3240,control,21,1,180.1,0,2.0
3240,control,15,0,0.0,1,
3240,control,21,0,0.0,0,
3241,treatment,10,0,0.0,0,
3241,treatment,11,1,140.0,0,1.0
3242,treatment,4,1,23.6,0,2.0
3242,treatment,8,0,0.0,0,
3243,treatment,13,0,0.0,0,
3243,treatment,12,0,0.0,1,
3244,treatment,11,1,247.2,0,4.0
3244,treatment,6,0,0.0,0,
3245,treatment,2,0,0.0,0,
3245,treatment,17,1,164.3,1,3.0
3245,treatment,6,1,259.3,0,2.0
3246,treatment,16,1,120.7,0,2.0
3247,treatment,19,0,0.0,0,
3248,control,6,0,0.0,0,
3248,control,9,1,169.7,1,2.0
3248,control,8,0,0.0,0,
3249,control,11,0,0.0,1,
3250,control,3,0,0.0,0,
3250,control,21,1,60.6,1,1.0
3251,control,20,0,0.0,0,
3252,control,4,1,202.0,0,1.0
3252,control,3,1,128.0,0,2.0
3252,control,6,1,214.1,0,1.0
3253,control,10,1,134.1,0,1.0
3253,control,3,0,0.0,0,
3253,control,6,1,222.7,0,3.0
3254,control,14,0,0.0,1,
3255,treatment,2,1,101.6,0,1.0
3256,treatment,11,1,214.7,0,1.0
3257,treatment,2,1,247.4,0,1.0
3257,treatment,3,1,197.8,1,1.0
3258,treatment,21,1,196.7,0,2.0
3259,control,8,0,0.0,1,
3259,control,10,1,214.0,0,2.0
3260,control,2,1,210.0,0,2.0
3260,control,9,1,139.3,1,3.0
3261,treatment,3,1,182.7,1,3.0
3262,treatment,19,0,0.0,0,
3263,control,8,0,0.0,0,
3264,treatment,3,0,0.0,0,
3265,treatment,17,0,0.0,0,
3266,treatment,2,1,253.3,0,1.0
3267,treatment,18,1,277.3,0,3.0
3267,treatment,1,1,206.7,0,1.0
3267,treatment,8,0,0.0,0,
3268,control,21,0,0.0,1,
3268,control,8,1,167.8,0,2.0
3269,treatment,7,1,226.1,0,1.0
3269,treatment,2,0,0.0,1,
3269,treatment,12,1,138.3,0,1.0
3270,treatment,16,0,0.0,0,
3270,treatment,20,1,254.3,0,1.0
3271,control,7,0,0.0,1,
3271,control,1,1,192.0,0,3.0
3272,control,8,1,130.2,0,1.0
3273,treatment,8,1,154.0,0,1.0
3273,treatment,7,0,0.0,0,
3274,control,1,0,0.0,0,
3274,control,5,1,102.7,0,1.0
3274,control,19,0,0.0,0,
3275,treatment,2,0,0.0,1,
3275,treatment,1,1,220.7,0,2.0
3276,treatment,3,0,0.0,1,
3277,control,11,0,0.0,0,
3277,control,2,0,0.0,0,
3278,treatment,21,1,260.4,1,1.0
3279,treatment,19,1,237.4,1,2.0
3279,treatment,17,1,175.1,0,5.0
3280,treatment,21,1,117.9,1,1.0
3280,treatment,21,1,200.0,0,1.0
3280,treatment,6,0,0.0,0,
3281,treatment,11,0,0.0,0,
3281,treatment,11,0,0.0,0,
3282,control,6,1,154.9,1,5.0
3282,control,12,0,0.0,0,
3283,control,5,1,165.7,0,2.0
3283,control,9,1,169.3,0,1.0
3284,treatment,4,1,281.5,0,2.0
3284,treatment,17,0,0.0,0,
3285,control,12,0,0.0,0,
3285,control,2,0,0.0,1,
3285,control,17,0,0.0,0,
3286,treatment,21,0,0.0,1,
3286,treatment,6,1,322.7,0,1.0
3286,treatment,18,1,202.9,1,2.0
3287,treatment,9,1,200.6,0,1.0
3288,treatment,6,1,234.4,0,1.0
3288,treatment,10,1,91.5,1,1.0
3289,treatment,10,1,175.9,0,5.0
3290,treatment,5,0,0.0,1,
3290,treatment,10,0,0.0,1,
3290,treatment,6,0,0.0,0,
3291,control,4,0,0.0,0,
3292,treatment,18,1,106.4,0,1.0
3292,treatment,11,0,0.0,0,
3293,control,18,1,169.1,1,1.0
3294,control,6,1,186.2,0,5.0
3294,control,9,0,0.0,0,
3294,control,8,0,0.0,1,
3295,treatment,11,1,286.7,0,2.0
3295,treatment,4,0,0.0,1,
3296,treatment,6,1,183.8,0,1.0
3296,treatment,8,1,122.4,0,2.0
3297,treatment,11,1,185.8,0,1.0
3297,treatment,3,0,0.0,0,
3297,treatment,10,1,148.4,0,3.0
3298,treatment,8,0,0.0,0,
3298,treatment,4,1,94.8,0,2.0
3298,treatment,1,0,0.0,0,
3299,treatment,19,1,246.2,0,1.0
3300,control,4,0,0.0,1,
3300,control,8,0,0.0,1,
3300,control,10,1,141.9,1,5.0
3301,treatment,16,1,213.5,0,1.0
3301,treatment,18,0,0.0,1,
3302,treatment,15,0,0.0,0,
3302,treatment,18,0,0.0,0,
3302,treatment,8,0,0.0,0,
3303,control,18,0,0.0,0,
3303,control,2,1,156.2,0,5.0
3303,control,16,1,209.0,0,1.0
3304,control,13,0,0.0,0,
3304,control,14,0,0.0,0,
3304,control,3,1,121.5,0,2.0
3305,treatment,14,1,188.5,0,1.0
3305,treatment,13,1,123.6,1,1.0
3306,control,4,0,0.0,0,
3306,control,18,0,0.0,0,
3307,treatment,3,1,125.6,0,2.0
3307,treatment,17,0,0.0,0,
3308,control,19,0,0.0,0,
3308,control,20,0,0.0,0,
3308,control,6,1,214.9,0,2.0
3309,control,16,1,165.1,1,2.0
3310,treatment,21,1,237.8,0,5.0
3310,treatment,13,0,0.0,0,
3310,treatment,14,1,85.4,0,1.0
3311,control,2,1,79.0,0,5.0
3311,control,8,1,132.2,0,4.0
3312,control,2,0,0.0,0,
3312,control,14,1,182.0,0,5.0
3313,control,4,1,80.9,0,1.0
3314,control,21,1,189.7,0,1.0
3314,control,6,1,43.8,1,2.0
3314,control,21,1,163.8,0,3.0
3315,control,1,1,259.5,1,1.0
3316,control,6,1,190.3,0,3.0
3316,control,10,1,166.9,1,2.0
3317,treatment,10,0,0.0,1,
3317,treatment,3,0,0.0,0,
3318,treatment,18,1,125.0,1,1.0
3318,treatment,19,1,142.0,0,3.0
3318,treatment,4,0,0.0,0,
3319,control,9,0,0.0,1,
3319,control,8,1,282.5,1,1.0
3320,treatment,16,0,0.0,0,
3321,treatment,11,1,35.0,0,3.0
3321,treatment,7,1,94.6,0,3.0
3321,treatment,10,1,138.7,0,4.0
3322,treatment,21,1,156.3,1,3.0
3322,treatment,20,0,0.0,0,
3322,treatment,19,1,281.2,0,1.0
3323,control,13,1,167.8,1,1.0
3323,control,2,1,131.5,0,4.0
3324,treatment,2,1,224.7,0,2.0
3325,control,14,1,232.2,0,3.0
3325,control,14,0,0.0,1,
3325,control,8,0,0.0,0,
3326,treatment,2,1,198.5,0,1.0
3326,treatment,7,0,0.0,1,
3326,treatment,2,1,205.3,0,2.0
3327,control,9,0,0.0,0,
3327,control,9,1,14.2,0,2.0
3328,control,4,0,0.0,0,
3328,control,10,1,197.2,0,1.0
3328,control,2,1,28.3,0,4.0
3329,treatment,5,0,0.0,1,
3329,treatment,17,1,242.5,0,1.0
3329,treatment,2,0,0.0,0,
3330,treatment,19,1,268.3,0,1.0
3330,treatment,13,1,152.4,1,5.0
3331,control,9,1,156.2,0,2.0
3331,control,5,0,0.0,0,
3332,treatment,12,1,305.9,1,1.0
3332,treatment,16,1,122.1,1,1.0
3333,treatment,8,0,0.0,1,
3333,treatment,19,1,78.8,0,1.0
3333,treatment,3,0,0.0,1,
3334,treatment,6,1,185.8,0,4.0
3335,control,14,0,0.0,0,
3335,control,7,0,0.0,0,
3335,control,2,1,205.1,0,4.0
3336,control,20,0,0.0,0,
3336,control,16,1,151.0,0,2.0
3336,control,19,1,125.2,0,2.0
3337,treatment,21,0,0.0,0,
3338,treatment,2,0,0.0,0,
3338,treatment,6,1,89.2,0,1.0
3339,treatment,4,0,0.0,0,
3339,treatment,4,1,248.8,1,1.0
3340,control,8,1,71.2,0,2.0
3340,control,19,0,0.0,0,
3340,control,10,1,194.6,1,1.0
3341,control,8,1,198.4,1,4.0
3341,control,12,1,102.4,1,3.0
3341,control,11,0,0.0,1,
3342,treatment,14,1,206.6,1,1.0
3343,treatment,9,0,0.0,1,
3344,treatment,20,1,223.9,0,1.0
3344,treatment,15,1,220.0,0,1.0
3344,treatment,16,0,0.0,0,
3345,treatment,6,0,0.0,1,
3346,treatment,4,1,163.4,0,1.0
3346,treatment,5,0,0.0,0,
3346,treatment,4,1,186.6,0,1.0
3347,treatment,7,0,0.0,0,
3347,treatment,13,0,0.0,0,
3348,control,13,0,0.0,0,
3349,treatment,2,1,131.7,1,1.0
3349,treatment,18,1,72.0,0,1.0
3350,control,14,0,0.0,0,
3350,control,8,0,0.0,1,
3350,control,19,1,59.4,0,1.0
3351,treatment,3,0,0.0,0,
3352,treatment,11,0,0.0,0,
3353,control,12,1,151.4,0,3.0
3354,control,13,0,0.0,1,
3354,control,21,0,0.0,0,
3354,control,16,0,0.0,1,
3355,control,19,0,0.0,0,
3356,control,16,1,178.7,0,3.0
3356,control,6,1,76.0,0,4.0
3357,treatment,8,1,202.4,0,1.0
3357,treatment,11,0,0.0,0,
3358,control,14,1,5.0,0,3.0
3358,control,7,1,118.3,0,2.0
3359,treatment,17,0,0.0,0,
3359,treatment,7,1,276.4,0,2.0
3360,control,7,1,183.6,1,2.0
3361,treatment,16,1,245.3,0,1.0
3361,treatment,2,0,0.0,1,
3362,treatment,21,0,0.0,0,
3362,treatment,11,1,201.4,0,1.0
3362,treatment,3,1,139.6,0,1.0
3363,treatment,17,1,108.1,0,1.0
3363,treatment,16,0,0.0,0,
3363,treatment,13,0,0.0,0,
3364,treatment,8,0,0.0,0,
3364,treatment,2,1,208.1,0,2.0
3365,treatment,10,1,240.1,0,1.0
3365,treatment,9,0,0.0,0,
3366,treatment,16,0,0.0,0,
3366,treatment,6,1,148.0,1,1.0
3366,treatment,10,0,0.0,1,
3367,control,20,0,0.0,0,
3367,control,3,1,140.9,0,4.0
3367,control,3,1,180.5,1,1.0
3368,treatment,14,1,258.3,0,2.0
3369,control,7,0,0.0,1,
3370,control,21,1,218.6,1,2.0
3370,control,9,0,0.0,1,
3371,treatment,3,1,184.3,0,1.0
3372,control,8,0,0.0,1,
3373,treatment,19,1,250.0,0,5.0
3373,treatment,19,1,156.0,0,1.0
3374,control,14,0,0.0,0,
3374,control,8,0,0.0,0,
3374,control,6,0,0.0,0,
3375,treatment,4,0,0.0,1,
3375,treatment,21,1,102.1,0,4.0
3376,control,2,0,0.0,1,
3376,control,6,0,0.0,1,
3377,treatment,5,1,195.5,0,1.0
3378,treatment,10,0,0.0,0,
3378,treatment,20,0,0.0,1,
3379,treatment,18,1,128.2,1,3.0
3380,treatment,4,1,221.4,0,3.0
3380,treatment,8,0,0.0,0,
3381,control,11,0,0.0,0,
3381,control,1,0,0.0,1,
3382,treatment,16,0,0.0,1,
3382,treatment,3,1,213.9,0,1.0
3383,control,11,0,0.0,0,
3383,control,4,1,179.7,0,2.0
3383,control,2,0,0.0,0,
3384,control,2,1,113.9,0,1.0
3385,control,17,1,146.7,1,4.0
3385,control,21,0,0.0,0,
3386,treatment,1,0,0.0,1,
3387,control,3,1,225.9,1,5.0
3387,control,2,1,161.3,1,1.0
3388,control,1,1,190.2,0,2.0
3389,control,10,0,0.0,0,
3390,treatment,13,1,137.2,0,2.0
3390,treatment,5,1,258.0,0,1.0
3391,treatment,4,0,0.0,1,
3391,treatment,2,0,0.0,1,
3391,treatment,18,0,0.0,1,
3392,control,16,0,0.0,0,
3393,treatment,12,1,118.3,0,1.0
3393,treatment,19,0,0.0,1,
3394,treatment,17,1,238.0,0,3.0
3394,treatment,2,1,195.3,0,1.0
3395,control,3,0,0.0,0,
3395,control,20,1,101.2,1,1.0
3395,control,12,0,0.0,0,
3396,control,7,1,185.8,0,2.0
3396,control,8,1,44.5,0,2.0
3397,treatment,18,1,72.5,0,1.0
3397,treatment,2,1,122.7,0,1.0
3398,control,2,0,0.0,1,
3398,control,18,1,157.8,0,2.0
3399,treatment,4,1,140.2,0,2.0
3399,treatment,3,1,176.3,0,3.0
3399,treatment,10,0,0.0,0,
3400,treatment,3,1,181.9,0,1.0
3400,treatment,18,0,0.0,0,
3401,treatment,17,0,0.0,0,
3401,treatment,5,0,0.0,0,
3401,treatment,8,1,157.1,1,3.0
3402,treatment,16,1,234.2,1,1.0
3402,treatment,2,0,0.0,0,
3402,treatment,3,0,0.0,0,
3403,treatment,4,1,193.5,0,4.0
3403,treatment,11,1,174.7,0,1.0
3404,treatment,9,1,245.2,0,1.0
3405,control,9,0,0.0,1,
3406,control,14,1,203.5,0,1.0
3406,control,10,1,214.1,0,1.0
3406,control,10,1,191.6,0,2.0
3407,treatment,6,1,91.2,0,1.0
3407,treatment,16,1,176.4,0,5.0
3408,treatment,17,0,0.0,0,
3408,treatment,21,1,167.4,1,1.0
3408,treatment,5,1,371.9,0,1.0
3409,treatment,11,1,5.0,0,1.0
3410,control,14,0,0.0,1,
3410,control,4,1,114.8,1,1.0
3410,control,1,1,62.6,0,2.0
3411,treatment,11,0,0.0,0,
3411,treatment,10,0,0.0,1,
3411,treatment,11,1,175.5,1,4.0
3412,control,21,1,82.1,1,2.0
3412,control,4,1,229.7,0,2.0
3412,control,4,0,0.0,0,
3413,treatment,18,1,213.5,0,1.0
3414,treatment,7,0,0.0,0,
3414,treatment,12,0,0.0,0,
3415,control,20,0,0.0,0,
3415,control,21,1,90.0,0,1.0
3415,control,16,1,31.3,1,3.0
3416,control,4,0,0.0,1,
3416,control,3,1,107.9,0,2.0
3417,treatment,16,0,0.0,1,
3418,treatment,7,0,0.0,0,
3419,treatment,2,0,0.0,0,
3420,control,18,0,0.0,0,
3420,control,19,0,0.0,0,
3421,control,18,1,196.4,1,2.0
3421,control,4,0,0.0,0,
3422,control,7,1,114.7,1,2.0
3422,control,10,1,128.2,0,1.0
3422,control,19,0,0.0,0,
3423,control,1,0,0.0,0,
3423,control,1,1,185.2,0,4.0
3424,control,17,0,0.0,0,
3425,control,5,0,0.0,0,
3425,control,5,0,0.0,1,
3426,treatment,5,1,225.4,1,3.0
3426,treatment,12,1,124.4,1,1.0
3426,treatment,20,1,123.0,0,1.0
3427,treatment,16,1,114.9,0,4.0
3427,treatment,3,0,0.0,0,
3428,control,6,1,164.8,0,1.0
3428,control,9,1,159.5,0,3.0
3428,control,11,0,0.0,0,
3429,treatment,9,0,0.0,0,
3430,treatment,21,0,0.0,1,
3430,treatment,3,1,200.2,0,3.0
3430,treatment,19,0,0.0,0,
3431,control,21,1,132.3,1,3.0
3431,control,7,1,206.4,0,1.0
3431,control,18,0,0.0,0,
3432,treatment,20,0,0.0,0,
3433,control,1,1,125.3,0,1.0
3433,control,12,0,0.0,1,
3434,control,14,1,210.6,0,1.0
3434,control,21,1,189.3,0,2.0
3435,treatment,1,1,159.1,0,2.0
3435,treatment,2,1,187.1,1,2.0
3435,treatment,21,0,0.0,1,
3436,control,20,0,0.0,0,
3436,control,20,1,159.2,0,2.0
3437,control,19,0,0.0,0,
3437,control,2,0,0.0,0,
3438,control,2,1,190.4,0,5.0
3439,control,13,1,140.8,0,2.0
3439,control,20,1,282.1,0,4.0
3440,control,2,1,187.9,0,1.0
3440,control,7,1,113.4,0,4.0
3441,control,9,1,221.2,1,5.0
3442,control,2,0,0.0,0,
3442,control,11,1,127.9,0,2.0
3442,control,3,1,67.5,0,2.0
3443,control,20,1,110.9,1,3.0
3443,control,21,0,0.0,0,
3443,control,12,1,75.4,0,1.0
3444,treatment,3,0,0.0,0,
3444,treatment,20,1,120.9,0,3.0
3444,treatment,11,0,0.0,1,
3445,treatment,7,0,0.0,0,
3445,treatment,19,1,94.1,0,2.0
3446,treatment,2,0,0.0,0,
3446,treatment,18,1,119.2,0,2.0
3446,treatment,18,1,129.0,0,1.0
3447,control,3,0,0.0,0,
3447,control,9,1,111.8,1,5.0
3447,control,15,1,200.8,0,5.0
3448,control,14,1,138.1,0,2.0
3448,control,14,1,252.3,0,3.0
3448,control,2,0,0.0,0,
3449,treatment,5,0,0.0,1,
3450,treatment,4,1,235.6,0,2.0
3451,treatment,13,1,163.3,0,1.0
3451,treatment,17,1,130.1,0,5.0
3451,treatment,20,0,0.0,1,
3452,control,8,0,0.0,0,
3452,control,14,1,158.5,0,2.0
3452,control,10,0,0.0,0,
3453,treatment,6,1,284.2,0,1.0
3453,treatment,16,1,203.3,0,2.0
3453,treatment,20,1,205.9,0,1.0
3454,treatment,5,1,219.5,1,1.0
3454,treatment,21,0,0.0,0,
3455,control,5,1,242.1,1,3.0
3455,control,1,0,0.0,0,
3455,control,6,1,180.7,0,4.0
3456,treatment,3,1,170.3,0,1.0
3456,treatment,7,0,0.0,1,
3457,control,20,1,243.9,1,1.0
3458,control,20,0,0.0,0,
3459,control,10,1,115.4,0,1.0
3460,treatment,19,1,294.4,0,1.0
3461,treatment,16,1,161.0,0,1.0
3462,control,4,0,0.0,1,
3462,control,15,1,151.0,1,2.0
3462,control,3,0,0.0,0,
3463,treatment,4,1,88.1,0,3.0
3463,treatment,7,0,0.0,1,
3463,treatment,15,0,0.0,0,
3464,treatment,8,0,0.0,0,
3464,treatment,17,1,130.2,0,1.0
3465,treatment,19,0,0.0,0,
3465,treatment,4,1,223.7,1,1.0
3466,treatment,2,0,0.0,0,
3466,treatment,20,0,0.0,0,
3467,control,3,1,86.6,0,1.0
3467,control,8,0,0.0,1,
3468,treatment,19,1,133.1,0,2.0
3468,treatment,7,1,224.1,0,1.0
3468,treatment,21,0,0.0,0,
3469,control,12,0,0.0,1,
3469,control,6,1,108.7,0,1.0
3470,control,3,1,153.6,1,1.0
3470,control,16,1,17.0,1,2.0
3471,treatment,11,1,186.0,0,2.0
3472,control,19,0,0.0,0,
3472,control,15,1,246.3,1,2.0
3473,treatment,17,1,168.8,0,4.0
3473,treatment,13,1,259.6,0,4.0
3474,treatment,5,0,0.0,0,
3475,control,16,0,0.0,0,
3476,control,16,1,117.3,1,1.0
3476,control,20,0,0.0,0,
3477,control,7,0,0.0,1,
3477,control,9,1,193.3,0,5.0
3478,control,3,0,0.0,0,
3478,control,3,0,0.0,0,
3478,control,3,0,0.0,0,
3479,treatment,7,1,144.8,0,1.0
3479,treatment,9,0,0.0,1,
3480,treatment,1,0,0.0,0,
3480,treatment,21,0,0.0,0,
3481,treatment,7,1,171.3,0,4.0
3481,treatment,2,0,0.0,0,
3481,treatment,15,1,11.1,0,1.0
3482,control,1,0,0.0,0,
3482,control,15,1,147.2,0,4.0
3482,control,4,1,127.9,0,2.0
3483,control,19,1,203.4,0,4.0
3484,control,19,0,0.0,0,
3485,treatment,1,0,0.0,0,
3485,treatment,13,1,208.3,1,3.0
3485,treatment,10,0,0.0,0,
3486,control,13,1,120.8,1,1.0
3486,control,9,0,0.0,0,
3486,control,5,1,122.6,0,3.0
3487,treatment,6,1,97.0,0,1.0
3487,treatment,10,1,136.6,0,1.0
3487,treatment,11,1,101.3,0,2.0
3488,control,7,1,200.3,1,5.0
3488,control,15,0,0.0,1,
3488,control,13,1,197.9,1,4.0
3489,treatment,8,1,223.6,0,1.0
3489,treatment,10,0,0.0,0,
3489,treatment,10,1,123.7,0,1.0
3490,treatment,2,1,106.1,0,1.0
3490,treatment,12,1,133.1,0,1.0
3490,treatment,19,0,0.0,0,
3491,control,16,0,0.0,1,
3491,control,5,0,0.0,0,
3492,control,19,0,0.0,1,
3492,control,1,0,0.0,0,
3492,control,10,0,0.0,0,
3493,treatment,11,0,0.0,0,
3493,treatment,3,1,77.8,0,2.0
3493,treatment,21,0,0.0,1,
3494,treatment,5,0,0.0,0,
3495,control,7,0,0.0,1,
3495,control,4,0,0.0,0,
3496,control,4,1,163.7,1,3.0
3497,treatment,19,1,167.4,1,4.0
3497,treatment,4,0,0.0,1,
3497,treatment,12,1,130.5,0,1.0
3498,control,9,1,207.8,1,2.0
3498,control,2,0,0.0,0,
3499,treatment,19,0,0.0,0,
3499,treatment,15,0,0.0,0,
3499,treatment,6,0,0.0,0,
3500,treatment,18,1,136.8,1,1.0
3501,control,14,0,0.0,1,
3501,control,4,1,211.9,0,4.0
3502,control,1,0,0.0,1,
3503,control,10,0,0.0,0,
3503,control,2,0,0.0,0,
3504,control,18,0,0.0,1,
3504,control,2,1,72.4,0,1.0
3504,control,5,1,191.5,0,1.0
3505,control,14,1,206.1,0,1.0
3505,control,7,1,70.9,0,4.0
3505,control,20,1,201.9,0,1.0
3506,treatment,16,0,0.0,0,
3506,treatment,19,1,220.7,0,3.0
3506,treatment,6,0,0.0,0,
3507,treatment,19,0,0.0,0,
3508,control,14,1,129.0,0,2.0
3508,control,11,1,203.2,0,4.0
3509,control,1,0,0.0,0,
3510,control,10,1,232.1,1,4.0
3510,control,15,0,0.0,0,
3511,treatment,9,0,0.0,1,
3511,treatment,5,0,0.0,0,
3511,treatment,7,1,242.4,1,1.0
3512,control,6,1,146.7,1,1.0
3512,control,1,0,0.0,0,
3512,control,3,1,83.7,1,1.0
3513,control,1,0,0.0,0,
3513,control,17,0,0.0,0,
3513,control,9,1,164.3,0,3.0
3514,treatment,17,0,0.0,1,
3514,treatment,6,1,258.0,0,4.0
3515,treatment,6,1,264.3,0,1.0
3515,treatment,19,0,0.0,0,
3515,treatment,16,1,218.4,1,1.0
3516,control,13,1,226.0,0,1.0
3516,control,7,1,175.4,0,1.0
3517,control,10,1,279.4,0,5.0
3517,control,4,0,0.0,0,
3517,control,1,1,178.0,1,1.0
3518,control,5,0,0.0,1,
3518,control,20,1,120.4,1,1.0
3519,treatment,21,1,183.5,0,1.0
3519,treatment,20,1,169.6,1,2.0
3519,treatment,2,1,143.7,0,2.0
3520,control,1,1,123.5,0,1.0
3520,control,12,1,157.7,0,2.0
3521,control,9,1,158.5,1,2.0
3521,control,12,1,29.2,0,1.0
3522,control,16,0,0.0,0,
3522,control,9,1,138.2,0,4.0
3523,treatment,12,1,121.5,1,1.0
3524,treatment,20,1,160.9,0,1.0
3525,control,2,1,76.8,1,1.0
3526,control,16,1,98.3,1,3.0
3526,control,18,0,0.0,0,
3527,treatment,2,1,198.4,1,1.0
3528,treatment,4,0,0.0,0,
3529,treatment,9,0,0.0,0,
3530,treatment,21,1,216.6,1,3.0
3530,treatment,4,0,0.0,0,
3530,treatment,19,1,157.6,0,2.0
3531,treatment,16,1,178.7,0,1.0
3531,treatment,18,0,0.0,1,
3531,treatment,14,0,0.0,0,
3532,treatment,12,0,0.0,0,
3532,treatment,7,1,197.7,0,2.0
3533,treatment,15,1,226.4,1,1.0
3533,treatment,2,0,0.0,0,
3533,treatment,11,0,0.0,0,
3534,treatment,1,1,327.3,1,3.0
3534,treatment,6,0,0.0,1,
3535,treatment,15,1,115.0,0,2.0
3535,treatment,18,1,158.0,0,1.0
3536,control,13,0,0.0,1,
3536,control,11,0,0.0,0,
3537,control,21,1,168.3,0,2.0
3537,control,12,0,0.0,0,
3537,control,4,1,166.4,0,2.0
3538,control,3,1,174.0,0,1.0
3539,treatment,7,0,0.0,0,
3539,treatment,12,0,0.0,0,
3540,control,17,0,0.0,1,
3540,control,17,1,173.9,0,3.0
3541,treatment,7,1,235.8,0,3.0
3541,treatment,5,1,218.5,0,1.0
3542,treatment,4,1,276.6,1,4.0
3543,control,14,0,0.0,1,
3544,treatment,20,0,0.0,0,
3545,control,19,0,0.0,1,
3546,control,18,1,95.4,0,4.0
3546,control,16,1,137.3,1,2.0
3547,control,8,0,0.0,1,
3547,control,13,0,0.0,1,
3547,control,18,1,139.9,1,2.0
3548,treatment,16,0,0.0,0,
3548,treatment,3,1,258.9,0,1.0
3548,treatment,4,1,240.8,0,1.0
3549,control,3,0,0.0,1,
3549,control,16,0,0.0,1,
3549,control,10,1,123.0,0,2.0
3550,treatment,16,1,177.8,0,1.0
3551,control,13,0,0.0,0,
3552,control,1,0,0.0,1,
3552,control,15,1,5.0,0,3.0
3552,control,16,0,0.0,1,
3553,control,6,1,160.6,0,3.0
3553,control,3,0,0.0,1,
3553,control,10,1,301.8,0,3.0
3554,treatment,8,0,0.0,0,
3555,treatment,2,1,129.5,0,1.0
3555,treatment,2,1,236.9,0,1.0
3556,treatment,5,0,0.0,0,
3556,treatment,13,0,0.0,0,
3556,treatment,5,0,0.0,0,
3557,control,1,1,143.9,0,2.0
3557,control,15,0,0.0,1,
3557,control,21,1,37.0,1,2.0
3558,control,11,0,0.0,0,
3558,control,4,1,105.4,0,2.0
3559,treatment,18,1,297.6,0,3.0
3559,treatment,10,1,67.8,0,3.0
3560,treatment,2,1,130.1,0,1.0
3560,treatment,17,1,115.5,1,1.0
3560,treatment,14,1,131.2,0,2.0
3561,treatment,6,0,0.0,1,
3561,treatment,8,1,211.0,0,1.0
3562,treatment,5,1,206.6,0,3.0
3562,treatment,8,1,128.9,0,1.0
3563,treatment,4,1,232.0,0,2.0
3563,treatment,10,1,36.3,0,1.0
3564,treatment,10,0,0.0,0,
3564,treatment,20,1,188.4,0,1.0
3565,control,2,1,74.1,1,5.0
3565,control,9,0,0.0,1,
3565,control,2,1,131.0,0,2.0
3566,treatment,11,1,119.5,0,1.0
3566,treatment,10,0,0.0,0,
3566,treatment,2,1,100.6,0,1.0
3567,control,2,0,0.0,0,
3567,control,6,1,149.4,1,2.0
3567,control,21,1,206.3,1,5.0
3568,control,8,0,0.0,0,
3568,control,21,0,0.0,1,
3569,treatment,7,1,217.1,0,1.0
3570,treatment,6,0,0.0,0,
3571,control,3,1,202.9,0,5.0
3571,control,9,0,0.0,1,
3572,treatment,10,1,107.0,0,2.0
3572,treatment,17,1,133.9,0,2.0
3572,treatment,13,1,189.8,0,4.0
3573,treatment,3,0,0.0,0,
3573,treatment,9,1,251.1,1,1.0
3573,treatment,15,0,0.0,1,
3574,control,3,1,193.7,0,1.0
3574,control,12,0,0.0,0,
3575,control,3,0,0.0,1,
3575,control,17,0,0.0,0,
3575,control,3,1,206.4,0,2.0
3576,control,15,1,242.2,0,1.0
3576,control,8,1,163.8,1,1.0
3577,treatment,17,1,230.2,0,1.0
3577,treatment,11,1,180.1,1,1.0
3577,treatment,8,0,0.0,1,
3578,control,8,1,209.2,0,1.0
3578,control,11,0,0.0,0,
3578,control,15,1,173.4,0,2.0
3579,treatment,8,0,0.0,0,
3579,treatment,11,1,204.2,1,2.0
3579,treatment,14,0,0.0,0,
3580,control,3,0,0.0,0,
3581,control,4,1,129.6,1,4.0
3582,control,2,1,167.7,0,1.0
3583,treatment,9,1,151.5,0,2.0
3583,treatment,7,1,122.8,0,1.0
3583,treatment,17,0,0.0,0,
3584,treatment,21,1,98.7,1,1.0
3584,treatment,4,1,337.8,0,1.0
3584,treatment,2,0,0.0,0,
3585,control,9,0,0.0,1,
3585,control,2,0,0.0,0,
3586,control,3,1,185.4,0,5.0
3586,control,15,0,0.0,0,
3586,control,9,0,0.0,0,
3587,control,16,0,0.0,0,
3588,treatment,10,1,190.4,0,1.0
3588,treatment,8,1,147.6,0,1.0
3589,control,2,0,0.0,1,
3590,treatment,17,0,0.0,0,
3590,treatment,12,0,0.0,1,
3590,treatment,14,1,209.9,1,1.0
3591,control,19,0,0.0,0,
3591,control,5,1,78.2,0,4.0
3591,control,10,0,0.0,0,
3592,control,12,0,0.0,0,
3592,control,18,0,0.0,0,
3593,control,7,1,202.8,0,2.0
3593,control,9,0,0.0,1,
3594,control,5,1,179.7,0,3.0
3594,control,17,0,0.0,0,
3594,control,17,1,179.0,0,1.0
3595,control,19,1,172.4,1,1.0
3595,control,4,1,224.1,1,5.0
3595,control,1,1,233.5,1,4.0
3596,control,5,0,0.0,1,
3597,treatment,1,1,304.3,0,1.0
3597,treatment,4,1,325.6,1,1.0
3597,treatment,17,1,145.0,0,1.0
3598,control,11,1,196.9,1,2.0
3598,control,10,1,204.3,0,4.0
3598,control,5,0,0.0,0,
3599,treatment,5,0,0.0,0,
3599,treatment,13,0,0.0,0,
3600,control,6,1,120.6,1,1.0
3600,control,11,1,87.6,1,2.0
3600,control,3,1,147.7,0,2.0
3601,control,7,1,195.6,0,1.0
3601,control,12,1,85.9,0,4.0
3602,treatment,19,0,0.0,0,
3602,treatment,10,1,170.9,0,2.0
3602,treatment,11,0,0.0,0,
3603,control,4,1,146.2,1,1.0
3604,treatment,14,1,246.5,0,5.0
3604,treatment,19,1,265.1,1,1.0
3604,treatment,15,1,216.0,1,1.0
3605,treatment,15,1,141.5,0,1.0
3605,treatment,19,1,159.5,0,1.0
3606,control,11,0,0.0,0,
3606,control,9,0,0.0,0,
3606,control,11,0,0.0,1,
3607,treatment,21,1,178.9,0,1.0
3607,treatment,2,1,43.4,0,1.0
3608,treatment,3,0,0.0,1,
3608,treatment,21,0,0.0,0,
3608,treatment,8,1,127.5,0,2.0
3609,control,6,1,196.7,0,1.0
3609,control,20,1,115.9,0,1.0
3609,control,15,1,190.5,0,1.0
3610,treatment,15,1,172.1,1,3.0
3610,treatment,20,1,223.3,1,1.0
3610,treatment,16,1,184.8,0,1.0
3611,control,21,1,75.2,1,1.0
3611,control,1,1,137.4,1,1.0
3612,control,4,1,165.3,0,1.0
3612,control,13,1,133.7,1,4.0
3613,control,16,1,149.7,0,1.0
3613,control,2,0,0.0,0,
3613,control,2,0,0.0,0,
3614,control,6,1,115.9,1,2.0
3614,control,3,0,0.0,0,
3615,treatment,4,0,0.0,1,
3616,control,9,0,0.0,1,
3617,control,9,0,0.0,0,
3617,control,21,1,110.4,1,2.0
3618,treatment,16,1,107.4,1,1.0
3618,treatment,3,0,0.0,1,
3619,control,1,0,0.0,0,
3620,control,6,0,0.0,0,
3620,control,20,1,151.4,0,4.0
3621,treatment,5,1,95.7,1,2.0
3622,treatment,13,1,242.0,1,1.0
3622,treatment,11,1,165.4,0,1.0
3622,treatment,16,0,0.0,0,
3623,treatment,15,1,229.4,0,2.0
3623,treatment,2,0,0.0,1,
3623,treatment,1,1,198.6,0,5.0
3624,treatment,5,0,0.0,1,
3625,treatment,14,0,0.0,0,
3626,treatment,2,0,0.0,0,
3626,treatment,5,0,0.0,0,
3626,treatment,18,1,188.6,0,5.0
3627,treatment,15,0,0.0,1,
3627,treatment,15,0,0.0,0,
3627,treatment,3,1,200.0,1,1.0
3628,control,3,1,126.2,0,2.0
3628,control,2,0,0.0,1,
3629,treatment,3,1,245.1,1,1.0
3629,treatment,3,1,239.1,0,1.0
3629,treatment,21,0,0.0,0,
3630,treatment,20,1,285.4,0,1.0
3631,treatment,14,0,0.0,0,
3632,control,7,1,219.3,1,2.0
3632,control,2,0,0.0,0,
3633,control,12,1,69.4,1,3.0
3634,treatment,17,0,0.0,1,
3634,treatment,1,1,200.8,0,1.0
3635,treatment,20,1,183.2,0,1.0
3636,treatment,19,0,0.0,0,
3636,treatment,5,1,161.3,1,1.0
3637,control,19,0,0.0,0,
3638,control,15,0,0.0,0,
3638,control,21,0,0.0,0,
3638,control,14,1,153.5,0,3.0
3639,treatment,12,1,169.3,0,1.0
3639,treatment,17,1,234.3,0,1.0
3639,treatment,20,0,0.0,0,
3640,control,18,1,84.0,1,1.0
3640,control,15,1,123.5,0,1.0
3640,control,7,0,0.0,0,
3641,treatment,7,1,183.6,0,5.0
3642,control,10,1,34.6,1,2.0
3642,control,3,0,0.0,1,
3642,control,2,1,108.8,0,1.0
3643,control,2,0,0.0,0,
3644,treatment,2,1,219.8,0,1.0
3645,treatment,3,1,127.0,1,1.0
3645,treatment,9,0,0.0,0,
3646,treatment,3,0,0.0,0,
3647,treatment,3,0,0.0,1,
3648,control,16,1,128.2,1,1.0
3648,control,14,1,181.8,0,1.0
3649,control,15,0,0.0,0,
3649,control,16,0,0.0,1,
3649,control,20,0,0.0,1,
3650,control,1,0,0.0,0,
3650,control,8,0,0.0,1,
3651,treatment,7,0,0.0,0,
3651,treatment,11,1,270.3,0,1.0
3651,treatment,2,1,166.3,0,1.0
3652,control,12,1,128.5,1,1.0
3653,treatment,4,0,0.0,0,
3653,treatment,11,1,135.5,1,1.0
3654,control,20,1,158.8,1,1.0
3655,treatment,2,1,154.0,0,1.0
3655,treatment,16,1,89.8,0,2.0
3656,treatment,19,0,0.0,1,
3657,control,17,0,0.0,0,
3657,control,18,0,0.0,1,
3657,control,3,1,79.8,0,4.0
3658,treatment,21,1,269.7,1,1.0
3659,treatment,3,1,175.0,0,2.0
3660,control,8,1,178.6,1,2.0
3660,control,15,0,0.0,0,
3660,control,9,1,240.7,0,1.0
3661,treatment,7,0,0.0,1,
3661,treatment,12,1,180.3,0,1.0
3661,treatment,3,0,0.0,1,
3662,treatment,5,1,116.2,1,4.0
3662,treatment,16,1,136.9,0,1.0
3662,treatment,16,1,124.6,0,1.0
3663,treatment,2,0,0.0,0,
3663,treatment,19,0,0.0,1,
3664,control,13,0,0.0,0,
3664,control,18,1,154.1,1,1.0
3665,control,3,1,189.4,0,2.0
3665,control,12,1,100.1,0,2.0
3665,control,5,1,144.1,1,3.0
3666,treatment,13,0,0.0,0,
3666,treatment,20,1,152.3,0,2.0
3667,control,18,0,0.0,1,
3667,control,19,0,0.0,0,
3667,control,18,0,0.0,0,
3668,treatment,4,1,113.9,0,1.0
3668,treatment,6,1,136.9,0,4.0
3669,treatment,3,0,0.0,0,
3669,treatment,16,1,222.2,0,2.0
3670,treatment,6,1,239.4,0,4.0
3671,treatment,15,0,0.0,0,
3672,treatment,5,0,0.0,0,
3673,control,3,0,0.0,0,
3673,control,20,0,0.0,0,
3673,control,5,0,0.0,0,
3674,treatment,10,1,61.8,0,2.0
3675,control,5,0,0.0,0,
3675,control,6,1,170.3,0,2.0
3676,control,7,1,167.4,0,5.0
3676,control,11,0,0.0,1,
3677,treatment,3,1,108.5,0,1.0
3677,treatment,5,1,129.6,1,1.0
3678,treatment,8,1,185.0,0,1.0
3678,treatment,3,1,154.5,0,1.0
3678,treatment,17,0,0.0,0,
3679,control,11,0,0.0,0,
3680,control,3,0,0.0,0,
3680,control,1,0,0.0,0,
3680,control,11,1,87.9,1,2.0
3681,control,13,0,0.0,0,
3681,control,8,1,66.2,1,1.0
3682,treatment,14,0,0.0,0,
3683,control,2,1,227.2,0,1.0
3684,treatment,14,0,0.0,0,
3685,treatment,7,1,256.3,0,1.0
3685,treatment,8,1,230.5,0,4.0
3686,treatment,20,0,0.0,1,
3686,treatment,18,0,0.0,0,
3687,control,19,0,0.0,1,
3687,control,16,1,184.1,1,2.0
3687,control,6,0,0.0,0,
3688,treatment,17,0,0.0,1,
3688,treatment,12,0,0.0,0,
3689,treatment,2,1,128.3,0,2.0
3689,treatment,8,0,0.0,0,
3689,treatment,13,1,132.5,0,2.0
3690,treatment,7,1,204.3,0,4.0
3690,treatment,20,0,0.0,0,
3690,treatment,3,1,203.4,0,4.0
3691,treatment,7,0,0.0,0,
3691,treatment,13,1,228.3,0,1.0
3691,treatment,10,1,175.0,0,1.0
3692,treatment,8,0,0.0,0,
3692,treatment,13,1,178.3,0,1.0
3693,control,19,0,0.0,0,
3693,control,21,0,0.0,1,
3693,control,4,1,91.1,0,2.0
3694,treatment,14,1,166.4,0,1.0
3694,treatment,5,0,0.0,0,
3695,treatment,18,1,157.7,0,1.0
3696,control,21,1,130.0,0,2.0
3697,treatment,2,0,0.0,0,
3697,treatment,17,1,128.0,1,1.0
3698,control,10,0,0.0,1,
3698,control,19,1,137.0,0,1.0
3698,control,7,0,0.0,1,
3699,treatment,11,0,0.0,0,
3700,control,11,1,199.5,0,3.0
3700,control,9,0,0.0,0,
3701,control,11,0,0.0,1,
3701,control,11,1,271.3,0,2.0
3702,treatment,21,1,89.3,0,2.0
3702,treatment,2,0,0.0,0,
3703,treatment,4,1,169.8,0,4.0
3703,treatment,10,1,97.3,0,1.0
3703,treatment,2,1,232.0,1,2.0
3704,treatment,5,0,0.0,0,
3704,treatment,3,1,272.0,0,2.0
3704,treatment,11,1,190.9,0,1.0
3705,control,10,0,0.0,0,
3705,control,15,1,163.6,1,2.0
3706,control,1,0,0.0,0,
3706,control,15,1,245.6,0,2.0
3706,control,5,0,0.0,0,
3707,control,12,0,0.0,0,
3707,control,9,1,61.0,0,2.0
3707,control,1,1,145.1,1,1.0
3708,treatment,1,0,0.0,0,
3709,control,14,1,174.1,1,2.0
3709,control,18,1,166.9,0,3.0
3709,control,1,1,155.0,1,2.0
3710,control,17,0,0.0,0,
3710,control,10,1,151.0,0,2.0
3710,control,5,0,0.0,1,
3711,treatment,2,1,189.4,0,1.0
3711,treatment,1,1,117.5,0,2.0
3712,control,7,1,158.9,0,3.0
3712,control,1,1,65.4,0,4.0
3712,control,17,1,9.0,1,1.0
3713,control,10,0,0.0,0,
3713,control,5,1,170.6,1,2.0
3714,treatment,10,0,0.0,0,
3715,control,1,1,108.5,0,5.0
3716,treatment,17,1,101.0,0,3.0
3716,treatment,7,0,0.0,0,
3717,treatment,3,0,0.0,0,
3717,treatment,21,0,0.0,1,
3718,treatment,21,1,215.4,0,3.0
3718,treatment,19,1,94.2,0,2.0
3718,treatment,21,1,164.7,0,5.0
3719,treatment,11,1,231.8,0,1.0
3719,treatment,3,1,156.3,0,1.0
3719,treatment,4,0,0.0,0,
3720,treatment,21,0,0.0,0,
3721,control,6,0,0.0,0,
3721,control,8,1,113.0,1,2.0
3722,control,9,1,149.0,0,1.0
3722,control,10,0,0.0,0,
3722,control,8,1,160.9,1,1.0
3723,treatment,14,0,0.0,0,
3723,treatment,18,0,0.0,1,
3723,treatment,16,1,122.8,0,2.0
3724,treatment,5,1,179.7,1,1.0
3724,treatment,4,1,245.7,0,4.0
3725,control,3,1,64.3,1,4.0
3725,control,2,0,0.0,0,
3726,treatment,9,1,325.6,0,3.0
3727,treatment,5,0,0.0,0,
3728,treatment,16,1,253.1,0,1.0
3728,treatment,10,1,258.2,0,1.0
3728,treatment,10,0,0.0,1,
3729,control,7,0,0.0,0,
3730,control,2,0,0.0,0,
3730,control,2,1,114.4,0,2.0
3731,treatment,5,0,0.0,0,
3731,treatment,16,0,0.0,1,
3732,treatment,21,0,0.0,0,
3733,control,17,0,0.0,0,
3733,control,6,1,215.2,0,1.0
3734,control,4,0,0.0,0,
3734,control,12,0,0.0,0,
3734,control,1,0,0.0,0,
3735,treatment,16,1,134.9,0,1.0
3735,treatment,10,0,0.0,0,
3735,treatment,7,1,172.3,1,1.0
3736,treatment,20,0,0.0,0,
3736,treatment,9,1,147.2,0,1.0
3737,control,2,0,0.0,0,
3737,control,17,0,0.0,1,
3737,control,17,0,0.0,1,
3738,control,10,0,0.0,0,
3739,control,8,1,113.6,1,5.0
3740,treatment,6,0,0.0,0,
3741,control,4,0,0.0,0,
3741,control,6,0,0.0,0,
3741,control,20,0,0.0,1,
3742,treatment,11,1,100.1,1,2.0
3743,control,12,0,0.0,0,
3744,control,3,0,0.0,0,
3744,control,12,0,0.0,0,
3744,control,16,0,0.0,0,
3745,control,8,1,141.8,0,1.0
3745,control,21,1,139.9,1,1.0
3745,control,16,1,78.6,0,4.0
3746,control,5,1,103.3,1,4.0
3746,control,12,1,103.6,0,1.0
3746,control,3,1,126.6,1,2.0
3747,treatment,21,0,0.0,0,
3747,treatment,17,0,0.0,0,
3748,treatment,15,1,111.5,0,1.0
3748,treatment,8,1,191.4,0,2.0
3749,control,8,0,0.0,1,
3749,control,19,0,0.0,1,
3750,treatment,7,1,227.7,0,1.0
3751,control,16,0,0.0,1,
3752,control,6,1,103.8,0,3.0
3752,control,9,1,223.2,1,3.0
3753,control,14,0,0.0,1,
3753,control,8,1,116.1,1,2.0
3754,control,11,1,94.0,1,1.0
3754,control,3,1,105.8,1,2.0
3755,treatment,3,1,124.6,1,1.0
3755,treatment,14,1,107.5,1,1.0
3756,control,2,1,259.0,1,1.0
3756,control,6,0,0.0,0,
3757,control,1,0,0.0,0,
3758,treatment,17,1,144.7,0,2.0
3759,control,2,0,0.0,1,
3759,control,15,0,0.0,0,
3759,control,21,0,0.0,0,
3760,control,20,0,0.0,0,
3760,control,4,0,0.0,0,
3761,control,20,1,91.0,1,2.0
3761,control,14,1,115.8,0,1.0
3761,control,16,1,122.5,0,3.0
3762,treatment,21,0,0.0,0,
3762,treatment,4,1,198.7,1,1.0
3762,treatment,14,1,180.0,0,1.0
3763,control,11,0,0.0,1,
3763,control,21,0,0.0,0,
3763,control,19,0,0.0,1,
3764,treatment,12,1,229.9,0,1.0
3764,treatment,20,0,0.0,1,
3765,control,13,0,0.0,0,
3765,control,14,1,207.8,1,3.0
3765,control,5,0,0.0,1,
3766,control,13,1,187.3,0,5.0
3767,treatment,4,0,0.0,0,
3768,control,5,1,263.6,0,1.0
3768,control,14,1,5.0,1,5.0
3769,control,16,1,148.4,0,2.0
3770,treatment,21,0,0.0,0,
3770,treatment,6,0,0.0,0,
3770,treatment,3,1,255.6,0,3.0
3771,treatment,11,0,0.0,1,
3771,treatment,7,0,0.0,0,
3772,treatment,1,1,75.5,0,1.0
3773,treatment,19,1,150.9,1,1.0
3774,treatment,13,1,190.9,0,1.0
3774,treatment,9,1,247.6,1,3.0
3775,control,13,1,118.1,0,3.0
3775,control,13,0,0.0,0,
3776,treatment,13,0,0.0,0,
3777,control,10,1,167.2,0,1.0
3778,control,19,1,158.3,0,2.0
3779,control,13,1,162.7,0,4.0
3779,control,17,0,0.0,0,
3779,control,18,0,0.0,0,
3780,treatment,5,1,84.0,0,5.0
3780,treatment,13,0,0.0,0,
3780,treatment,14,0,0.0,0,
3781,treatment,19,1,207.8,0,1.0
3781,treatment,21,1,148.9,0,1.0
3781,treatment,19,1,193.7,0,2.0
3782,control,12,1,127.4,0,1.0
3783,treatment,16,0,0.0,0,
3784,treatment,10,1,221.8,1,3.0
3784,treatment,20,1,118.9,0,1.0
3785,treatment,17,0,0.0,0,
3785,treatment,12,1,184.2,0,2.0
3785,treatment,12,1,194.5,1,5.0
3786,treatment,13,1,240.2,0,1.0
3787,control,15,0,0.0,1,
3788,control,17,0,0.0,0,
3788,control,17,1,93.2,0,2.0
3789,treatment,3,1,117.6,1,1.0
3789,treatment,14,1,178.7,0,2.0
3790,control,19,0,0.0,1,
3790,control,6,0,0.0,0,
3791,treatment,7,0,0.0,0,
3791,treatment,15,0,0.0,0,
3791,treatment,10,0,0.0,0,
3792,treatment,15,1,177.5,0,1.0
3792,treatment,12,0,0.0,0,
3793,control,15,1,136.4,1,2.0
3793,control,11,1,157.2,1,1.0
3794,control,21,0,0.0,0,
3794,control,16,0,0.0,0,
3794,control,3,1,190.0,1,1.0
3795,control,10,0,0.0,1,
3795,control,8,0,0.0,0,
3796,treatment,12,1,192.8,0,2.0
3796,treatment,8,0,0.0,0,
3797,control,14,1,164.6,0,3.0
3797,control,13,0,0.0,0,
3798,treatment,7,0,0.0,0,
3798,treatment,19,1,62.4,0,4.0
3799,control,21,1,134.5,0,1.0
3800,control,18,0,0.0,0,
3801,treatment,12,1,235.4,0,1.0
3802,treatment,6,0,0.0,1,
3802,treatment,3,1,220.5,0,1.0
3803,treatment,17,0,0.0,1,
3804,treatment,15,1,140.7,0,1.0
3804,treatment,12,1,135.8,0,1.0
3805,treatment,7,1,62.7,1,3.0
3805,treatment,17,0,0.0,0,
3805,treatment,6,1,79.2,0,4.0
3806,treatment,13,1,129.9,1,3.0
3807,treatment,2,1,155.8,0,1.0
3807,treatment,11,1,142.4,1,3.0
3808,treatment,11,1,40.8,1,2.0
3808,treatment,8,1,147.2,0,1.0
3808,treatment,7,1,176.5,0,2.0
3809,control,4,1,204.7,1,2.0
3809,control,19,1,245.4,0,3.0
3810,treatment,20,1,139.6,0,1.0
3810,treatment,16,1,137.0,0,2.0
3810,treatment,19,1,225.4,1,2.0
3811,treatment,8,0,0.0,0,
3811,treatment,19,0,0.0,0,
3812,control,17,0,0.0,0,
3813,treatment,5,0,0.0,1,
3813,treatment,3,1,185.0,0,2.0
3814,control,9,0,0.0,0,
3814,control,11,0,0.0,0,
3814,control,12,1,102.8,1,1.0
3815,control,15,1,66.6,0,1.0
3816,treatment,1,1,150.4,0,1.0
3817,control,16,0,0.0,0,
3818,treatment,11,1,138.0,1,1.0
3818,treatment,17,1,19.7,0,2.0
3818,treatment,2,1,139.7,0,4.0
3819,control,8,1,193.7,1,2.0
3819,control,13,0,0.0,1,
3820,control,9,1,148.3,1,5.0
3820,control,7,1,118.1,0,2.0
3821,control,11,1,274.9,0,1.0
3822,treatment,17,1,167.7,0,1.0
3822,treatment,17,0,0.0,0,
3822,treatment,4,0,0.0,1,
3823,treatment,16,1,200.0,0,4.0
3824,control,17,0,0.0,0,
3825,control,13,0,0.0,0,
3826,treatment,15,1,195.2,0,4.0
3826,treatment,3,0,0.0,0,
3827,treatment,20,1,135.2,0,1.0
3828,control,5,1,171.7,1,1.0
3829,control,20,1,165.6,0,1.0
3830,treatment,2,1,164.3,1,1.0
3831,treatment,1,1,231.8,0,1.0
3832,treatment,6,0,0.0,0,
3833,treatment,5,1,187.4,0,1.0
3834,treatment,18,1,172.1,0,1.0
3835,control,10,0,0.0,1,
3835,control,2,1,93.3,1,1.0
3836,treatment,6,0,0.0,0,
3836,treatment,20,0,0.0,0,
3837,control,11,1,175.0,0,2.0
3837,control,12,0,0.0,0,
3838,treatment,2,0,0.0,1,
3838,treatment,7,1,156.7,0,3.0
3838,treatment,19,1,110.8,0,1.0
3839,control,8,1,125.8,0,3.0
3839,control,9,0,0.0,0,
3840,treatment,20,1,148.2,0,1.0
3841,treatment,12,0,0.0,1,
3841,treatment,11,1,181.5,0,4.0
3841,treatment,6,0,0.0,0,
3842,control,21,0,0.0,0,
3843,control,5,0,0.0,0,
3843,control,15,0,0.0,0,
3844,treatment,6,0,0.0,1,
3844,treatment,17,0,0.0,0,
3844,treatment,8,0,0.0,0,
3845,treatment,2,1,168.0,0,1.0
3845,treatment,3,0,0.0,0,
3846,treatment,6,1,146.2,0,2.0
3846,treatment,12,1,189.1,0,4.0
3847,treatment,8,0,0.0,0,
3847,treatment,8,0,0.0,0,
3848,treatment,13,1,217.2,0,3.0
3848,treatment,10,0,0.0,0,
3848,treatment,4,1,178.4,1,1.0
3849,control,12,1,238.2,0,2.0
3849,control,7,0,0.0,0,
3849,control,11,0,0.0,0,
3850,control,4,0,0.0,0,
3850,control,10,1,129.8,0,1.0
3851,treatment,17,0,0.0,0,
3851,treatment,20,1,275.4,0,1.0
3852,control,16,1,229.0,0,3.0
3852,control,17,0,0.0,0,
3852,control,18,1,167.7,1,4.0
3853,control,16,1,302.1,0,1.0
3854,control,7,1,150.5,1,5.0
3854,control,20,1,234.1,0,2.0
3854,control,14,0,0.0,0,
3855,treatment,20,0,0.0,0,
3855,treatment,17,0,0.0,0,
3856,control,3,1,175.7,0,3.0
3856,control,14,1,92.5,0,3.0
3856,control,9,0,0.0,0,
3857,treatment,6,0,0.0,0,
3857,treatment,3,0,0.0,0,
3857,treatment,5,1,65.8,0,3.0
3858,control,10,0,0.0,0,
3858,control,10,0,0.0,1,
3859,treatment,3,0,0.0,0,
3859,treatment,12,1,123.7,1,2.0
3859,treatment,2,1,207.3,1,1.0
3860,control,1,0,0.0,0,
3860,control,3,1,127.8,1,2.0
3860,control,14,0,0.0,0,
3861,treatment,2,0,0.0,0,
3862,treatment,14,1,201.0,0,2.0
3863,control,8,0,0.0,0,
3864,treatment,14,0,0.0,0,
3865,treatment,12,0,0.0,1,
3865,treatment,12,1,104.7,0,1.0
3866,treatment,20,0,0.0,1,
3866,treatment,1,1,213.3,0,1.0
3866,treatment,14,0,0.0,0,
3867,treatment,19,1,303.2,0,1.0
3867,treatment,15,0,0.0,0,
3867,treatment,21,1,106.3,0,1.0
3868,treatment,15,0,0.0,0,
3869,treatment,14,1,166.1,1,1.0
3869,treatment,5,0,0.0,0,
3870,treatment,1,1,103.0,1,1.0
3871,treatment,3,1,248.2,0,3.0
3871,treatment,14,1,187.9,0,1.0
3872,control,10,1,152.2,0,1.0
3872,control,16,0,0.0,1,
3873,control,13,0,0.0,1,
3873,control,15,0,0.0,0,
3873,control,1,1,210.2,0,1.0
3874,treatment,7,1,208.9,0,2.0
3875,treatment,21,1,228.6,0,3.0
3875,treatment,5,1,175.9,0,5.0
3875,treatment,10,0,0.0,0,
3876,control,4,1,52.9,0,1.0
3876,control,7,1,15.6,0,1.0
3876,control,2,0,0.0,0,
3877,control,13,0,0.0,0,
3877,control,20,0,0.0,0,
3878,control,20,1,161.5,0,3.0
3879,treatment,7,1,95.4,0,1.0
3880,control,12,1,207.0,1,5.0
3880,control,13,1,118.9,0,1.0
3880,control,1,0,0.0,0,
3881,treatment,13,1,237.4,0,2.0
3881,treatment,9,1,144.5,0,2.0
3882,treatment,2,1,169.8,1,1.0
3882,treatment,5,1,153.6,0,1.0
3882,treatment,7,0,0.0,0,
3883,control,18,0,0.0,0,
3883,control,16,1,44.1,0,2.0
3884,treatment,8,0,0.0,0,
3885,treatment,13,1,199.3,1,3.0
3885,treatment,8,1,171.1,0,1.0
3886,treatment,20,0,0.0,0,
3886,treatment,8,1,207.4,0,1.0
3887,treatment,2,0,0.0,0,
3887,treatment,3,1,75.4,0,4.0
3887,treatment,16,1,60.8,0,1.0
3888,control,8,0,0.0,0,
3888,control,16,1,195.8,1,1.0
3888,control,10,1,151.6,0,5.0
3889,control,11,0,0.0,0,
3889,control,4,1,191.5,0,1.0
3890,treatment,17,0,0.0,0,
3890,treatment,21,0,0.0,0,
3891,treatment,7,1,228.3,1,4.0
3891,treatment,13,1,234.3,0,1.0
3891,treatment,2,1,191.9,0,1.0
3892,control,12,1,49.4,1,1.0
3892,control,13,1,158.0,0,5.0
3892,control,17,1,127.3,0,3.0
3893,treatment,10,0,0.0,0,
3893,treatment,4,1,223.6,1,5.0
3893,treatment,15,1,209.4,0,1.0
3894,control,8,1,147.9,0,2.0
3894,control,7,1,158.2,0,3.0
3894,control,20,1,124.5,0,5.0
3895,treatment,2,1,235.3,1,3.0
3895,treatment,13,1,169.9,1,4.0
3895,treatment,17,1,190.6,0,1.0
3896,treatment,5,0,0.0,1,
3897,control,11,0,0.0,1,
3898,control,12,1,102.4,1,3.0
3898,control,15,0,0.0,0,
3898,control,17,1,190.7,0,1.0
3899,control,4,1,51.6,0,3.0
3900,control,3,0,0.0,1,
3900,control,17,0,0.0,0,
3901,treatment,9,0,0.0,0,
3902,control,14,0,0.0,0,
3902,control,10,1,266.6,1,4.0
3903,treatment,3,0,0.0,0,
3903,treatment,15,1,279.1,1,1.0
3904,control,15,0,0.0,0,
3904,control,13,0,0.0,0,
3905,control,17,0,0.0,0,
3906,treatment,13,1,116.5,0,1.0
3907,control,3,0,0.0,1,
3907,control,21,1,195.2,0,3.0
3907,control,21,0,0.0,1,
3908,control,1,0,0.0,0,
3908,control,17,1,98.0,1,2.0
3909,control,5,1,144.5,1,2.0
3909,control,10,1,229.3,0,2.0
3909,control,1,1,65.2,0,3.0
3910,control,11,1,214.0,1,2.0
3910,control,18,1,185.5,0,1.0
3910,control,4,1,184.7,0,4.0
3911,treatment,4,1,110.4,1,1.0
3911,treatment,5,1,165.4,0,4.0
3911,treatment,8,1,199.1,1,1.0
3912,treatment,9,0,0.0,1,
3913,control,8,1,136.4,0,3.0
3913,control,17,1,140.9,1,1.0
3913,control,14,0,0.0,1,
3914,control,17,0,0.0,0,
3914,control,2,1,23.3,1,1.0
3914,control,18,0,0.0,1,
3915,control,5,1,87.3,0,2.0
3915,control,1,1,152.1,0,1.0
3916,treatment,14,0,0.0,0,
3917,treatment,7,1,127.1,0,1.0
3917,treatment,10,1,294.3,1,1.0
3917,treatment,7,1,109.0,0,1.0
3918,treatment,6,0,0.0,0,
3919,treatment,8,1,72.6,0,1.0
3919,treatment,4,0,0.0,0,
3920,control,16,0,0.0,0,
3920,control,2,1,218.5,1,2.0
3921,control,3,1,249.9,1,4.0
3922,control,2,1,112.1,0,3.0
3922,control,15,0,0.0,0,
3922,control,16,0,0.0,0,
3923,treatment,3,0,0.0,0,
3923,treatment,9,0,0.0,1,
3923,treatment,20,1,115.8,0,1.0
3924,control,3,0,0.0,0,
3925,treatment,8,1,256.4,0,1.0
3926,treatment,13,1,127.3,1,1.0
3926,treatment,4,1,331.4,0,2.0
3926,treatment,6,1,72.8,1,2.0
3927,control,17,0,0.0,0,
3928,control,4,1,145.0,1,3.0
3929,control,5,0,0.0,0,
3929,control,19,1,110.3,1,2.0
3929,control,14,0,0.0,1,
3930,treatment,17,0,0.0,0,
3930,treatment,11,1,157.2,0,2.0
3931,treatment,2,1,124.3,0,3.0
3931,treatment,3,1,126.7,1,1.0
3931,treatment,18,1,119.0,0,4.0
3932,control,1,0,0.0,0,
3932,control,3,1,238.4,0,1.0
3933,control,16,1,158.6,0,5.0
3933,control,10,1,151.8,1,4.0
3933,control,17,0,0.0,1,
3934,treatment,8,1,155.4,1,5.0
3934,treatment,5,0,0.0,0,
3934,treatment,17,0,0.0,0,
3935,control,14,1,68.1,1,4.0
3935,control,17,1,173.5,0,2.0
3936,treatment,14,1,235.1,0,1.0
3936,treatment,10,1,259.0,0,2.0
3936,treatment,4,0,0.0,0,
3937,treatment,21,1,188.7,1,2.0
3938,control,21,0,0.0,0,
3939,control,5,1,101.3,0,5.0
3939,control,21,0,0.0,0,
3940,control,21,0,0.0,0,
3941,control,20,0,0.0,1,
3941,control,1,0,0.0,0,
3942,treatment,8,1,249.8,0,5.0
3942,treatment,4,0,0.0,1,
3942,treatment,6,1,99.2,0,1.0
3943,treatment,14,1,137.4,0,3.0
3943,treatment,16,1,212.4,1,2.0
3944,treatment,7,1,206.7,0,1.0
3944,treatment,19,1,168.1,1,2.0
3945,control,8,1,151.3,1,2.0
3945,control,5,1,186.3,0,2.0
3946,treatment,13,0,0.0,1,
3946,treatment,1,0,0.0,0,
3946,treatment,10,1,189.2,1,1.0
3947,control,10,1,119.0,1,3.0
3948,control,11,0,0.0,0,
3949,control,5,0,0.0,0,
3950,control,6,1,92.8,0,1.0
3950,control,16,0,0.0,0,
3950,control,3,0,0.0,1,
3951,control,16,0,0.0,1,
3952,control,7,0,0.0,1,
3952,control,10,1,107.8,0,4.0
3952,control,7,0,0.0,0,
3953,treatment,13,0,0.0,0,
3954,control,9,0,0.0,1,
3954,control,12,0,0.0,0,
3955,treatment,9,0,0.0,0,
3955,treatment,8,1,146.2,0,4.0
3955,treatment,5,1,202.2,0,1.0
3956,treatment,14,0,0.0,0,
3956,treatment,19,1,201.3,1,1.0
3956,treatment,14,0,0.0,1,
3957,control,7,1,141.3,1,1.0
3957,control,2,1,253.3,1,2.0
3957,control,3,0,0.0,1,
3958,control,11,0,0.0,1,
3958,control,2,1,157.9,1,1.0
3959,control,17,0,0.0,1,
3959,control,16,1,181.7,0,5.0
3959,control,2,1,216.9,0,1.0
3960,treatment,4,0,0.0,0,
3960,treatment,20,0,0.0,0,
3960,treatment,7,1,120.4,1,1.0
3961,control,10,0,0.0,0,
3961,control,9,0,0.0,0,
3962,treatment,6,1,119.7,0,1.0
3962,treatment,10,1,138.0,0,4.0
3963,control,7,1,151.3,0,1.0
3964,control,5,1,61.3,0,4.0
3964,control,7,1,183.8,0,4.0
3964,control,10,0,0.0,1,
3965,treatment,6,1,242.2,0,4.0
3965,treatment,6,0,0.0,0,
3966,treatment,20,1,113.8,0,3.0
3967,control,4,0,0.0,1,
3967,control,8,0,0.0,0,
3968,treatment,19,1,160.1,0,1.0
3968,treatment,10,0,0.0,0,
3968,treatment,14,0,0.0,0,
3969,treatment,17,0,0.0,0,
3970,treatment,20,1,89.0,1,1.0
3970,treatment,21,0,0.0,0,
3971,treatment,20,1,95.2,0,1.0
3971,treatment,17,0,0.0,0,
3971,treatment,9,0,0.0,1,
3972,treatment,7,0,0.0,0,
3972,treatment,15,1,180.2,0,4.0
3973,control,15,1,270.6,0,2.0
3974,control,13,0,0.0,1,
3974,control,9,0,0.0,0,
3974,control,16,0,0.0,0,
3975,treatment,21,0,0.0,1,
3975,treatment,12,0,0.0,0,
3976,control,13,0,0.0,0,
3976,control,15,0,0.0,1,
3977,control,17,0,0.0,1,
3977,control,8,1,82.0,1,3.0
3977,control,16,0,0.0,0,
3978,treatment,19,1,90.5,1,3.0
3978,treatment,14,0,0.0,0,
3979,control,12,1,201.5,0,1.0
3979,control,6,1,128.3,0,2.0
3980,treatment,9,0,0.0,0,
3980,treatment,15,0,0.0,0,
3981,treatment,11,1,234.5,0,1.0
3981,treatment,2,1,226.7,0,1.0
3982,control,13,0,0.0,1,
3982,control,5,1,77.6,0,2.0
3982,control,7,0,0.0,0,
3983,treatment,2,1,231.7,0,1.0
3983,treatment,20,0,0.0,0,
3983,treatment,9,0,0.0,0,
3984,treatment,5,1,254.5,1,2.0
3984,treatment,18,1,266.2,1,3.0
3985,treatment,10,0,0.0,0,
3986,treatment,20,1,126.3,0,1.0
3986,treatment,3,1,147.9,0,1.0
3987,treatment,7,0,0.0,1,
3987,treatment,19,0,0.0,1,
3987,treatment,6,0,0.0,0,
3988,control,2,1,134.1,0,3.0
3988,control,12,0,0.0,1,
3988,control,20,0,0.0,1,
3989,control,9,0,0.0,1,
3990,treatment,17,1,83.5,1,2.0
3991,treatment,21,0,0.0,0,
3992,control,20,0,0.0,1,
3992,control,4,0,0.0,1,
3993,treatment,8,1,202.4,0,1.0
3993,treatment,15,0,0.0,1,
3993,treatment,2,0,0.0,0,
3994,control,10,0,0.0,0,
3994,control,20,1,83.8,0,1.0
3994,control,3,1,232.5,0,2.0
3995,treatment,10,0,0.0,0,
3995,treatment,17,1,208.3,0,1.0
3995,treatment,2,0,0.0,1,
3996,treatment,16,0,0.0,0,
3996,treatment,12,1,178.3,0,3.0
3997,treatment,3,0,0.0,0,
3997,treatment,20,0,0.0,0,
3998,treatment,15,0,0.0,0,
3998,treatment,19,1,275.1,0,3.0
3998,treatment,4,0,0.0,0,
3999,treatment,14,0,0.0,0,
3999,treatment,19,0,0.0,0,
4000,treatment,13,1,105.2,0,1.0
4000,treatment,1,1,127.9,1,1.0
4001,treatment,5,0,0.0,0,
4002,control,17,0,0.0,0,
4002,control,3,1,41.4,0,2.0
4003,control,19,1,134.6,1,2.0
4004,control,21,0,0.0,1,
4004,control,11,0,0.0,0,
4005,treatment,5,0,0.0,0,
4006,treatment,12,0,0.0,0,
4006,treatment,20,1,88.0,0,2.0
4007,treatment,3,0,0.0,0,
4007,treatment,18,0,0.0,0,
4007,treatment,2,0,0.0,0,
4008,treatment,19,0,0.0,1,
4008,treatment,14,0,0.0,1,
4008,treatment,3,0,0.0,1,
4009,treatment,9,1,200.7,0,2.0
4009,treatment,18,0,0.0,1,
4009,treatment,9,1,195.1,0,1.0
4010,treatment,16,1,132.9,1,1.0
4010,treatment,5,1,53.8,0,1.0
4010,treatment,4,1,206.9,0,1.0
4011,treatment,11,0,0.0,0,
4011,treatment,6,1,181.1,1,4.0
4011,treatment,18,1,165.1,0,4.0
4012,control,3,0,0.0,1,
4012,control,5,1,200.5,1,1.0
4013,treatment,18,1,264.0,0,3.0
4014,control,15,1,81.4,1,2.0
4015,control,7,0,0.0,0,
4015,control,20,0,0.0,0,
4016,treatment,11,1,271.7,0,5.0
4016,treatment,14,0,0.0,0,
4017,treatment,5,1,134.0,0,1.0
4017,treatment,9,1,284.8,0,1.0
4018,control,21,1,168.2,0,4.0
4018,control,13,0,0.0,0,
4019,control,8,0,0.0,0,
4019,control,19,0,0.0,1,
4019,control,12,1,235.7,0,2.0
4020,treatment,17,1,95.4,0,1.0
4021,treatment,19,1,217.8,0,1.0
4022,control,20,1,101.0,0,1.0
4022,control,18,0,0.0,1,
4022,control,11,0,0.0,1,
4023,treatment,8,1,97.7,0,1.0
4024,treatment,15,0,0.0,1,
4025,treatment,20,0,0.0,0,
4025,treatment,10,0,0.0,0,
4026,control,11,0,0.0,0,
4026,control,2,0,0.0,0,
4026,control,5,0,0.0,1,
4027,control,5,1,145.6,0,1.0
4027,control,8,1,147.0,0,1.0
4028,control,17,0,0.0,0,
4028,control,5,1,236.9,0,2.0
4029,treatment,15,1,221.0,1,1.0
4030,treatment,20,1,240.4,0,4.0
4031,control,15,0,0.0,1,
4031,control,7,0,0.0,1,
4031,control,19,0,0.0,1,
4032,control,17,0,0.0,1,
4033,control,10,0,0.0,0,
4033,control,20,0,0.0,0,
4033,control,4,1,172.2,1,2.0
4034,treatment,1,1,93.0,0,1.0
4035,control,14,1,137.0,0,5.0
4035,control,15,0,0.0,1,
4036,control,2,0,0.0,0,
4036,control,15,1,145.0,1,2.0
4036,control,20,1,73.4,1,1.0
4037,treatment,16,1,258.4,0,1.0
4038,treatment,16,1,208.2,0,2.0
4038,treatment,16,1,227.9,0,4.0
4039,treatment,21,1,152.6,0,3.0
4039,treatment,17,1,127.0,0,1.0
4040,control,6,1,97.8,0,2.0
4041,treatment,11,1,180.7,0,1.0
4041,treatment,17,1,156.4,1,2.0
4041,treatment,16,1,145.8,0,1.0
4042,treatment,18,1,215.6,1,2.0
4042,treatment,14,1,178.7,0,2.0
4042,treatment,3,0,0.0,0,
4043,control,7,1,142.6,0,1.0
4043,control,7,1,133.8,0,1.0
4043,control,19,0,0.0,1,
4044,treatment,2,0,0.0,0,
4044,treatment,5,1,212.7,0,2.0
4045,control,6,0,0.0,0,
4045,control,13,0,0.0,0,
4045,control,17,1,131.3,0,3.0
4046,control,7,1,91.0,0,1.0
4046,control,11,1,101.3,1,2.0
4046,control,13,1,171.6,0,1.0
4047,treatment,3,1,155.3,0,3.0
4047,treatment,12,1,300.5,0,1.0
4048,treatment,10,0,0.0,0,
4048,treatment,20,1,251.7,0,1.0
4049,treatment,2,1,214.5,1,3.0
4049,treatment,9,0,0.0,0,
4049,treatment,17,1,106.2,0,3.0
4050,treatment,7,1,168.0,1,2.0
4051,treatment,3,1,5.0,0,1.0
4052,treatment,17,1,192.1,0,3.0
4053,control,9,1,197.4,0,1.0
4053,control,8,0,0.0,1,
4053,control,3,1,170.8,0,1.0
4054,control,2,0,0.0,1,
4054,control,14,1,203.8,0,1.0
4054,control,11,1,183.6,0,1.0
4055,treatment,3,1,168.3,0,4.0
4055,treatment,19,1,254.5,0,1.0
4056,control,7,1,197.2,1,1.0
4056,control,21,1,216.6,1,2.0
4057,treatment,12,0,0.0,1,
4057,treatment,19,0,0.0,0,
4058,control,21,0,0.0,0,
4059,control,10,1,197.7,0,2.0
4060,control,9,0,0.0,0,
4060,control,10,0,0.0,1,
4061,treatment,8,0,0.0,0,
4061,treatment,1,1,152.2,0,1.0
4062,control,5,0,0.0,0,
4062,control,1,0,0.0,0,
4062,control,6,0,0.0,0,
4063,treatment,8,1,43.0,1,1.0
4063,treatment,14,0,0.0,1,
4064,control,6,0,0.0,0,
4065,control,12,0,0.0,1,
4066,control,20,1,175.4,0,2.0
4066,control,16,1,236.5,1,1.0
4067,control,5,1,161.0,0,2.0
4067,control,19,0,0.0,1,
4068,control,2,1,102.1,0,2.0
4068,control,3,0,0.0,0,
4068,control,17,1,56.2,0,1.0
4069,treatment,2,1,185.9,0,1.0
4069,treatment,12,1,116.4,1,1.0
4069,treatment,1,1,112.3,0,1.0
4070,treatment,2,0,0.0,0,
4070,treatment,19,0,0.0,0,
4071,control,3,1,167.7,1,4.0
4071,control,2,1,188.7,0,1.0
4071,control,1,0,0.0,0,
4072,control,4,1,118.8,1,3.0
4073,control,11,0,0.0,0,
4074,control,15,0,0.0,0,
4075,treatment,3,1,101.1,0,2.0
4075,treatment,16,0,0.0,1,
4075,treatment,3,1,201.6,1,1.0
4076,control,11,0,0.0,0,
4076,control,5,1,136.3,1,5.0
4077,treatment,16,1,141.1,0,1.0
4077,treatment,9,1,141.3,0,1.0
4077,treatment,5,0,0.0,0,
4078,control,12,1,137.9,1,1.0
4078,control,7,0,0.0,1,
4079,treatment,21,1,196.7,0,4.0
4079,treatment,3,0,0.0,0,
4079,treatment,6,0,0.0,0,
4080,control,2,0,0.0,0,
4080,control,15,1,219.1,0,1.0
4081,control,5,1,214.0,0,2.0
4082,treatment,19,1,177.8,0,3.0
4082,treatment,1,0,0.0,0,
4083,control,9,1,94.6,0,1.0
4083,control,14,0,0.0,0,
4084,control,2,1,133.6,1,2.0
4085,control,12,0,0.0,0,
4085,control,19,1,169.8,0,1.0
4086,treatment,18,1,188.2,1,2.0
4086,treatment,7,0,0.0,0,
4086,treatment,7,0,0.0,1,
4087,control,11,1,238.4,1,1.0
4088,control,15,1,149.0,0,1.0
4089,treatment,4,0,0.0,1,
4089,treatment,14,0,0.0,1,
4090,treatment,18,0,0.0,0,
4090,treatment,8,0,0.0,0,
4090,treatment,19,0,0.0,1,
4091,treatment,8,0,0.0,1,
4092,control,16,1,44.6,0,1.0
4092,control,4,1,220.5,0,1.0
4092,control,12,1,168.4,0,1.0
4093,control,15,1,135.8,0,3.0
4093,control,3,1,161.2,0,3.0
4094,control,18,1,133.3,1,2.0
4095,treatment,18,0,0.0,0,
4096,control,17,1,90.9,1,1.0
4096,control,12,1,252.2,0,2.0
4097,control,19,1,54.6,0,3.0
4097,control,19,0,0.0,0,
4098,treatment,15,1,164.2,1,1.0
4098,treatment,13,1,145.6,0,2.0
4099,treatment,17,1,173.4,0,4.0
4099,treatment,6,0,0.0,0,
4099,treatment,19,1,235.1,0,1.0
4100,treatment,15,0,0.0,0,
4101,treatment,2,0,0.0,0,
4101,treatment,3,0,0.0,1,
4101,treatment,19,0,0.0,1,
4102,treatment,5,1,114.4,0,1.0
4102,treatment,16,1,127.5,0,1.0
4102,treatment,1,1,239.3,1,2.0
4103,control,14,0,0.0,0,
4103,control,1,1,112.7,0,4.0
4103,control,18,1,89.4,1,3.0
4104,treatment,10,0,0.0,0,
4104,treatment,10,1,137.2,0,1.0
4104,treatment,18,1,280.8,1,1.0
4105,control,1,0,0.0,0,
4105,control,13,0,0.0,0,
4106,control,4,0,0.0,1,
4106,control,6,0,0.0,1,
4107,treatment,11,0,0.0,0,
4108,treatment,8,1,165.7,0,3.0
4109,treatment,4,0,0.0,0,
4109,treatment,11,1,228.4,1,3.0
4110,control,11,0,0.0,0,
4110,control,3,1,97.2,0,5.0
4111,treatment,11,0,0.0,0,
4112,treatment,1,0,0.0,0,
4112,treatment,19,0,0.0,0,
4112,treatment,6,0,0.0,1,
4113,treatment,15,0,0.0,0,
4114,treatment,6,0,0.0,0,
4114,treatment,9,0,0.0,1,
4115,treatment,7,1,166.4,0,1.0
4115,treatment,17,0,0.0,0,
4116,control,7,1,165.2,0,1.0
4117,control,10,0,0.0,0,
4118,control,17,1,143.9,0,1.0
4119,treatment,12,1,57.4,0,4.0
4119,treatment,19,1,122.3,1,1.0
4120,treatment,11,1,272.9,0,1.0
4120,treatment,6,1,232.6,1,1.0
4120,treatment,18,0,0.0,0,
4121,treatment,4,1,170.1,0,3.0
4121,treatment,17,0,0.0,0,
4122,control,10,1,162.0,1,1.0
4122,control,9,0,0.0,1,
4122,control,12,1,101.7,0,2.0
4123,treatment,17,0,0.0,1,
4123,treatment,14,0,0.0,1,
4124,treatment,3,0,0.0,0,
4125,treatment,15,0,0.0,1,
4125,treatment,5,1,236.4,0,3.0
4125,treatment,2,0,0.0,1,
4126,control,3,1,144.7,0,2.0
4126,control,1,1,134.9,1,3.0
4127,treatment,18,1,65.2,0,1.0
4127,treatment,15,1,198.7,0,1.0
4128,control,5,0,0.0,0,
4129,treatment,13,1,230.1,0,2.0
4130,control,3,1,107.9,0,2.0
4130,control,8,0,0.0,0,
4131,control,16,1,118.9,0,5.0
4132,control,16,1,287.5,0,1.0
4132,control,19,0,0.0,0,
4133,treatment,7,1,108.2,0,3.0
4134,treatment,7,0,0.0,1,
4134,treatment,17,0,0.0,0,
4134,treatment,21,1,98.8,0,1.0
4135,control,17,0,0.0,1,
4135,control,15,0,0.0,0,
4136,control,3,1,251.9,0,1.0
4136,control,11,0,0.0,0,
4136,control,21,1,262.9,0,2.0
4137,treatment,6,1,136.4,0,1.0
4137,treatment,9,0,0.0,0,
4138,treatment,5,1,237.0,1,2.0
4138,treatment,13,0,0.0,1,
4138,treatment,2,0,0.0,1,
4139,control,9,0,0.0,1,
4139,control,7,0,0.0,1,
4140,treatment,2,1,210.5,0,1.0
4140,treatment,21,1,183.0,0,1.0
4140,treatment,18,1,252.3,0,4.0
4141,treatment,4,1,164.2,1,1.0
4142,treatment,12,1,125.0,0,1.0
4142,treatment,4,1,131.6,1,1.0
4142,treatment,13,0,0.0,0,
4143,treatment,18,0,0.0,0,
4143,treatment,5,0,0.0,0,
4143,treatment,20,0,0.0,0,
4144,control,2,1,60.2,0,5.0
4145,treatment,13,1,121.2,0,1.0
4145,treatment,18,1,156.1,1,1.0
4146,treatment,7,0,0.0,1,
4146,treatment,5,1,155.7,1,2.0
4146,treatment,1,0,0.0,1,
4147,control,3,0,0.0,0,
4148,control,12,1,49.0,0,1.0
4148,control,10,0,0.0,0,
4148,control,6,0,0.0,0,
4149,treatment,9,1,153.5,0,1.0
4149,treatment,18,0,0.0,1,
4150,treatment,14,0,0.0,0,
4151,treatment,13,1,157.5,0,2.0
4152,treatment,19,1,140.2,0,1.0
4152,treatment,18,1,140.8,0,1.0
4152,treatment,11,1,158.9,0,1.0
4153,control,8,1,53.9,1,5.0
4154,control,11,0,0.0,1,
4154,control,9,1,154.0,0,2.0
4155,control,2,1,157.8,0,2.0
4156,treatment,11,0,0.0,0,
4156,treatment,15,1,191.7,0,4.0
4157,treatment,18,1,125.2,1,1.0
4158,treatment,9,1,156.0,0,1.0
4158,treatment,6,1,175.5,1,1.0
4159,treatment,2,1,206.6,0,1.0
4159,treatment,2,0,0.0,0,
4159,treatment,6,1,143.9,0,4.0
4160,control,6,0,0.0,1,
4161,control,10,1,81.2,0,2.0
4162,treatment,16,0,0.0,0,
4163,control,19,1,100.6,0,1.0
4163,control,8,1,139.5,0,2.0
4164,treatment,12,1,145.6,0,5.0
4165,treatment,21,1,161.8,0,1.0
4165,treatment,15,0,0.0,1,
4165,treatment,6,0,0.0,0,
4166,control,18,1,224.6,0,3.0
4166,control,7,0,0.0,1,
4167,treatment,9,1,177.1,1,1.0
4168,treatment,18,1,174.3,0,1.0
4169,control,11,1,173.5,0,2.0
4170,treatment,7,1,188.0,0,1.0
4171,treatment,3,0,0.0,0,
4172,control,14,1,86.0,0,1.0
4172,control,19,1,220.6,1,2.0
4173,treatment,4,0,0.0,0,
4173,treatment,19,1,230.7,0,1.0
4173,treatment,10,1,197.6,0,2.0
4174,control,20,0,0.0,0,
4174,control,18,0,0.0,0,
4175,treatment,3,1,289.8,0,1.0
4176,control,14,1,85.4,0,4.0
4177,control,16,0,0.0,0,
4177,control,9,0,0.0,0,
4177,control,7,0,0.0,0,
4178,control,6,0,0.0,0,
4179,treatment,6,1,150.3,0,1.0
4179,treatment,14,0,0.0,0,
4179,treatment,18,1,88.7,0,1.0
4180,control,6,1,278.0,1,5.0
4181,control,2,0,0.0,0,
4181,control,13,0,0.0,0,
4181,control,6,0,0.0,0,
4182,control,14,0,0.0,0,
4182,control,2,1,85.4,0,5.0
4182,control,14,1,160.8,0,1.0
4183,control,17,1,90.7,0,1.0
4184,control,21,0,0.0,0,
4185,treatment,7,0,0.0,1,
4185,treatment,5,1,185.1,1,4.0
4185,treatment,6,1,76.0,1,1.0
4186,treatment,17,0,0.0,0,
4186,treatment,20,1,226.5,0,1.0
4186,treatment,5,0,0.0,0,
4187,treatment,13,1,111.7,1,3.0
4187,treatment,16,0,0.0,0,
4188,treatment,7,0,0.0,0,
4188,treatment,13,1,213.6,0,1.0
4188,treatment,10,1,189.0,0,1.0
4189,treatment,10,0,0.0,0,
4189,treatment,6,0,0.0,0,
4189,treatment,10,0,0.0,0,
4190,treatment,5,0,0.0,0,
4190,treatment,5,0,0.0,1,
4190,treatment,19,1,148.8,0,5.0
4191,treatment,13,0,0.0,0,
4191,treatment,21,1,173.9,0,3.0
4192,control,19,0,0.0,1,
4193,treatment,3,1,91.4,1,1.0
4193,treatment,20,1,105.6,0,1.0
4194,control,10,0,0.0,1,
4194,control,9,0,0.0,0,
4195,control,20,0,0.0,0,
4196,treatment,15,1,258.7,0,1.0
4196,treatment,16,1,284.6,1,2.0
4196,treatment,12,1,176.6,0,1.0
4197,control,20,1,209.1,0,1.0
4197,control,16,1,261.5,0,1.0
4198,control,11,1,150.2,0,3.0
4198,control,16,0,0.0,0,
4199,control,9,1,216.2,0,2.0
4199,control,14,0,0.0,0,
4200,control,21,1,132.5,0,4.0
4201,treatment,1,1,5.0,1,1.0
4202,treatment,4,1,197.0,0,1.0
4203,treatment,3,1,71.9,0,1.0
4203,treatment,6,1,215.7,0,2.0
4204,treatment,5,1,195.8,0,1.0
4205,treatment,17,1,170.5,0,1.0
4206,treatment,21,1,149.1,0,1.0
4206,treatment,5,1,144.1,0,1.0
4206,treatment,14,1,138.5,0,1.0
4207,treatment,19,1,156.1,0,3.0
4207,treatment,6,1,233.8,0,2.0
4207,treatment,21,1,125.0,0,5.0
4208,treatment,20,1,231.0,0,2.0
4208,treatment,9,1,118.2,0,1.0
4208,treatment,21,0,0.0,0,
4209,treatment,7,0,0.0,0,
4209,treatment,3,1,129.8,0,1.0
4209,treatment,18,1,145.8,1,3.0
4210,treatment,18,1,120.9,1,1.0
4210,treatment,13,0,0.0,0,
4210,treatment,17,1,279.2,0,1.0
4211,control,12,0,0.0,0,
4211,control,19,1,237.9,0,3.0
4211,control,2,1,75.6,0,1.0
4212,treatment,14,0,0.0,0,
4212,treatment,12,1,171.2,0,3.0
4213,control,9,1,184.1,1,3.0
4213,control,16,1,48.8,1,3.0
4214,control,1,0,0.0,0,
4214,control,3,0,0.0,0,
4214,control,12,1,140.3,1,5.0
4215,control,16,0,0.0,0,
4216,control,6,1,69.9,0,4.0
4217,treatment,2,0,0.0,1,
4218,control,21,1,264.5,1,2.0
4218,control,12,0,0.0,0,
4219,treatment,8,1,257.1,0,1.0
4219,treatment,11,1,151.9,1,2.0
4220,treatment,2,1,246.1,1,3.0
4221,control,16,1,236.9,0,4.0
4221,control,8,0,0.0,1,
4222,treatment,5,1,250.6,0,3.0
4223,control,10,1,193.4,1,1.0
4223,control,14,0,0.0,1,
4224,control,1,1,100.1,0,1.0
4224,control,4,0,0.0,0,
4224,control,11,1,246.6,1,1.0
4225,treatment,7,1,120.1,0,1.0
4226,treatment,6,1,132.4,0,1.0
4226,treatment,7,1,60.4,0,1.0
4226,treatment,2,1,221.5,0,1.0
4227,control,18,1,172.3,1,1.0
4227,control,8,0,0.0,0,
4228,treatment,18,1,182.5,1,1.0
4229,treatment,10,1,243.2,0,2.0
4230,treatment,3,1,245.8,1,2.0
4230,treatment,3,0,0.0,0,
4230,treatment,7,0,0.0,1,
4231,control,10,1,215.0,1,2.0
4231,control,4,0,0.0,0,
4231,control,8,0,0.0,0,
4232,control,5,0,0.0,1,
4232,control,12,0,0.0,1,
4233,treatment,16,0,0.0,0,
4234,treatment,13,1,180.5,1,1.0
4234,treatment,5,0,0.0,1,
4235,treatment,11,0,0.0,0,
4235,treatment,2,0,0.0,0,
4235,treatment,14,0,0.0,1,
4236,treatment,19,0,0.0,1,
4236,treatment,12,0,0.0,1,
4237,treatment,1,1,225.8,1,2.0
4238,control,20,0,0.0,1,
4238,control,13,1,177.7,1,3.0
4238,control,21,1,64.2,1,1.0
4239,treatment,2,1,308.3,0,1.0
4240,control,11,1,199.5,0,1.0
4241,treatment,15,1,199.7,0,1.0
4241,treatment,13,1,182.2,0,1.0
4242,control,15,0,0.0,0,
4242,control,7,0,0.0,0,
4242,control,9,1,206.1,0,1.0
4243,treatment,1,0,0.0,0,
4243,treatment,19,0,0.0,0,
4243,treatment,13,1,101.9,0,1.0
4244,control,18,0,0.0,1,
4245,treatment,12,0,0.0,0,
4246,control,5,1,182.0,0,5.0
4247,control,13,0,0.0,0,
4247,control,13,1,169.6,0,5.0
4248,control,18,0,0.0,0,
4249,control,21,1,165.9,1,4.0
4249,control,16,0,0.0,1,
4249,control,4,1,146.8,1,4.0
4250,control,16,0,0.0,1,
4250,control,6,0,0.0,0,
4250,control,6,0,0.0,0,
4251,control,21,0,0.0,0,
4251,control,7,0,0.0,1,
4251,control,19,1,173.0,1,4.0
4252,treatment,17,0,0.0,0,
4252,treatment,17,0,0.0,0,
4252,treatment,12,1,293.1,0,1.0
4253,control,11,1,102.6,1,1.0
4253,control,18,0,0.0,0,
4253,control,6,1,60.9,0,1.0
4254,treatment,9,0,0.0,0,
4254,treatment,2,0,0.0,0,
4254,treatment,12,0,0.0,1,
4255,treatment,1,1,174.9,1,1.0
4256,treatment,12,1,302.7,0,1.0
4257,treatment,5,1,306.9,1,4.0
4257,treatment,21,0,0.0,0,
4257,treatment,15,1,114.8,0,1.0
4258,treatment,18,1,122.3,0,1.0
4259,control,7,0,0.0,1,
4260,control,5,0,0.0,0,
4260,control,19,0,0.0,1,
4260,control,15,1,159.0,0,1.0
4261,control,13,1,211.2,0,2.0
4261,control,16,0,0.0,1,
4261,control,1,1,221.1,1,2.0
4262,treatment,16,0,0.0,0,
4262,treatment,9,0,0.0,0,
4263,control,2,0,0.0,0,
4263,control,16,1,236.0,1,1.0
4264,control,1,0,0.0,1,
4265,control,1,0,0.0,0,
4266,control,21,1,119.4,0,3.0
4267,control,8,0,0.0,0,
4267,control,3,1,122.9,0,2.0
4268,treatment,16,0,0.0,0,
4268,treatment,7,1,141.2,0,1.0
4268,treatment,13,0,0.0,0,
4269,control,10,1,182.7,1,3.0
4269,control,13,0,0.0,0,
4270,treatment,4,1,230.5,0,2.0
4270,treatment,12,1,59.1,0,1.0
4271,treatment,11,0,0.0,0,
4271,treatment,18,1,179.3,0,3.0
4272,treatment,15,1,217.6,0,3.0
4273,treatment,17,0,0.0,1,
4274,treatment,5,1,238.3,0,1.0
4274,treatment,19,1,303.8,0,1.0
4274,treatment,3,1,198.6,0,2.0
4275,control,8,0,0.0,0,
4275,control,2,1,85.2,0,2.0
4275,control,19,1,191.2,0,1.0
4276,control,3,1,165.5,0,3.0
4277,control,6,1,127.5,1,2.0
4277,control,14,1,130.4,1,1.0
4278,treatment,15,1,169.9,0,4.0
4278,treatment,7,0,0.0,0,
4279,control,16,1,142.8,0,3.0
4279,control,4,1,176.0,0,2.0
4280,control,18,1,5.0,0,3.0
4280,control,14,1,150.7,1,2.0
4281,treatment,8,1,310.6,0,1.0
4281,treatment,19,1,300.9,0,1.0
4281,treatment,2,1,293.0,1,5.0
4282,treatment,12,0,0.0,0,
4282,treatment,18,1,177.1,0,1.0
4282,treatment,21,0,0.0,0,
4283,treatment,4,0,0.0,1,
4283,treatment,8,1,198.1,1,4.0
4283,treatment,15,1,234.4,0,1.0
4284,treatment,19,0,0.0,0,
4285,control,12,1,5.0,0,3.0
4285,control,21,1,112.3,0,3.0
4286,treatment,7,1,64.4,1,1.0
4286,treatment,6,1,172.2,0,1.0
4287,treatment,5,0,0.0,0,
4287,treatment,12,1,353.4,0,3.0
4288,control,6,1,247.3,1,1.0
4288,control,18,0,0.0,0,
4288,control,5,0,0.0,1,
4289,control,17,0,0.0,0,
4290,treatment,18,0,0.0,1,
4291,control,21,1,226.0,0,1.0
4292,treatment,13,0,0.0,0,
4293,treatment,17,0,0.0,0,
4293,treatment,14,1,141.4,1,3.0
4293,treatment,14,1,130.3,0,3.0
4294,control,13,1,139.4,0,3.0
4294,control,6,1,228.0,0,1.0
4294,control,11,1,254.1,1,1.0
4295,control,16,0,0.0,0,
4296,treatment,5,0,0.0,0,
4297,treatment,21,0,0.0,1,
4298,treatment,14,0,0.0,0,
4298,treatment,13,1,222.2,1,1.0
4298,treatment,15,1,58.9,0,1.0
4299,control,12,0,0.0,0,
4299,control,18,0,0.0,1,
4299,control,5,1,48.2,0,2.0
4300,treatment,20,1,113.1,1,2.0
4301,treatment,13,0,0.0,0,
4301,treatment,21,0,0.0,0,
4301,treatment,19,0,0.0,0,
4302,treatment,7,0,0.0,1,
4302,treatment,6,1,236.2,0,1.0
4302,treatment,4,1,153.8,0,1.0
4303,treatment,15,1,188.7,0,4.0
4303,treatment,11,0,0.0,0,
4303,treatment,7,1,157.4,0,2.0
4304,treatment,12,1,199.1,0,1.0
4305,control,1,0,0.0,1,
4305,control,16,0,0.0,0,
4306,treatment,14,1,235.7,0,1.0
4306,treatment,11,1,186.8,0,4.0
4307,treatment,1,0,0.0,1,
4307,treatment,16,1,172.1,0,2.0
4308,treatment,3,0,0.0,0,
4308,treatment,11,0,0.0,0,
4309,treatment,7,0,0.0,0,
4309,treatment,6,1,315.3,0,1.0
4309,treatment,6,0,0.0,0,
4310,control,10,1,198.7,0,1.0
4310,control,18,0,0.0,0,
4311,control,3,0,0.0,1,
4311,control,6,1,114.6,1,5.0
4311,control,21,0,0.0,0,
4312,control,15,1,191.5,1,3.0
4312,control,11,1,98.8,0,5.0
4312,control,20,0,0.0,0,
4313,treatment,5,0,0.0,0,
4313,treatment,7,1,217.8,0,1.0
4313,treatment,20,0,0.0,0,
4314,treatment,17,1,216.4,0,3.0
4315,control,3,1,74.1,0,4.0
4316,control,12,0,0.0,0,
4317,control,7,1,200.3,0,3.0
4317,control,8,0,0.0,1,
4317,control,11,0,0.0,0,
4318,treatment,13,1,193.1,0,1.0
4318,treatment,6,0,0.0,0,
4318,treatment,8,1,272.2,0,1.0
4319,treatment,10,1,99.0,1,1.0
4319,treatment,21,1,248.9,1,1.0
4319,treatment,6,0,0.0,1,
4320,control,20,1,129.4,1,1.0
4321,control,1,0,0.0,0,
4321,control,10,0,0.0,0,
4322,control,4,1,218.6,0,3.0
4322,control,1,1,114.2,0,1.0
4323,treatment,2,1,274.1,0,4.0
4323,treatment,10,1,108.3,0,1.0
4324,treatment,13,0,0.0,1,
4324,treatment,5,0,0.0,0,
4324,treatment,7,1,209.7,1,1.0
4325,treatment,11,0,0.0,1,
4326,control,21,0,0.0,1,
4326,control,14,0,0.0,1,
4327,control,7,0,0.0,1,
4327,control,4,1,78.3,1,3.0
4327,control,11,0,0.0,0,
4328,treatment,19,0,0.0,0,
4329,control,4,0,0.0,0,
4329,control,16,1,269.0,0,1.0
4329,control,9,1,171.5,0,1.0
4330,treatment,4,0,0.0,0,
4330,treatment,13,1,173.8,0,1.0
4331,control,7,0,0.0,0,
4332,control,15,0,0.0,0,
4332,control,5,0,0.0,0,
4332,control,20,0,0.0,0,
4333,control,21,1,139.9,0,3.0
4333,control,4,0,0.0,0,
4333,control,4,0,0.0,1,
4334,control,7,1,153.3,1,4.0
4335,treatment,6,1,156.2,0,5.0
4335,treatment,1,0,0.0,0,
4335,treatment,6,0,0.0,0,
4336,control,12,0,0.0,0,
4336,control,9,0,0.0,0,
4336,control,8,0,0.0,0,
4337,treatment,4,1,270.7,0,1.0
4337,treatment,4,0,0.0,1,
4338,treatment,19,1,226.4,0,4.0
4338,treatment,9,0,0.0,0,
4339,treatment,21,1,273.1,0,3.0
4340,control,13,0,0.0,0,
4340,control,5,0,0.0,0,
4340,control,10,0,0.0,0,
4341,treatment,2,1,143.3,1,2.0
4341,treatment,14,0,0.0,0,
4341,treatment,7,0,0.0,0,
4342,treatment,15,0,0.0,0,
4342,treatment,18,1,163.8,0,1.0
4342,treatment,21,0,0.0,0,
4343,treatment,3,0,0.0,0,
4343,treatment,9,1,316.7,0,3.0
4343,treatment,12,1,147.1,0,1.0
4344,control,20,0,0.0,1,
4345,control,4,1,208.1,1,1.0
4346,treatment,18,1,189.0,0,2.0
4346,treatment,21,0,0.0,0,
4346,treatment,18,0,0.0,0,
4347,control,13,1,220.9,0,3.0
4347,control,10,1,135.4,0,1.0
4348,treatment,10,1,230.2,0,1.0
4348,treatment,11,0,0.0,0,
4349,treatment,7,1,165.4,0,5.0
4349,treatment,2,1,125.6,0,1.0
4350,control,20,0,0.0,0,
4351,treatment,5,1,116.3,0,3.0
4351,treatment,4,0,0.0,0,
4352,control,3,0,0.0,0,
4352,control,19,1,246.5,1,2.0
4353,control,5,1,136.5,0,3.0
4353,control,3,0,0.0,1,
4353,control,12,1,212.9,0,3.0
4354,treatment,19,0,0.0,0,
4354,treatment,16,1,225.3,0,2.0
4354,treatment,16,1,204.5,0,2.0
4355,control,19,1,144.5,1,5.0
4355,control,18,1,119.3,0,3.0
4355,control,15,0,0.0,0,
4356,control,7,1,68.0,1,5.0
4356,control,11,0,0.0,1,
4356,control,5,0,0.0,0,
4357,treatment,19,1,142.3,0,1.0
4357,treatment,4,0,0.0,1,
4357,treatment,2,0,0.0,1,
4358,treatment,6,0,0.0,0,
4358,treatment,16,0,0.0,0,
4358,treatment,13,0,0.0,1,
4359,control,14,0,0.0,1,
4360,control,1,1,147.5,0,1.0
4360,control,20,1,96.1,0,2.0
4361,treatment,9,0,0.0,0,
4361,treatment,7,0,0.0,0,
4362,control,6,0,0.0,0,
4363,control,7,1,153.5,0,4.0
4363,control,9,1,141.2,0,1.0
4364,control,10,0,0.0,0,
4365,control,8,1,149.2,1,1.0
4365,control,16,1,215.1,0,1.0
4365,control,14,1,169.4,1,3.0
4366,control,4,1,149.3,0,4.0
4367,control,12,1,99.4,0,3.0
4368,control,20,0,0.0,0,
4369,treatment,3,0,0.0,0,
4370,treatment,19,0,0.0,0,
4371,treatment,19,0,0.0,1,
4372,treatment,14,1,168.0,0,1.0
4373,treatment,5,0,0.0,0,
4373,treatment,18,0,0.0,1,
4374,control,18,0,0.0,0,
4374,control,11,1,220.9,1,1.0
4374,control,3,1,167.5,1,1.0
4375,control,20,1,148.7,1,1.0
4376,control,3,0,0.0,1,
4377,control,9,0,0.0,0,
4378,treatment,5,1,267.2,0,4.0
4379,control,14,0,0.0,0,
4379,control,16,1,214.6,0,2.0
4380,control,18,0,0.0,0,
4380,control,21,1,152.4,0,1.0
4380,control,17,1,158.1,0,5.0
4381,treatment,2,0,0.0,0,
4382,control,6,0,0.0,1,
4383,control,12,0,0.0,0,
4383,control,2,1,149.3,0,5.0
4383,control,13,1,52.5,0,1.0
4384,treatment,21,1,134.1,0,1.0
4385,control,10,1,111.9,0,1.0
4385,control,8,0,0.0,0,
4385,control,16,1,171.7,0,2.0
4386,control,10,0,0.0,0,
4386,control,19,0,0.0,1,
4387,control,3,1,163.3,0,1.0
4388,control,18,0,0.0,0,
4388,control,8,0,0.0,1,
4388,control,18,0,0.0,0,
4389,control,21,0,0.0,1,
4390,treatment,7,0,0.0,0,
4390,treatment,5,1,320.9,0,2.0
4390,treatment,21,0,0.0,0,
4391,treatment,12,0,0.0,1,
4391,treatment,14,1,5.0,0,1.0
4391,treatment,12,1,182.9,1,2.0
4392,treatment,21,0,0.0,1,
4392,treatment,6,1,204.5,0,5.0
4392,treatment,21,0,0.0,0,
4393,treatment,21,1,274.8,1,3.0
4393,treatment,1,0,0.0,0,
4393,treatment,9,0,0.0,0,
4394,treatment,8,0,0.0,0,
4394,treatment,10,1,162.6,0,1.0
4394,treatment,2,0,0.0,0,
4395,treatment,19,0,0.0,1,
4396,control,10,1,194.1,1,3.0
4397,treatment,4,1,132.5,0,1.0
4397,treatment,2,1,149.9,0,1.0
4398,treatment,1,0,0.0,0,
4399,control,2,1,145.6,0,1.0
4400,control,12,0,0.0,0,
4401,treatment,10,0,0.0,0,
4401,treatment,8,0,0.0,0,
4401,treatment,7,1,105.9,0,3.0
4402,control,9,1,192.4,0,3.0
4402,control,10,1,126.1,1,4.0
4402,control,7,1,215.0,0,2.0
4403,treatment,9,0,0.0,0,
4403,treatment,8,0,0.0,0,
4403,treatment,2,1,241.4,0,3.0
4404,control,6,0,0.0,0,
4405,treatment,15,0,0.0,0,
4405,treatment,8,0,0.0,0,
4406,control,17,0,0.0,1,
4407,control,4,0,0.0,0,
4407,control,1,0,0.0,0,
4407,control,10,1,97.0,0,1.0
4408,treatment,1,0,0.0,0,
4408,treatment,20,1,119.9,1,2.0
4408,treatment,3,0,0.0,0,
4409,treatment,5,0,0.0,0,
4409,treatment,3,0,0.0,1,
4409,treatment,8,1,146.8,0,1.0
4410,treatment,7,0,0.0,0,
4411,treatment,8,0,0.0,0,
4412,treatment,10,1,144.6,0,1.0
4412,treatment,7,1,130.9,0,1.0
4413,control,4,1,206.2,0,2.0
4413,control,16,1,118.2,1,2.0
4413,control,4,0,0.0,0,
4414,treatment,13,0,0.0,0,
4414,treatment,3,0,0.0,0,
4414,treatment,5,0,0.0,0,
4415,treatment,10,1,113.1,1,2.0
4415,treatment,12,1,140.8,1,1.0
4415,treatment,1,1,191.8,0,2.0
4416,control,7,0,0.0,1,
4417,control,17,1,205.9,0,1.0
4418,treatment,6,0,0.0,0,
4418,treatment,17,1,151.5,1,1.0
4418,treatment,15,0,0.0,0,
4419,control,17,0,0.0,0,
4419,control,8,1,237.9,0,4.0
4420,control,3,0,0.0,1,
4420,control,17,1,281.7,0,2.0
4421,treatment,10,1,102.7,0,1.0
4421,treatment,16,0,0.0,0,
4422,control,7,1,88.0,1,2.0
4422,control,17,0,0.0,1,
4422,control,19,1,48.8,1,5.0
4423,control,13,0,0.0,0,
4423,control,6,1,203.4,0,1.0
4424,treatment,6,1,217.3,0,3.0
4424,treatment,10,1,146.5,0,5.0
4425,treatment,15,0,0.0,0,
4425,treatment,12,1,236.1,0,1.0
4425,treatment,3,1,172.4,0,1.0
4426,control,5,0,0.0,0,
4426,control,6,1,183.7,1,1.0
4427,control,13,1,161.8,0,1.0
4427,control,10,0,0.0,1,
4428,treatment,21,0,0.0,1,
4428,treatment,17,1,162.3,0,1.0
4429,control,4,0,0.0,0,
4430,control,2,1,112.5,1,3.0
4431,control,18,0,0.0,0,
4431,control,1,1,111.2,1,1.0
4432,treatment,20,0,0.0,1,
4432,treatment,16,1,130.4,1,4.0
4432,treatment,5,1,125.6,0,2.0
4433,control,2,0,0.0,0,
4433,control,8,1,220.1,0,5.0
4434,control,21,1,173.5,0,1.0
4434,control,3,0,0.0,0,
4435,treatment,16,1,244.6,1,1.0
4435,treatment,10,0,0.0,0,
4435,treatment,3,0,0.0,0,
4436,control,11,0,0.0,1,
4436,control,19,1,199.5,1,1.0
4436,control,10,0,0.0,0,
4437,control,16,0,0.0,0,
4437,control,17,0,0.0,1,
4438,treatment,10,0,0.0,0,
4438,treatment,11,1,186.2,0,5.0
4439,treatment,7,1,175.3,0,2.0
4439,treatment,10,1,232.4,0,1.0
4440,treatment,12,1,100.1,0,1.0
4440,treatment,12,1,271.1,0,4.0
4440,treatment,18,0,0.0,0,
4441,treatment,16,0,0.0,1,
4442,control,17,1,138.8,0,3.0
4443,control,14,0,0.0,0,
4443,control,4,1,96.1,1,1.0
4443,control,7,1,137.2,0,2.0
4444,treatment,1,0,0.0,0,
4444,treatment,11,1,182.8,1,2.0
4445,treatment,16,1,107.2,1,1.0
4445,treatment,2,0,0.0,0,
4446,control,3,0,0.0,1,
4447,treatment,3,1,344.2,0,3.0
4448,control,21,1,5.0,1,4.0
4448,control,18,1,214.0,0,1.0
4448,control,17,0,0.0,1,
4449,treatment,13,1,209.9,0,1.0
4449,treatment,18,0,0.0,0,
4449,treatment,17,0,0.0,0,
4450,control,19,0,0.0,1,
4450,control,14,0,0.0,1,
4451,treatment,5,0,0.0,0,
4451,treatment,5,0,0.0,0,
4451,treatment,17,1,66.2,0,2.0
4452,treatment,11,0,0.0,0,
4453,control,2,0,0.0,0,
4453,control,16,0,0.0,1,
4454,treatment,10,0,0.0,0,
4454,treatment,11,0,0.0,0,
4455,control,13,0,0.0,0,
4455,control,13,1,230.2,0,4.0
4456,control,16,0,0.0,0,
4456,control,8,0,0.0,1,
4456,control,21,1,154.7,0,3.0
4457,control,21,0,0.0,0,
4457,control,3,1,99.2,0,1.0
4458,control,10,1,137.1,0,1.0
4458,control,17,0,0.0,0,
4459,control,14,1,80.7,1,3.0
4459,control,16,1,216.6,0,5.0
4459,control,5,1,213.2,1,1.0
4460,treatment,6,1,181.1,0,1.0
4460,treatment,5,1,152.4,1,1.0
4460,treatment,15,1,141.3,0,4.0
4461,treatment,15,0,0.0,0,
4461,treatment,16,0,0.0,0,
4461,treatment,4,0,0.0,0,
4462,control,17,1,210.3,1,1.0
4462,control,11,1,155.5,1,1.0
4462,control,19,1,223.8,0,1.0
4463,treatment,1,1,163.3,0,2.0
4464,control,15,0,0.0,0,
4464,control,15,0,0.0,1,
4464,control,5,0,0.0,0,
4465,treatment,14,1,166.2,0,3.0
4466,treatment,5,0,0.0,0,
4466,treatment,13,1,264.2,0,2.0
4466,treatment,16,1,147.6,0,1.0
4467,treatment,12,1,164.2,0,1.0
4468,treatment,7,1,209.1,1,1.0
4468,treatment,1,1,188.1,0,3.0
4469,control,4,1,290.7,0,2.0
4469,control,7,0,0.0,0,
4470,control,6,0,0.0,0,
4471,treatment,19,1,151.3,0,5.0
4471,treatment,8,1,312.7,0,4.0
4471,treatment,21,0,0.0,0,
4472,treatment,18,1,146.8,0,2.0
4472,treatment,21,1,168.2,0,4.0
4472,treatment,1,0,0.0,0,
4473,control,19,0,0.0,0,
4474,treatment,3,1,118.8,0,1.0
4475,control,4,0,0.0,0,
4475,control,14,1,105.2,1,2.0
4475,control,7,1,146.0,0,1.0
4476,control,6,1,171.5,0,1.0
4476,control,18,1,271.1,0,3.0
4476,control,1,1,112.5,0,3.0
4477,control,17,0,0.0,0,
4477,control,14,0,0.0,0,
4478,treatment,18,1,212.6,1,1.0
4479,control,5,0,0.0,0,
4480,treatment,14,1,224.5,0,1.0
4480,treatment,12,1,263.7,1,1.0
4480,treatment,14,0,0.0,0,
4481,control,7,0,0.0,1,
4481,control,10,1,161.6,0,2.0
4481,control,16,1,172.0,0,1.0
4482,treatment,4,1,126.9,0,1.0
4482,treatment,7,0,0.0,0,
4483,treatment,11,1,163.2,0,1.0
4483,treatment,20,1,145.7,0,1.0
4484,treatment,7,1,208.2,0,4.0
4484,treatment,15,0,0.0,1,
4484,treatment,5,1,241.4,1,1.0
4485,control,17,0,0.0,1,
4485,control,18,0,0.0,0,
4486,control,18,1,169.7,0,3.0
4486,control,18,0,0.0,1,
4487,treatment,15,1,179.9,1,3.0
4487,treatment,10,0,0.0,0,
4488,treatment,11,0,0.0,0,
4489,treatment,14,1,229.9,0,1.0
4489,treatment,4,1,132.5,0,1.0
4489,treatment,8,1,191.6,1,2.0
4490,control,8,1,95.3,0,2.0
4490,control,3,0,0.0,1,
4490,control,14,1,168.1,0,1.0
4491,control,3,0,0.0,0,
4492,control,17,0,0.0,0,
4493,control,9,0,0.0,0,
4493,control,21,1,168.6,0,1.0
4494,treatment,21,0,0.0,0,
4494,treatment,10,0,0.0,0,
4495,treatment,13,0,0.0,0,
4495,treatment,8,1,151.1,0,1.0
4496,control,17,1,91.5,0,1.0
4496,control,18,0,0.0,1,
4496,control,20,0,0.0,0,
4497,control,11,1,183.1,1,4.0
4497,control,20,1,148.6,0,1.0
4498,treatment,18,1,183.3,1,2.0
4498,treatment,12,0,0.0,1,
4498,treatment,11,1,295.8,0,1.0
4499,control,11,1,218.1,1,1.0
4499,control,1,0,0.0,1,
4500,control,6,0,0.0,0,
4500,control,16,1,95.0,1,3.0
4500,control,19,0,0.0,1,
4501,control,17,1,240.1,1,2.0
4502,control,16,1,174.7,0,1.0
4502,control,4,1,167.9,0,3.0
4502,control,7,1,121.9,1,2.0
4503,control,16,0,0.0,0,
4504,control,18,0,0.0,0,
4504,control,17,0,0.0,0,
4504,control,6,1,199.4,1,4.0
4505,treatment,8,0,0.0,0,
4505,treatment,10,1,134.7,0,5.0
4505,treatment,4,0,0.0,1,
4506,control,6,0,0.0,0,
4506,control,4,1,195.3,0,2.0
4507,control,17,0,0.0,0,
4507,control,17,1,116.2,1,2.0
4507,control,10,1,115.8,1,4.0
4508,treatment,7,1,276.0,1,1.0
4508,treatment,19,1,202.3,1,4.0
4508,treatment,11,0,0.0,0,
4509,treatment,2,0,0.0,1,
4509,treatment,4,0,0.0,0,
4510,treatment,21,1,226.3,1,1.0
4510,treatment,5,0,0.0,1,
4510,treatment,7,0,0.0,0,
4511,control,6,1,127.8,1,3.0
4511,control,20,0,0.0,1,
4511,control,18,1,76.6,0,1.0
4512,treatment,19,1,201.4,1,2.0
4512,treatment,5,0,0.0,0,
4512,treatment,8,0,0.0,0,
4513,control,18,1,160.3,1,1.0
4513,control,7,1,140.1,0,1.0
4514,control,6,1,206.4,0,2.0
4515,control,10,1,219.5,0,1.0
4516,treatment,18,0,0.0,0,
4516,treatment,6,1,130.3,0,1.0
4517,treatment,11,0,0.0,0,
4517,treatment,16,1,231.1,0,1.0
4518,treatment,19,0,0.0,0,
4519,treatment,3,0,0.0,1,
4519,treatment,20,0,0.0,0,
4520,treatment,17,0,0.0,0,
4521,control,11,0,0.0,0,
4521,control,7,1,175.9,1,1.0
4522,control,14,1,126.9,0,2.0
4522,control,6,1,144.9,1,2.0
4522,control,12,0,0.0,1,
4523,control,5,0,0.0,1,
4523,control,15,1,262.6,0,1.0
4523,control,15,0,0.0,0,
4524,control,5,0,0.0,0,
4524,control,21,0,0.0,0,
4524,control,2,1,194.6,0,1.0
4525,treatment,15,1,126.4,0,2.0
4526,treatment,9,0,0.0,0,
4526,treatment,1,1,274.8,0,1.0
4526,treatment,15,0,0.0,0,
4527,control,11,1,179.5,0,5.0
4527,control,11,1,242.0,1,3.0
4527,control,4,0,0.0,1,
4528,treatment,2,1,340.6,1,3.0
4528,treatment,6,1,217.8,0,4.0
4528,treatment,8,1,73.6,0,3.0
4529,treatment,14,1,174.3,1,1.0
4529,treatment,16,1,187.2,0,2.0
4530,control,4,1,117.3,1,1.0
4531,control,4,1,239.2,0,1.0
4531,control,12,0,0.0,0,
4532,treatment,10,0,0.0,0,
4533,treatment,17,1,163.5,0,5.0
4534,control,11,1,182.4,0,1.0
4535,control,10,1,152.8,1,2.0
4535,control,1,0,0.0,0,
4535,control,19,0,0.0,0,
4536,control,10,0,0.0,1,
4537,treatment,18,1,197.5,0,1.0
4537,treatment,1,0,0.0,0,
4537,treatment,20,0,0.0,1,
4538,control,13,1,228.0,0,1.0
4538,control,17,1,156.8,1,4.0
4538,control,4,0,0.0,1,
4539,control,14,1,129.7,1,2.0
4540,treatment,16,1,198.6,0,1.0
4540,treatment,5,0,0.0,0,
4541,treatment,7,1,199.3,0,2.0
4541,treatment,19,0,0.0,0,
4541,treatment,21,1,230.1,0,4.0
4542,treatment,3,1,99.1,0,1.0
4542,treatment,2,1,274.0,1,1.0
4542,treatment,5,0,0.0,1,
4543,treatment,20,0,0.0,0,
4543,treatment,20,1,214.6,0,1.0
4544,treatment,9,1,282.4,0,1.0
4544,treatment,14,0,0.0,0,
4544,treatment,10,0,0.0,1,
4545,control,9,1,141.0,0,3.0
4545,control,6,1,156.4,0,5.0
4546,control,15,0,0.0,1,
4546,control,13,0,0.0,1,
4547,treatment,12,0,0.0,0,
4548,treatment,13,0,0.0,0,
4549,treatment,20,1,131.9,0,2.0
4549,treatment,18,1,242.1,1,2.0
4550,treatment,20,1,192.2,0,1.0
4551,treatment,15,1,138.7,1,1.0
4552,control,4,0,0.0,0,
4552,control,5,1,129.8,0,4.0
4553,control,9,0,0.0,0,
4553,control,8,0,0.0,1,
4553,control,1,1,110.2,0,1.0
4554,control,4,0,0.0,0,
4555,control,9,1,186.6,1,1.0
4555,control,6,1,160.9,1,1.0
4555,control,17,0,0.0,0,
4556,treatment,16,0,0.0,0,
4556,treatment,19,0,0.0,0,
4556,treatment,11,0,0.0,0,
4557,control,5,1,103.6,0,4.0
4557,control,20,1,162.7,0,1.0
4558,treatment,2,0,0.0,0,
4558,treatment,1,1,140.3,1,1.0
4558,treatment,21,0,0.0,1,
4559,treatment,5,1,256.7,0,5.0
4560,treatment,18,1,165.0,0,1.0
4560,treatment,20,1,133.8,0,1.0
4561,control,17,1,148.6,0,2.0
4561,control,10,1,25.5,1,1.0
4562,treatment,3,0,0.0,0,
4562,treatment,9,1,190.7,0,1.0
4563,control,4,0,0.0,0,
4563,control,7,0,0.0,0,
4564,control,21,0,0.0,0,
4565,treatment,16,0,0.0,0,
4565,treatment,7,0,0.0,1,
4565,treatment,2,1,206.0,0,1.0
4566,treatment,10,1,200.1,0,3.0
4566,treatment,14,1,172.6,1,1.0
4567,treatment,9,1,172.6,1,1.0
4568,control,7,1,133.8,0,1.0
4569,treatment,18,0,0.0,1,
4569,treatment,20,0,0.0,0,
4569,treatment,5,1,214.7,0,5.0
4570,control,7,1,146.7,1,1.0
4571,treatment,8,1,118.5,0,1.0
4571,treatment,18,1,120.5,0,1.0
4571,treatment,7,0,0.0,0,
4572,treatment,2,1,170.9,0,1.0
4572,treatment,20,1,237.7,0,1.0
4572,treatment,9,1,155.7,1,3.0
4573,control,21,0,0.0,0,
4574,control,10,1,104.4,0,1.0
4574,control,12,0,0.0,1,
4575,control,19,0,0.0,0,
4575,control,15,1,194.0,0,1.0
4576,control,12,0,0.0,0,
4576,control,5,1,217.1,0,2.0
4576,control,10,1,152.2,0,3.0
4577,control,10,1,180.7,0,3.0
4577,control,9,1,254.0,1,2.0
4577,control,18,0,0.0,0,
4578,control,20,0,0.0,0,
4578,control,6,0,0.0,1,
4579,treatment,15,0,0.0,1,
4579,treatment,8,1,155.6,0,1.0
4579,treatment,17,0,0.0,1,
4580,treatment,5,0,0.0,0,
4580,treatment,17,1,273.4,1,1.0
4580,treatment,14,0,0.0,0,
4581,control,11,0,0.0,0,
4582,treatment,3,1,176.2,0,2.0
4582,treatment,21,1,38.4,0,1.0
4582,treatment,10,1,105.0,0,1.0
4583,control,12,1,171.6,1,5.0
4584,treatment,17,1,157.4,0,1.0
4584,treatment,8,1,292.5,0,1.0
4584,treatment,7,1,299.1,0,4.0
4585,treatment,11,0,0.0,0,
4585,treatment,12,1,185.8,0,1.0
4586,control,18,1,234.5,0,5.0
4587,control,10,0,0.0,0,
4588,control,3,1,236.9,0,1.0
4588,control,3,0,0.0,1,
4589,treatment,7,1,132.7,0,2.0
4589,treatment,18,0,0.0,0,
4590,control,2,1,157.5,0,2.0
4591,treatment,2,0,0.0,0,
4592,control,18,1,119.0,0,3.0
4592,control,8,0,0.0,1,
4592,control,14,0,0.0,0,
4593,treatment,10,1,222.6,0,1.0
4593,treatment,20,0,0.0,0,
4594,treatment,18,0,0.0,1,
4594,treatment,20,0,0.0,1,
4595,control,14,1,190.6,1,2.0
4595,control,2,1,142.1,0,1.0
4595,control,3,1,135.5,0,4.0
4596,treatment,17,1,292.0,1,1.0
4596,treatment,8,0,0.0,0,
4596,treatment,8,1,239.8,0,2.0
4597,treatment,9,1,71.0,1,1.0
4597,treatment,12,1,62.2,0,1.0
4598,control,6,0,0.0,1,
4598,control,2,0,0.0,0,
4598,control,10,1,215.5,0,4.0
4599,treatment,16,0,0.0,1,
4600,control,19,0,0.0,1,
4600,control,6,1,100.5,1,4.0
4600,control,21,0,0.0,0,
4601,control,15,1,219.1,1,4.0
4602,control,5,1,163.2,1,5.0
4603,control,17,0,0.0,1,
4603,control,2,1,231.5,0,3.0
4604,treatment,11,1,207.0,1,1.0
4604,treatment,17,1,224.5,0,1.0
4605,treatment,12,1,193.1,0,1.0
4605,treatment,21,0,0.0,0,
4605,treatment,12,1,111.3,1,4.0
4606,treatment,4,1,222.1,0,4.0
4606,treatment,15,1,154.2,0,4.0
4606,treatment,4,1,13.9,0,1.0
4607,control,7,0,0.0,1,
4607,control,19,1,68.1,1,4.0
4607,control,7,0,0.0,1,
4608,treatment,16,0,0.0,0,
4608,treatment,6,0,0.0,0,
4609,treatment,9,1,147.1,0,1.0
4609,treatment,19,1,197.9,0,3.0
4610,control,16,0,0.0,1,
4611,control,18,1,150.6,0,2.0
4611,control,4,1,101.2,0,3.0
4612,treatment,8,1,229.6,0,4.0
4612,treatment,2,0,0.0,0,
4612,treatment,10,1,266.0,1,4.0
4613,control,12,1,196.5,1,1.0
4613,control,15,0,0.0,0,
4614,control,3,0,0.0,0,
4614,control,2,1,122.7,0,2.0
4614,control,6,0,0.0,0,
4615,control,14,0,0.0,0,
4615,control,2,1,156.3,1,1.0
4616,control,16,0,0.0,0,
4617,treatment,9,0,0.0,0,
4617,treatment,15,0,0.0,0,
4618,control,19,0,0.0,1,
4618,control,2,1,92.3,1,5.0
4618,control,19,1,162.2,0,5.0
4619,control,9,0,0.0,0,
4619,control,14,1,130.6,1,3.0
4620,control,3,1,65.3,1,4.0
4621,control,3,0,0.0,1,
4622,control,11,1,171.0,0,1.0
4622,control,19,0,0.0,0,
4623,control,15,1,145.8,0,1.0
4624,control,15,0,0.0,0,
4624,control,3,0,0.0,0,
4624,control,14,1,136.8,0,1.0
4625,control,18,0,0.0,0,
4626,treatment,16,1,180.2,0,1.0
4626,treatment,14,1,250.4,1,1.0
4627,control,8,1,192.3,0,2.0
4628,treatment,5,1,235.1,0,2.0
4629,control,21,0,0.0,0,
4630,control,12,0,0.0,1,
4631,control,7,1,147.3,1,2.0
4632,control,6,1,52.5,0,1.0
4632,control,5,0,0.0,0,
4633,treatment,19,0,0.0,0,
4633,treatment,7,1,189.0,0,2.0
4633,treatment,14,0,0.0,1,
4634,control,20,0,0.0,0,
4634,control,7,1,129.5,1,1.0
4635,control,10,0,0.0,0,
4636,treatment,7,1,125.6,1,1.0
4637,treatment,4,1,265.6,0,2.0
4638,control,18,0,0.0,1,
4638,control,21,0,0.0,0,
4639,treatment,10,0,0.0,1,
4639,treatment,5,0,0.0,0,
4640,treatment,5,0,0.0,0,
4641,treatment,14,1,235.6,0,3.0
4642,control,3,1,84.4,0,2.0
4642,control,16,0,0.0,0,
4642,control,4,0,0.0,1,
4643,control,8,0,0.0,1,
4643,control,12,0,0.0,0,
4643,control,9,0,0.0,1,
4644,control,3,0,0.0,0,
4644,control,12,0,0.0,0,
4645,treatment,2,1,217.2,0,3.0
4646,control,1,0,0.0,0,
4646,control,5,0,0.0,0,
4646,control,9,1,38.0,0,3.0
4647,treatment,9,1,118.1,0,5.0
4647,treatment,1,1,216.0,0,2.0
4647,treatment,6,0,0.0,1,
4648,control,15,1,114.5,0,1.0
4648,control,10,0,0.0,1,
4648,control,14,0,0.0,0,
4649,control,5,1,89.7,1,1.0
4650,treatment,20,0,0.0,1,
4650,treatment,21,0,0.0,1,
4650,treatment,14,1,113.2,0,3.0
4651,control,19,0,0.0,0,
4652,treatment,5,0,0.0,0,
4652,treatment,6,1,113.2,1,4.0
4653,treatment,3,1,104.1,0,1.0
4653,treatment,5,0,0.0,1,
4654,control,7,0,0.0,0,
4654,control,5,1,147.3,1,2.0
4655,treatment,9,0,0.0,0,
4656,control,19,1,122.5,0,1.0
4657,control,1,0,0.0,1,
4657,control,2,0,0.0,0,
4657,control,2,0,0.0,1,
4658,treatment,4,1,149.6,0,1.0
4659,control,9,1,90.4,0,3.0
4660,treatment,1,0,0.0,1,
4660,treatment,8,1,109.6,0,3.0
4661,control,15,1,171.4,0,1.0
4662,control,13,0,0.0,1,
4662,control,6,0,0.0,1,
4662,control,17,1,164.9,1,4.0
4663,control,1,0,0.0,0,
4663,control,17,1,158.6,1,3.0
4664,control,9,1,218.0,1,5.0
4664,control,17,1,190.4,1,1.0
4664,control,17,0,0.0,0,
4665,control,19,1,152.2,1,3.0
4665,control,6,0,0.0,0,
4665,control,21,1,148.8,0,2.0
4666,treatment,9,1,150.1,1,1.0
4667,treatment,20,1,215.3,0,2.0
4667,treatment,12,0,0.0,1,
4668,treatment,16,0,0.0,0,
4669,treatment,3,1,122.2,1,1.0
4670,treatment,16,1,311.2,0,1.0
4670,treatment,4,0,0.0,0,
4670,treatment,18,0,0.0,0,
4671,treatment,4,1,170.9,1,3.0
4671,treatment,2,0,0.0,0,
4671,treatment,8,1,169.2,0,2.0
4672,control,1,1,191.1,0,2.0
4673,control,8,1,5.0,0,3.0
4673,control,19,0,0.0,1,
4674,treatment,5,1,157.7,1,2.0
4675,treatment,8,1,196.7,1,1.0
4675,treatment,3,1,94.9,1,1.0
4676,control,15,0,0.0,0,
4677,control,1,1,273.2,1,1.0
4677,control,9,0,0.0,0,
4677,control,15,0,0.0,1,
4678,control,11,1,222.5,1,2.0
4679,treatment,11,0,0.0,0,
4679,treatment,19,1,100.1,0,1.0
4679,treatment,15,1,194.7,0,1.0
4680,treatment,18,0,0.0,1,
4681,treatment,6,0,0.0,0,
4681,treatment,20,1,197.8,0,1.0
4682,control,7,0,0.0,0,
4682,control,11,1,238.6,1,5.0
4682,control,5,1,156.8,1,1.0
4683,control,12,1,172.0,0,1.0
4683,control,9,1,141.8,1,1.0
4683,control,11,0,0.0,0,
4684,treatment,14,1,146.7,0,1.0
4684,treatment,10,1,173.5,0,1.0
4685,treatment,4,1,235.8,0,2.0
4685,treatment,3,0,0.0,1,
4685,treatment,12,0,0.0,0,
4686,control,15,0,0.0,0,
4687,control,11,0,0.0,0,
4688,control,4,1,190.6,0,1.0
4688,control,20,1,230.9,0,4.0
4688,control,12,1,195.5,0,3.0
4689,control,9,1,146.4,0,4.0
4689,control,10,1,103.1,0,1.0
4690,treatment,14,1,235.2,0,1.0
4690,treatment,19,0,0.0,0,
4691,control,4,0,0.0,0,
4691,control,9,1,77.7,1,2.0
4692,control,21,1,170.0,0,1.0
4692,control,10,1,88.3,0,3.0
4692,control,7,1,257.3,1,1.0
4693,control,17,1,58.1,0,4.0
4693,control,16,1,240.2,1,1.0
4694,treatment,2,0,0.0,0,
4695,treatment,17,0,0.0,0,
4695,treatment,9,1,227.2,0,2.0
4695,treatment,17,1,194.0,0,1.0
4696,control,11,0,0.0,0,
4697,control,3,1,152.9,1,1.0
4697,control,13,0,0.0,1,
4698,control,12,0,0.0,0,
4698,control,9,0,0.0,0,
4698,control,17,0,0.0,0,
4699,treatment,20,0,0.0,0,
4699,treatment,8,1,124.5,0,1.0
4699,treatment,14,0,0.0,0,
4700,treatment,5,0,0.0,0,
4700,treatment,6,1,124.6,0,3.0
4700,treatment,2,1,166.5,0,3.0
4701,treatment,14,1,190.9,0,2.0
4701,treatment,4,1,128.2,0,3.0
4701,treatment,5,0,0.0,0,
4702,control,11,1,252.3,1,4.0
4703,treatment,1,1,324.0,1,1.0
4703,treatment,7,1,270.0,1,4.0
4704,control,15,1,59.1,1,4.0
4704,control,8,0,0.0,0,
4704,control,9,0,0.0,1,
4705,control,11,1,209.3,0,1.0
4705,control,16,1,212.8,1,2.0
4706,control,2,1,159.1,0,3.0
4706,control,12,1,226.3,0,1.0
4706,control,6,1,172.9,0,1.0
4707,treatment,17,0,0.0,0,
4707,treatment,11,0,0.0,0,
4708,control,2,0,0.0,0,
4708,control,10,1,78.4,0,1.0
4709,treatment,11,0,0.0,0,
4709,treatment,14,0,0.0,0,
4710,treatment,4,1,205.1,1,3.0
4711,control,6,1,152.9,0,2.0
4711,control,1,0,0.0,0,
4711,control,4,1,205.8,0,2.0
4712,control,14,1,119.8,1,4.0
4712,control,19,0,0.0,0,
4713,treatment,8,0,0.0,0,
4714,control,20,1,219.1,1,2.0
4714,control,3,0,0.0,1,
4715,treatment,4,0,0.0,0,
4715,treatment,8,1,230.3,0,1.0
4715,treatment,14,1,161.5,1,1.0
4716,control,5,0,0.0,0,
4716,control,8,1,118.2,0,2.0
4717,treatment,21,1,201.5,1,4.0
4718,treatment,16,0,0.0,1,
4718,treatment,14,0,0.0,0,
4718,treatment,17,0,0.0,0,
4719,treatment,21,0,0.0,1,
4720,treatment,9,1,102.5,1,2.0
4720,treatment,1,1,338.3,1,1.0
4720,treatment,20,1,178.6,1,2.0
4721,control,3,1,215.3,1,2.0
4722,control,15,0,0.0,1,
4723,treatment,1,1,229.7,1,1.0
4724,treatment,12,0,0.0,0,
4724,treatment,1,1,176.6,0,1.0
4725,control,19,1,213.7,0,1.0
4725,control,10,1,202.4,1,3.0
4725,control,18,0,0.0,1,
4726,control,2,1,85.7,0,1.0
4726,control,8,1,52.8,1,1.0
4727,control,7,0,0.0,1,
4727,control,5,1,99.4,0,2.0
4728,control,14,1,180.8,0,2.0
4728,control,2,1,133.6,0,4.0
4729,control,4,1,216.0,0,1.0
4730,control,4,0,0.0,1,
4730,control,8,1,67.4,0,1.0
4731,treatment,20,1,182.0,0,1.0
4732,control,1,1,82.7,0,1.0
4732,control,16,0,0.0,0,
4733,control,1,1,284.0,0,3.0
4734,treatment,4,1,169.0,0,1.0
4734,treatment,2,1,202.3,1,1.0
4735,control,9,0,0.0,0,
4735,control,11,0,0.0,0,
4736,control,10,0,0.0,0,
4736,control,6,1,160.4,1,2.0
4737,control,2,0,0.0,0,
4737,control,9,1,331.2,0,2.0
4738,control,9,0,0.0,0,
4738,control,13,1,118.9,0,4.0
4739,control,15,0,0.0,0,
4739,control,21,1,177.3,0,2.0
4740,treatment,12,1,208.2,0,4.0
4740,treatment,9,1,221.2,0,1.0
4740,treatment,3,1,235.6,0,4.0
4741,control,21,1,184.0,1,4.0
4741,control,2,1,140.4,0,1.0
4742,treatment,5,0,0.0,0,
4742,treatment,17,1,112.5,0,4.0
4743,treatment,2,0,0.0,0,
4744,control,18,1,117.9,1,1.0
4745,treatment,13,0,0.0,0,
4746,control,4,0,0.0,1,
4746,control,6,1,84.0,0,4.0
4746,control,2,0,0.0,0,
4747,treatment,7,1,270.8,0,1.0
4747,treatment,21,0,0.0,0,
4748,treatment,16,1,188.4,0,1.0
4748,treatment,3,0,0.0,0,
4749,control,8,0,0.0,1,
4749,control,5,0,0.0,0,
4749,control,3,0,0.0,1,
4750,control,18,0,0.0,0,
4750,control,18,0,0.0,0,
4751,control,9,0,0.0,0,
4752,control,17,1,75.5,0,1.0
4753,control,19,1,33.4,0,1.0
4754,treatment,1,0,0.0,0,
4755,treatment,17,0,0.0,1,
4755,treatment,7,1,148.3,0,5.0
4756,treatment,10,1,222.0,0,1.0
4757,treatment,13,1,227.5,0,3.0
4757,treatment,16,1,129.4,0,1.0
4758,treatment,13,1,147.8,0,1.0
4758,treatment,3,0,0.0,0,
4759,treatment,21,0,0.0,0,
4760,treatment,9,0,0.0,1,
4760,treatment,12,1,135.1,0,1.0
4761,control,11,0,0.0,1,
4761,control,13,0,0.0,1,
4762,control,16,1,171.0,0,3.0
4763,treatment,17,1,59.3,1,1.0
4764,treatment,8,0,0.0,0,
4764,treatment,20,1,218.0,0,2.0
4764,treatment,16,0,0.0,0,
4765,control,15,1,191.3,1,2.0
4765,control,3,0,0.0,0,
4766,control,6,0,0.0,0,
4766,control,5,0,0.0,0,
4767,control,4,1,327.3,1,5.0
4767,control,18,0,0.0,1,
4768,control,1,0,0.0,1,
4769,treatment,4,0,0.0,0,
4769,treatment,21,1,140.1,1,2.0
4770,control,4,0,0.0,0,
4770,control,9,0,0.0,1,
4771,treatment,7,0,0.0,0,
4772,treatment,20,0,0.0,1,
4773,treatment,18,0,0.0,1,
4773,treatment,14,1,273.6,0,4.0
4774,control,19,0,0.0,0,
4774,control,10,0,0.0,1,
4775,control,18,1,170.5,0,1.0
4775,control,11,0,0.0,0,
4775,control,6,1,98.8,0,5.0
4776,treatment,6,1,115.9,0,1.0
4776,treatment,7,1,217.1,0,1.0
4777,treatment,14,0,0.0,0,
4777,treatment,14,0,0.0,0,
4778,treatment,15,0,0.0,0,
4779,control,20,0,0.0,1,
4779,control,21,0,0.0,0,
4779,control,5,0,0.0,0,
4780,treatment,2,0,0.0,0,
4780,treatment,9,1,204.1,0,1.0
4780,treatment,17,0,0.0,0,
4781,control,9,0,0.0,0,
4781,control,18,1,128.3,0,2.0
4781,control,18,0,0.0,0,
4782,treatment,18,1,206.3,0,1.0
4783,treatment,4,0,0.0,0,
4783,treatment,20,1,200.0,0,1.0
4783,treatment,21,1,132.1,0,1.0
4784,treatment,13,1,111.6,0,2.0
4784,treatment,2,1,124.9,0,1.0
4785,control,3,0,0.0,0,
4786,control,13,1,189.4,1,4.0
4787,treatment,18,0,0.0,0,
4787,treatment,5,0,0.0,0,
4787,treatment,13,1,216.8,0,1.0
4788,control,3,0,0.0,0,
4789,treatment,15,1,79.5,0,3.0
4789,treatment,14,0,0.0,0,
4790,control,11,1,125.2,0,1.0
4791,control,7,1,224.6,0,5.0
4791,control,6,1,140.5,0,2.0
4792,control,2,0,0.0,0,
4793,treatment,1,1,288.8,0,4.0
4794,control,4,0,0.0,1,
4794,control,14,1,173.5,0,1.0
4795,control,3,1,44.7,0,1.0
4796,treatment,8,1,157.5,0,2.0
4796,treatment,3,1,178.6,1,3.0
4797,treatment,2,0,0.0,1,
4797,treatment,4,1,264.0,1,1.0
4798,treatment,2,1,170.0,0,5.0
4798,treatment,15,0,0.0,0,
4798,treatment,3,1,97.9,1,2.0
4799,treatment,19,1,231.1,1,1.0
4799,treatment,9,1,188.2,0,2.0
4799,treatment,13,1,236.5,0,1.0
4800,control,19,0,0.0,1,
4801,control,15,0,0.0,0,
4801,control,17,0,0.0,1,
4802,control,5,1,235.3,0,3.0
4803,control,15,1,235.2,0,1.0
4803,control,21,0,0.0,0,
4803,control,18,0,0.0,0,
4804,control,12,1,140.9,1,5.0
4805,treatment,4,1,340.0,0,1.0
4805,treatment,8,0,0.0,0,
4805,treatment,18,0,0.0,0,
4806,control,4,1,85.0,0,2.0
4806,control,8,1,98.1,0,1.0
4807,control,13,0,0.0,1,
4807,control,9,1,302.2,0,1.0
4807,control,14,0,0.0,0,
4808,control,19,0,0.0,1,
4808,control,8,1,82.0,1,2.0
4809,treatment,1,0,0.0,1,
4809,treatment,21,0,0.0,0,
4809,treatment,13,0,0.0,0,
4810,treatment,18,1,143.9,0,1.0
4810,treatment,3,0,0.0,0,
4810,treatment,21,1,209.8,0,1.0
4811,control,18,0,0.0,0,
4812,treatment,2,0,0.0,1,
4813,treatment,14,0,0.0,0,
4813,treatment,4,1,141.4,1,5.0
4813,treatment,8,0,0.0,0,
4814,treatment,14,1,274.2,0,3.0
4815,treatment,16,1,83.6,0,3.0
4815,treatment,19,0,0.0,0,
4816,treatment,19,0,0.0,0,
4816,treatment,17,1,87.8,0,3.0
4816,treatment,12,1,117.8,0,1.0
4817,treatment,16,1,173.9,0,1.0
4817,treatment,7,1,160.6,0,1.0
4817,treatment,19,1,131.8,0,1.0
4818,treatment,8,0,0.0,0,
4819,control,12,0,0.0,0,
4819,control,16,0,0.0,0,
4819,control,12,1,200.8,0,4.0
4820,control,3,0,0.0,0,
4821,treatment,13,1,187.2,0,1.0
4822,control,15,0,0.0,0,
4822,control,14,1,162.0,0,2.0
4822,control,5,0,0.0,0,
4823,control,17,0,0.0,1,
4823,control,4,0,0.0,1,
4824,treatment,18,0,0.0,1,
4824,treatment,11,0,0.0,0,
4825,control,1,1,211.7,0,1.0
4825,control,15,0,0.0,0,
4825,control,7,1,42.0,0,1.0
4826,treatment,9,1,297.7,1,1.0
4826,treatment,7,1,55.3,1,2.0
4826,treatment,13,1,263.1,0,3.0
4827,treatment,3,1,145.6,0,1.0
4827,treatment,2,1,251.0,1,1.0
4828,treatment,21,0,0.0,0,
4828,treatment,18,1,102.6,0,1.0
4828,treatment,4,1,178.6,0,1.0
4829,control,10,1,149.2,1,2.0
4830,control,3,0,0.0,1,
4830,control,15,1,132.1,0,2.0
4831,control,20,1,123.9,0,1.0
4831,control,8,0,0.0,0,
4832,control,20,1,209.1,1,4.0
4832,control,8,0,0.0,0,
4833,treatment,4,0,0.0,0,
4833,treatment,7,1,151.9,0,1.0
4833,treatment,1,1,163.6,0,4.0
4834,treatment,3,0,0.0,0,
4835,control,5,0,0.0,0,
4835,control,18,0,0.0,1,
4835,control,12,0,0.0,0,
4836,treatment,8,1,242.4,0,1.0
4836,treatment,1,1,219.6,1,4.0
4837,treatment,2,1,274.9,0,1.0
4837,treatment,12,1,191.4,0,1.0
4837,treatment,12,1,221.4,0,1.0
4838,control,17,1,208.3,1,1.0
4838,control,11,0,0.0,0,
4838,control,11,1,210.6,0,2.0
4839,treatment,4,1,117.1,0,1.0
4839,treatment,19,0,0.0,1,
4840,control,20,1,147.3,1,3.0
4840,control,5,1,58.3,0,4.0
4840,control,16,1,212.2,1,1.0
4841,treatment,10,0,0.0,0,
4842,control,4,0,0.0,1,
4842,control,8,0,0.0,0,
4842,control,19,1,131.3,1,1.0
4843,treatment,19,0,0.0,1,
4843,treatment,5,0,0.0,0,
4843,treatment,16,0,0.0,0,
4844,treatment,3,1,189.0,0,1.0
4845,control,21,1,24.9,1,1.0
4846,control,21,1,114.3,1,4.0
4846,control,1,1,182.2,0,2.0
4846,control,5,0,0.0,1,
4847,control,19,0,0.0,0,
4848,control,14,0,0.0,1,
4848,control,11,1,98.6,0,1.0
4849,treatment,17,1,104.1,0,1.0
4849,treatment,8,1,214.9,0,1.0
4850,treatment,6,0,0.0,0,
4851,control,3,1,177.8,1,1.0
4852,treatment,11,0,0.0,0,
4853,control,7,0,0.0,0,
4853,control,17,0,0.0,0,
4854,control,14,1,74.7,0,1.0
4855,treatment,15,0,0.0,0,
4856,treatment,9,0,0.0,1,
4856,treatment,21,0,0.0,1,
4857,control,3,1,147.2,0,2.0
4857,control,3,1,54.6,1,3.0
4857,control,17,1,193.1,1,1.0
4858,control,16,1,126.2,0,1.0
4858,control,9,1,127.5,1,1.0
4859,control,14,1,80.1,0,1.0
4860,treatment,8,1,198.6,0,1.0
4861,treatment,13,0,0.0,0,
4862,treatment,13,1,138.5,0,1.0
4862,treatment,17,1,147.1,1,1.0
4863,treatment,20,1,154.1,0,1.0
4863,treatment,9,1,319.6,0,4.0
4863,treatment,2,1,189.9,0,3.0
4864,control,8,1,46.4,0,1.0
4864,control,4,1,243.5,1,3.0
4864,control,13,1,92.6,1,2.0
4865,control,10,0,0.0,1,
4865,control,15,1,79.6,0,2.0
4866,control,20,1,260.2,0,1.0
4866,control,10,1,196.2,0,3.0
4867,control,8,0,0.0,0,
4868,control,17,1,173.0,0,3.0
4869,control,10,0,0.0,0,
4870,treatment,9,1,207.9,0,2.0
4870,treatment,12,0,0.0,0,
4871,treatment,18,1,182.0,0,1.0
4871,treatment,12,1,121.8,1,1.0
4872,control,8,1,107.9,0,3.0
4872,control,4,1,116.4,0,5.0
4872,control,21,0,0.0,1,
4873,control,18,0,0.0,0,
4873,control,12,0,0.0,0,
4874,treatment,12,1,191.8,0,2.0
4875,treatment,3,0,0.0,0,
4875,treatment,13,0,0.0,1,
4876,treatment,7,1,247.9,0,1.0
4876,treatment,6,1,174.1,0,1.0
4876,treatment,10,0,0.0,1,
4877,treatment,18,1,212.0,0,2.0
4878,control,12,0,0.0,0,
4878,control,6,1,99.0,1,1.0
4879,control,16,0,0.0,0,
4879,control,7,1,160.4,1,1.0
4880,control,2,1,131.7,0,1.0
4880,control,3,0,0.0,0,
4881,control,7,1,250.0,1,4.0
4881,control,11,1,198.7,0,1.0
4881,control,14,0,0.0,0,
4882,control,6,1,5.0,1,4.0
4882,control,14,0,0.0,0,
4882,control,16,1,60.4,0,5.0
4883,treatment,11,1,311.5,0,1.0
4883,treatment,4,1,160.0,0,5.0
4883,treatment,16,0,0.0,0,
4884,control,19,1,114.3,0,1.0
4884,control,3,1,108.8,0,3.0
4884,control,12,1,203.7,0,2.0
4885,treatment,12,1,120.6,0,3.0
4886,control,6,1,190.8,0,5.0
4886,control,16,0,0.0,1,
4887,control,18,1,194.3,0,3.0
4887,control,7,0,0.0,0,
4888,control,4,0,0.0,0,
4888,control,15,0,0.0,1,
4888,control,4,0,0.0,0,
4889,control,16,1,156.7,1,4.0
4890,control,12,0,0.0,0,
4890,control,20,1,182.4,1,3.0
4890,control,13,1,104.2,1,3.0
4891,treatment,21,1,134.2,0,3.0
4892,treatment,17,1,67.0,0,4.0
4892,treatment,4,1,292.9,0,2.0
4893,treatment,13,0,0.0,0,
4894,control,2,0,0.0,1,
4894,control,10,1,129.4,1,1.0
4895,control,10,0,0.0,0,
4895,control,11,0,0.0,1,
4895,control,8,0,0.0,1,
4896,treatment,19,0,0.0,1,
4897,control,18,0,0.0,1,
4898,control,21,0,0.0,0,
4899,treatment,9,0,0.0,0,
4899,treatment,3,0,0.0,0,
4900,control,9,0,0.0,0,
4901,treatment,18,0,0.0,0,
4901,treatment,2,0,0.0,0,
4902,control,19,0,0.0,1,
4902,control,18,1,208.1,1,4.0
4903,treatment,16,1,153.9,1,1.0
4904,control,1,1,93.2,1,1.0
4904,control,13,1,241.7,0,3.0
4905,control,2,0,0.0,0,
4905,control,20,1,100.3,0,1.0
4906,treatment,12,0,0.0,1,
4906,treatment,20,0,0.0,0,
4906,treatment,7,1,232.7,0,1.0
4907,control,9,1,163.4,0,3.0
4908,control,9,0,0.0,0,
4909,treatment,13,0,0.0,1,
4910,control,13,0,0.0,0,
4910,control,2,1,197.9,1,3.0
4910,control,1,0,0.0,0,
4911,treatment,8,1,214.4,0,2.0
4911,treatment,18,0,0.0,1,
4912,control,19,1,31.0,0,1.0
4912,control,14,1,179.3,0,1.0
4913,control,1,0,0.0,0,
4913,control,6,1,172.5,1,2.0
4914,control,11,1,138.0,0,3.0
4914,control,8,1,5.0,0,1.0
4914,control,8,0,0.0,1,
4915,control,17,1,103.0,0,1.0
4915,control,15,1,211.7,0,1.0
4916,treatment,4,1,163.6,0,1.0
4916,treatment,5,0,0.0,1,
4917,control,10,1,101.6,0,3.0
4917,control,4,0,0.0,0,
4918,treatment,20,1,258.9,0,4.0
4918,treatment,18,0,0.0,1,
4919,control,5,0,0.0,0,
4920,control,8,0,0.0,1,
4920,control,9,1,123.9,1,1.0
4921,control,7,1,35.9,1,2.0
4922,control,5,1,92.4,0,1.0
4922,control,7,0,0.0,1,
4923,treatment,15,1,142.2,0,1.0
4923,treatment,20,0,0.0,1,
4924,treatment,18,0,0.0,1,
4924,treatment,11,1,71.2,0,1.0
4924,treatment,4,1,151.4,1,2.0
4925,treatment,11,1,111.9,0,5.0
4926,treatment,2,0,0.0,0,
4926,treatment,2,0,0.0,0,
4927,control,19,0,0.0,0,
4927,control,9,1,132.9,0,2.0
4927,control,1,0,0.0,0,
4928,treatment,18,1,180.8,0,1.0
4928,treatment,7,0,0.0,0,
4929,treatment,11,1,216.4,0,2.0
4929,treatment,6,0,0.0,0,
4929,treatment,14,0,0.0,0,
4930,control,11,1,137.3,0,5.0
4930,control,17,1,136.9,0,1.0
4931,control,9,1,148.5,0,2.0
4931,control,15,1,53.0,0,1.0
4932,control,7,0,0.0,0,
4932,control,12,0,0.0,0,
4932,control,19,0,0.0,1,
4933,control,12,0,0.0,0,
4933,control,1,1,190.2,0,1.0
4933,control,17,1,103.1,0,1.0
4934,treatment,4,1,184.9,1,3.0
4934,treatment,11,0,0.0,0,
4934,treatment,12,1,224.1,0,4.0
4935,treatment,1,0,0.0,0,
4935,treatment,5,1,96.5,1,3.0
4936,control,10,1,85.0,0,2.0
4937,control,13,1,164.5,0,2.0
4938,control,4,1,131.4,0,4.0
4939,treatment,20,0,0.0,0,
4939,treatment,4,1,234.4,0,2.0
4940,treatment,19,1,306.6,1,5.0
4940,treatment,20,1,254.1,0,4.0
4941,control,12,0,0.0,0,
4941,control,5,1,221.8,0,1.0
4941,control,8,1,153.6,0,2.0
4942,control,6,0,0.0,0,
4943,treatment,10,1,158.5,0,5.0
4943,treatment,3,1,82.1,0,1.0
4944,control,6,0,0.0,0,
4944,control,10,0,0.0,0,
4945,control,9,0,0.0,0,
4945,control,1,0,0.0,0,
4945,control,15,1,164.7,0,1.0
4946,treatment,2,0,0.0,0,
4946,treatment,17,1,208.8,0,1.0
4946,treatment,11,1,217.3,0,4.0
4947,control,18,1,205.9,1,2.0
4947,control,8,0,0.0,1,
4947,control,1,1,136.8,1,1.0
4948,treatment,9,1,174.7,0,1.0
4949,control,18,0,0.0,0,
4950,control,6,0,0.0,0,
4951,treatment,2,1,45.2,0,1.0
4952,treatment,6,1,227.7,0,1.0
4952,treatment,12,1,140.5,0,1.0
4952,treatment,9,0,0.0,0,
4953,control,20,1,191.7,0,5.0
4953,control,3,1,36.7,0,1.0
4954,treatment,5,1,136.4,0,1.0
4955,control,11,0,0.0,1,
4955,control,17,0,0.0,1,
4956,control,10,1,222.0,0,1.0
4956,control,4,0,0.0,1,
4956,control,12,1,176.9,0,5.0
4957,treatment,21,0,0.0,0,
4957,treatment,8,0,0.0,0,
4957,treatment,9,0,0.0,0,
4958,control,13,1,112.5,0,1.0
4958,control,12,1,40.1,1,3.0
4958,control,6,0,0.0,1,
4959,control,5,1,137.2,1,2.0
4959,control,6,0,0.0,0,
4960,treatment,13,0,0.0,0,
4960,treatment,8,1,145.8,0,1.0
4960,treatment,14,1,296.4,0,1.0
4961,treatment,11,0,0.0,0,
4961,treatment,1,1,159.5,1,3.0
4962,control,15,1,91.5,0,1.0
4962,control,18,0,0.0,1,
4962,control,5,0,0.0,0,
4963,treatment,19,0,0.0,0,
4963,treatment,19,0,0.0,1,
4963,treatment,15,1,136.8,0,1.0
4964,treatment,9,1,234.4,0,4.0
4964,treatment,18,1,195.2,0,1.0
4964,treatment,14,1,202.0,0,2.0
4965,treatment,6,0,0.0,0,
4965,treatment,5,1,221.6,1,1.0
4965,treatment,9,1,160.6,1,2.0
4966,treatment,7,0,0.0,0,
4967,control,15,1,80.0,1,2.0
4967,control,5,0,0.0,1,
4967,control,11,1,200.6,1,1.0
4968,control,17,0,0.0,0,
4968,control,7,1,156.8,0,1.0
4969,control,10,0,0.0,0,
4969,control,19,0,0.0,1,
4969,control,8,1,112.5,0,1.0
4970,treatment,9,1,209.5,1,2.0
4971,treatment,18,1,196.6,0,1.0
4971,treatment,20,1,123.9,0,2.0
4972,treatment,14,0,0.0,0,
4972,treatment,4,1,157.8,0,1.0
4972,treatment,18,1,165.8,1,2.0
4973,treatment,20,1,32.7,0,3.0
4974,treatment,6,1,253.3,0,2.0
4975,treatment,15,1,201.0,0,4.0
4975,treatment,20,0,0.0,1,
4976,treatment,19,0,0.0,1,
4976,treatment,14,0,0.0,0,
4977,control,11,0,0.0,1,
4977,control,3,1,96.7,0,2.0
4977,control,3,1,176.2,0,2.0
4978,control,15,0,0.0,0,
4978,control,10,1,215.4,1,3.0
4978,control,13,0,0.0,0,
4979,treatment,10,1,194.9,0,1.0
4979,treatment,3,0,0.0,0,
4979,treatment,4,1,41.1,1,1.0
4980,treatment,10,1,163.0,0,2.0
4981,treatment,18,0,0.0,0,
4982,control,5,1,146.1,1,2.0
4982,control,12,0,0.0,0,
4983,control,3,1,98.6,1,5.0
4984,treatment,3,0,0.0,0,
4985,treatment,16,0,0.0,0,
4985,treatment,7,1,182.7,0,1.0
4986,control,4,0,0.0,1,
4986,control,16,1,146.5,1,1.0
4987,control,1,0,0.0,1,
4988,control,10,0,0.0,0,
4988,control,2,0,0.0,0,
4988,control,9,1,99.2,1,2.0
4989,control,15,0,0.0,0,
4989,control,18,0,0.0,1,
4990,treatment,21,0,0.0,1,
4991,control,10,0,0.0,1,
4992,control,16,1,7.0,1,2.0
4993,treatment,17,0,0.0,0,
4993,treatment,11,0,0.0,0,
4994,control,9,0,0.0,1,
4994,control,1,0,0.0,0,
4995,control,19,0,0.0,0,
4995,control,4,0,0.0,1,
4995,control,4,1,56.4,0,1.0
4996,control,17,0,0.0,1,
4997,treatment,20,0,0.0,0,
4997,treatment,9,0,0.0,0,
4997,treatment,18,1,17.2,0,1.0
4998,control,20,0,0.0,1,
4998,control,6,1,140.1,0,2.0
4998,control,19,1,213.0,0,4.0
4999,treatment,20,1,92.3,1,2.0
5000,treatment,13,0,0.0,0,
5000,treatment,6,0,0.0,0,
5001,control,20,0,0.0,0,
5001,control,6,0,0.0,0,
5001,control,13,0,0.0,0,
5002,control,10,1,191.1,1,1.0
5002,control,4,1,138.2,0,1.0
5002,control,19,1,184.4,0,2.0
5003,control,4,0,0.0,0,
5003,control,9,0,0.0,0,
5003,control,2,1,129.0,0,1.0
5004,control,13,0,0.0,0,
5004,control,21,0,0.0,0,
5004,control,15,0,0.0,0,
5005,treatment,5,0,0.0,0,
5005,treatment,2,1,133.0,0,2.0
5005,treatment,8,1,245.8,1,2.0
5006,control,13,1,182.7,0,1.0
5007,control,12,1,202.3,1,1.0
5007,control,1,1,229.0,0,2.0
5008,control,13,0,0.0,1,
5008,control,10,1,188.9,0,1.0
5008,control,16,0,0.0,0,
5009,treatment,19,0,0.0,0,
5009,treatment,4,0,0.0,0,
5009,treatment,1,1,169.5,0,1.0
5010,control,12,0,0.0,0,
5010,control,14,1,98.8,1,1.0
5011,control,12,0,0.0,0,
5011,control,17,1,189.1,1,1.0
5012,treatment,14,1,240.5,1,1.0
5013,treatment,5,1,223.1,1,1.0
5013,treatment,13,1,226.6,0,1.0
5014,control,21,0,0.0,0,
5014,control,3,1,83.5,0,1.0
5015,control,21,1,168.5,1,1.0
5015,control,5,1,171.4,0,3.0
5015,control,11,1,109.2,0,1.0
5016,control,5,0,0.0,1,
5017,control,21,1,172.2,1,2.0
5018,control,5,1,110.3,0,3.0
5019,treatment,15,0,0.0,0,
5020,treatment,14,1,213.3,0,5.0
5020,treatment,8,0,0.0,1,
5020,treatment,11,1,351.1,1,2.0
5021,control,4,1,90.9,0,5.0
5021,control,6,1,210.2,1,5.0
5022,control,21,0,0.0,1,
5023,treatment,13,1,276.0,0,1.0
5023,treatment,3,0,0.0,0,
5024,control,12,0,0.0,0,
5025,control,6,1,232.8,0,1.0
5025,control,13,1,115.5,0,3.0
5026,control,18,0,0.0,0,
5027,control,18,0,0.0,0,
5027,control,16,1,238.8,0,2.0
5027,control,21,0,0.0,0,
5028,control,19,1,171.8,0,4.0
5029,treatment,5,0,0.0,0,
5029,treatment,8,1,101.9,0,1.0
5030,control,12,0,0.0,1,
5031,control,9,1,233.9,1,3.0
5032,control,18,0,0.0,0,
5032,control,8,1,244.6,0,4.0
5033,treatment,3,1,282.2,0,1.0
5033,treatment,20,1,186.1,0,1.0
5033,treatment,21,1,251.0,0,5.0
5034,treatment,16,1,171.6,0,4.0
5034,treatment,17,1,263.1,1,1.0
5034,treatment,14,1,157.1,0,2.0
5035,treatment,12,1,198.3,0,1.0
5035,treatment,15,0,0.0,0,
5036,treatment,18,1,160.5,0,3.0
5037,control,8,0,0.0,0,
5038,treatment,12,0,0.0,0,
5039,control,13,1,195.4,0,1.0
5039,control,10,1,180.4,1,1.0
5040,control,2,0,0.0,0,
5040,control,7,0,0.0,0,
5040,control,10,0,0.0,0,
5041,treatment,3,1,200.0,0,2.0
5041,treatment,2,0,0.0,0,
5042,treatment,1,0,0.0,0,
5043,treatment,7,1,78.7,1,1.0
5043,treatment,13,1,134.5,0,1.0
5043,treatment,1,1,187.6,0,2.0
5044,treatment,15,1,167.2,1,1.0
5045,treatment,11,1,223.2,0,1.0
5046,control,21,0,0.0,1,
5046,control,20,0,0.0,1,
5047,treatment,14,0,0.0,0,
5047,treatment,19,1,316.7,0,1.0
5047,treatment,1,1,160.7,0,2.0
5048,treatment,18,1,132.9,0,1.0
5049,treatment,12,1,141.9,0,2.0
5050,control,5,0,0.0,0,
5050,control,2,0,0.0,1,
5051,treatment,1,0,0.0,1,
5051,treatment,14,1,218.0,0,4.0
5052,control,19,1,202.4,0,4.0
5052,control,21,1,208.5,0,2.0
5052,control,15,1,195.0,1,1.0
5053,treatment,10,1,139.8,1,4.0
5053,treatment,9,0,0.0,0,
5053,treatment,3,0,0.0,0,
5054,treatment,6,0,0.0,0,
5054,treatment,17,0,0.0,0,
5055,control,4,0,0.0,0,
5056,treatment,14,1,93.4,0,1.0
5056,treatment,2,1,242.0,0,4.0
5057,control,21,0,0.0,0,
5057,control,13,1,256.2,1,4.0
5057,control,6,1,233.8,0,3.0
5058,control,5,0,0.0,0,
5058,control,8,0,0.0,1,
5058,control,19,0,0.0,1,
5059,control,8,0,0.0,0,
5059,control,2,1,123.6,1,1.0
5059,control,20,1,168.4,0,5.0
5060,treatment,12,1,133.8,0,1.0
5061,treatment,12,0,0.0,0,
5061,treatment,6,0,0.0,0,
5062,treatment,3,1,174.1,1,2.0
5062,treatment,21,1,243.0,0,5.0
5063,control,12,0,0.0,0,
5063,control,16,0,0.0,0,
5064,treatment,21,1,214.2,0,1.0
5064,treatment,17,0,0.0,0,
5065,control,4,0,0.0,0,
5065,control,8,0,0.0,0,
5065,control,2,0,0.0,0,
5066,treatment,3,0,0.0,0,
5066,treatment,21,0,0.0,0,
5066,treatment,6,0,0.0,0,
5067,control,8,0,0.0,0,
5068,control,20,0,0.0,0,
5068,control,19,0,0.0,1,
5068,control,19,0,0.0,0,
5069,control,14,0,0.0,0,
5069,control,9,1,151.7,1,1.0
5069,control,16,0,0.0,0,
5070,treatment,5,0,0.0,0,
5070,treatment,9,0,0.0,0,
5070,treatment,20,0,0.0,0,
5071,control,3,0,0.0,0,
5071,control,15,0,0.0,0,
5072,control,12,1,200.5,1,2.0
5073,control,7,0,0.0,0,
5074,control,7,0,0.0,0,
5074,control,4,0,0.0,0,
5074,control,21,0,0.0,0,
5075,control,10,0,0.0,1,
5075,control,18,0,0.0,0,
5075,control,3,0,0.0,0,
5076,control,3,1,145.6,1,2.0
5077,treatment,14,0,0.0,1,
5077,treatment,18,0,0.0,0,
5077,treatment,3,1,242.1,0,1.0
5078,treatment,8,0,0.0,1,
5078,treatment,6,0,0.0,0,
5079,control,6,1,134.6,1,1.0
5080,treatment,10,0,0.0,0,
5081,treatment,20,0,0.0,1,
5082,control,20,1,188.5,0,1.0
5083,control,18,0,0.0,0,
5083,control,5,1,203.9,1,1.0
5084,control,5,1,208.0,0,3.0
5084,control,15,1,67.2,1,2.0
5084,control,18,0,0.0,0,
5085,treatment,16,0,0.0,1,
5085,treatment,14,1,45.5,1,4.0
5086,control,4,1,84.1,1,2.0
5086,control,6,0,0.0,0,
5087,treatment,18,0,0.0,0,
5088,control,4,1,150.4,1,4.0
5088,control,11,0,0.0,0,
5089,treatment,3,0,0.0,1,
5090,control,2,0,0.0,0,
5091,control,20,1,145.0,0,3.0
5091,control,20,0,0.0,0,
5092,treatment,3,0,0.0,0,
5092,treatment,13,1,252.9,0,3.0
5093,treatment,11,0,0.0,0,
5093,treatment,18,1,152.6,1,3.0
5093,treatment,13,0,0.0,0,
5094,treatment,16,0,0.0,0,
5094,treatment,18,0,0.0,0,
5094,treatment,13,1,77.5,0,1.0
5095,treatment,21,0,0.0,1,
5096,treatment,18,0,0.0,1,
5096,treatment,5,1,106.5,0,1.0
5097,treatment,10,0,0.0,0,
5098,control,1,0,0.0,0,
5099,treatment,6,1,175.0,1,1.0
5099,treatment,17,0,0.0,1,
5100,control,18,1,222.8,1,1.0
5100,control,15,0,0.0,0,
5100,control,14,1,5.0,0,1.0
5101,control,13,1,120.7,0,4.0
5102,treatment,19,0,0.0,1,
5102,treatment,5,0,0.0,0,
5102,treatment,17,1,118.1,0,2.0
5103,control,5,0,0.0,0,
5103,control,15,1,87.8,1,1.0
5104,treatment,8,1,203.1,0,1.0
5104,treatment,17,1,89.8,0,1.0
5104,treatment,21,1,287.8,1,1.0
5105,treatment,21,1,145.5,1,1.0
5105,treatment,21,0,0.0,0,
5106,control,11,0,0.0,0,
5106,control,19,0,0.0,0,
5107,control,8,1,77.2,1,5.0
5108,treatment,21,0,0.0,0,
5109,treatment,3,1,213.9,0,2.0
5109,treatment,17,0,0.0,0,
5110,control,11,1,92.2,0,5.0
5111,control,15,0,0.0,0,
5111,control,2,1,146.7,0,1.0
5112,control,4,0,0.0,0,
5112,control,21,0,0.0,0,
5112,control,16,0,0.0,0,
5113,control,8,0,0.0,1,
5113,control,14,1,22.1,1,1.0
5113,control,4,0,0.0,0,
5114,treatment,17,1,186.8,1,1.0
5115,treatment,19,1,224.8,0,1.0
5115,treatment,7,1,145.9,0,5.0
5116,treatment,15,1,156.4,1,4.0
5116,treatment,20,1,88.4,0,3.0
5117,treatment,5,0,0.0,1,
5117,treatment,12,0,0.0,1,
5118,control,2,0,0.0,0,
5118,control,11,0,0.0,1,
5118,control,21,0,0.0,1,
5119,control,19,0,0.0,0,
5119,control,21,1,61.0,1,2.0
5119,control,9,0,0.0,0,
5120,treatment,19,1,72.9,0,1.0
5120,treatment,16,1,203.6,0,1.0
5120,treatment,10,1,183.1,0,2.0
5121,treatment,12,0,0.0,0,
5122,treatment,20,1,272.1,0,1.0
5122,treatment,4,1,173.4,0,2.0
5122,treatment,19,1,109.4,1,2.0
5123,treatment,3,1,306.5,0,2.0
5124,treatment,19,1,134.2,1,2.0
5125,treatment,13,0,0.0,1,
5126,treatment,6,1,243.7,0,3.0
5126,treatment,17,1,154.9,0,1.0
5127,treatment,14,1,209.7,0,2.0
5127,treatment,14,0,0.0,0,
5127,treatment,2,0,0.0,1,
5128,treatment,17,1,148.8,1,3.0
5128,treatment,7,0,0.0,0,
5128,treatment,17,0,0.0,0,
5129,control,19,0,0.0,0,
5130,treatment,7,0,0.0,0,
5130,treatment,4,0,0.0,0,
5130,treatment,18,0,0.0,1,
5131,control,12,0,0.0,1,
5131,control,14,0,0.0,1,
5132,control,11,0,0.0,1,
5132,control,5,1,130.0,0,2.0
5133,treatment,15,0,0.0,0,
5133,treatment,5,0,0.0,1,
5134,treatment,19,0,0.0,1,
5135,control,18,0,0.0,0,
5135,control,18,1,148.1,0,1.0
5136,control,8,1,222.6,0,1.0
5137,treatment,9,1,201.4,1,2.0
5137,treatment,7,1,263.9,0,1.0
5137,treatment,17,1,164.8,0,1.0
5138,control,18,1,147.9,0,1.0
5138,control,19,1,45.8,1,1.0
5138,control,1,0,0.0,1,
5139,treatment,11,0,0.0,0,
5140,treatment,21,0,0.0,1,
5141,treatment,4,1,250.8,0,1.0
5141,treatment,5,1,261.2,0,1.0
5142,control,21,1,152.3,0,4.0
5142,control,21,1,204.2,0,3.0
5142,control,18,0,0.0,1,
5143,control,8,0,0.0,0,
5143,control,5,1,146.7,0,1.0
5144,treatment,2,1,108.4,0,2.0
5145,control,4,1,56.9,0,1.0
5146,control,3,1,60.4,1,5.0
5146,control,10,0,0.0,0,
5146,control,8,1,107.7,1,2.0
5147,control,7,0,0.0,1,
5147,control,15,0,0.0,0,
5148,control,17,1,179.9,0,3.0
5148,control,3,1,238.1,0,1.0
5148,control,19,1,94.8,0,1.0
5149,control,6,0,0.0,0,
5149,control,9,1,110.5,0,4.0
5150,control,6,0,0.0,0,
5150,control,2,0,0.0,0,
5150,control,17,1,150.8,0,3.0
5151,control,2,1,290.6,0,2.0
5151,control,21,1,68.5,0,1.0
5151,control,5,0,0.0,0,
5152,treatment,15,1,183.8,1,3.0
5152,treatment,17,1,277.2,0,4.0
5152,treatment,19,0,0.0,0,
5153,control,10,1,118.6,0,5.0
5153,control,15,0,0.0,1,
5153,control,11,1,56.0,0,2.0
5154,control,8,0,0.0,1,
5155,control,1,0,0.0,0,
5156,control,12,0,0.0,0,
5156,control,18,0,0.0,1,
5157,control,4,0,0.0,1,
5158,control,18,0,0.0,0,
5158,control,6,1,111.9,1,1.0
5158,control,21,1,64.4,0,1.0
5159,control,4,0,0.0,1,
5160,control,6,0,0.0,1,
5160,control,11,0,0.0,1,
5160,control,10,0,0.0,0,
5161,treatment,9,1,215.2,0,1.0
5161,treatment,2,1,174.4,0,3.0
5161,treatment,4,0,0.0,0,
5162,control,19,1,129.8,0,4.0
5162,control,14,0,0.0,0,
5163,control,18,0,0.0,1,
5164,control,10,0,0.0,0,
5164,control,8,0,0.0,0,
5164,control,15,1,124.0,0,1.0
5165,control,2,0,0.0,0,
5165,control,5,1,173.8,0,4.0
5166,treatment,11,0,0.0,1,
5166,treatment,11,1,143.5,0,2.0
5167,treatment,5,1,111.8,0,1.0
5168,treatment,10,1,212.0,0,1.0
5168,treatment,11,0,0.0,0,
5168,treatment,10,0,0.0,1,
5169,treatment,13,0,0.0,0,
5170,treatment,20,0,0.0,0,
5170,treatment,5,1,161.8,0,1.0
5170,treatment,17,1,145.4,0,1.0
5171,treatment,14,0,0.0,0,
5171,treatment,15,0,0.0,0,
5171,treatment,10,1,140.5,1,1.0
5172,treatment,10,0,0.0,1,
5173,treatment,7,0,0.0,0,
5173,treatment,12,1,170.2,0,2.0
5173,treatment,12,1,56.6,1,1.0
5174,treatment,3,1,101.1,0,1.0
5174,treatment,15,0,0.0,0,
5175,treatment,7,1,110.5,0,1.0
5175,treatment,19,1,159.4,0,1.0
5175,treatment,20,1,239.0,0,1.0
5176,treatment,6,1,198.4,0,3.0
5176,treatment,21,1,136.9,1,4.0
5177,treatment,7,1,81.5,0,1.0
5178,treatment,10,1,289.6,0,2.0
5178,treatment,3,0,0.0,0,
5178,treatment,10,1,291.8,0,1.0
5179,treatment,19,1,219.3,0,1.0
5180,treatment,21,1,199.5,0,4.0
5180,treatment,8,0,0.0,0,
5181,treatment,2,1,204.9,0,1.0
5181,treatment,9,0,0.0,0,
5182,control,11,0,0.0,0,
5183,treatment,11,0,0.0,0,
5183,treatment,2,1,172.0,0,2.0
5183,treatment,16,1,241.1,0,1.0
5184,control,6,0,0.0,1,
5185,treatment,18,0,0.0,0,
5185,treatment,7,1,134.6,1,1.0
5185,treatment,2,1,117.9,0,2.0
5186,treatment,13,0,0.0,1,
5186,treatment,3,1,234.8,1,3.0
5187,control,1,1,269.0,0,1.0
5188,treatment,16,1,283.3,0,2.0
5188,treatment,7,1,228.8,0,1.0
5188,treatment,1,1,64.2,0,1.0
5189,control,3,0,0.0,1,
5189,control,15,0,0.0,0,
5190,control,5,1,150.9,0,1.0
5190,control,7,0,0.0,0,
5190,control,12,0,0.0,0,
5191,control,19,0,0.0,0,
5191,control,17,0,0.0,0,
5192,treatment,11,1,303.6,0,1.0
5192,treatment,18,1,49.3,1,1.0
5193,treatment,4,0,0.0,1,
5193,treatment,16,0,0.0,1,
5194,treatment,11,1,157.8,0,1.0
5194,treatment,7,1,253.4,0,2.0
5195,control,9,1,146.8,0,1.0
5195,control,2,1,160.2,0,2.0
5196,control,7,0,0.0,0,
5196,control,21,1,145.8,0,2.0
5196,control,2,0,0.0,0,
5197,treatment,12,0,0.0,0,
5198,treatment,10,1,209.5,0,1.0
5198,treatment,19,1,313.1,0,1.0
5199,treatment,18,0,0.0,0,
5199,treatment,16,1,215.1,0,3.0
5200,treatment,7,1,35.6,0,2.0
5200,treatment,18,0,0.0,0,
5200,treatment,1,0,0.0,0,
5201,treatment,12,1,111.7,0,1.0
5201,treatment,17,0,0.0,0,
5202,control,16,1,241.8,0,4.0
5202,control,4,0,0.0,1,
5203,control,12,1,141.6,0,1.0
5204,control,5,1,193.7,1,2.0
5204,control,3,0,0.0,0,
5204,control,17,1,87.6,0,1.0
5205,treatment,9,1,227.4,0,1.0
5206,control,16,1,125.4,0,3.0
5206,control,11,0,0.0,1,
5206,control,2,1,185.2,1,3.0
5207,control,4,0,0.0,0,
5207,control,21,0,0.0,0,
5207,control,14,1,109.3,0,1.0
5208,control,19,0,0.0,0,
5208,control,12,0,0.0,1,
5209,control,14,1,157.6,1,1.0
5210,control,4,0,0.0,1,
5210,control,19,0,0.0,1,
5211,treatment,9,0,0.0,0,
5211,treatment,5,1,51.5,1,1.0
5211,treatment,6,1,109.2,0,1.0
5212,control,7,0,0.0,1,
5212,control,3,0,0.0,0,
5213,treatment,7,0,0.0,0,
5213,treatment,1,1,248.7,1,1.0
5213,treatment,7,1,154.1,0,2.0
5214,treatment,20,0,0.0,0,
5214,treatment,7,1,129.2,0,5.0
5214,treatment,4,1,253.6,1,4.0
5215,treatment,14,1,244.5,1,5.0
5216,treatment,17,1,97.7,0,4.0
5216,treatment,14,0,0.0,0,
5216,treatment,8,1,252.9,0,2.0
5217,treatment,10,0,0.0,1,
5217,treatment,19,1,190.1,0,1.0
5217,treatment,1,0,0.0,0,
5218,control,21,0,0.0,1,
5218,control,2,1,162.0,1,1.0
5218,control,14,0,0.0,0,
5219,control,20,0,0.0,0,
5219,control,17,1,227.4,0,5.0
5220,treatment,18,1,184.5,0,4.0
5221,treatment,18,0,0.0,0,
5221,treatment,11,0,0.0,0,
5221,treatment,18,0,0.0,1,
5222,treatment,17,1,227.5,0,3.0
5222,treatment,19,0,0.0,0,
5222,treatment,7,1,204.8,0,5.0
5223,control,17,0,0.0,0,
5223,control,5,1,167.1,0,3.0
5224,treatment,10,0,0.0,0,
5224,treatment,4,0,0.0,0,
5224,treatment,7,1,129.5,1,1.0
5225,control,19,1,123.4,0,3.0
5225,control,9,0,0.0,0,
5225,control,14,1,120.9,0,1.0
5226,treatment,18,0,0.0,0,
5226,treatment,19,1,248.9,0,5.0
5227,control,5,0,0.0,0,
5228,treatment,20,1,182.0,0,1.0
5228,treatment,10,0,0.0,0,
5228,treatment,7,0,0.0,0,
5229,control,5,0,0.0,0,
5229,control,2,0,0.0,0,
5230,treatment,14,1,232.0,0,1.0
5231,control,13,1,78.8,0,1.0
5232,control,4,0,0.0,1,
5232,control,21,0,0.0,0,
5232,control,6,0,0.0,0,
5233,control,14,0,0.0,0,
5233,control,4,1,132.1,1,1.0
5234,control,16,0,0.0,0,
5234,control,17,1,194.1,0,5.0
5234,control,1,0,0.0,1,
5235,control,3,1,239.1,1,1.0
5235,control,7,1,194.6,1,2.0
5236,control,18,1,94.0,1,2.0
5236,control,13,0,0.0,1,
5236,control,7,0,0.0,0,
5237,control,6,1,111.6,0,2.0
5237,control,21,0,0.0,0,
5238,treatment,10,1,175.9,0,2.0
5238,treatment,19,1,184.7,0,1.0
5238,treatment,14,0,0.0,0,
5239,treatment,18,0,0.0,0,
5239,treatment,14,1,131.5,0,1.0
5240,treatment,19,0,0.0,1,
5240,treatment,6,1,187.4,0,1.0
5240,treatment,11,0,0.0,0,
5241,treatment,4,0,0.0,0,
5242,treatment,12,1,172.0,0,1.0
5242,treatment,12,0,0.0,0,
5243,control,8,0,0.0,1,
5244,control,4,1,222.0,0,5.0
5245,control,11,0,0.0,0,
5246,control,16,1,150.3,0,3.0
5246,control,1,1,325.6,0,2.0
5246,control,11,1,129.9,0,3.0
5247,control,1,1,230.6,0,1.0
5247,control,7,1,182.2,0,1.0
5247,control,7,0,0.0,1,
5248,treatment,7,1,227.0,0,3.0
5249,treatment,19,1,314.7,0,1.0
5250,treatment,12,1,184.4,1,1.0
5251,treatment,8,1,266.1,1,2.0
5251,treatment,8,0,0.0,1,
5252,control,19,0,0.0,1,
5252,control,16,1,79.8,1,1.0
5252,control,18,0,0.0,0,
5253,control,7,1,128.8,1,1.0
5254,control,18,0,0.0,0,
5255,treatment,16,0,0.0,1,
5255,treatment,19,1,171.8,0,1.0
5256,control,7,0,0.0,0,
5257,treatment,5,1,275.4,0,2.0
5257,treatment,6,0,0.0,0,
5258,control,1,0,0.0,0,
5259,control,10,1,199.0,0,4.0
5260,treatment,3,1,280.1,0,1.0
5261,control,5,0,0.0,0,
5261,control,8,0,0.0,1,
5262,control,18,1,195.2,1,4.0
5263,treatment,3,1,184.8,0,2.0
5263,treatment,14,0,0.0,0,
5263,treatment,15,0,0.0,0,
5264,control,1,0,0.0,0,
5264,control,4,1,53.9,0,1.0
5264,control,5,0,0.0,0,
5265,treatment,19,1,108.0,0,2.0
5265,treatment,7,1,164.6,0,3.0
5265,treatment,2,1,211.0,0,2.0
5266,control,9,0,0.0,1,
5267,control,11,0,0.0,0,
5267,control,15,0,0.0,1,
5268,control,12,1,155.6,0,1.0
5268,control,4,1,150.0,0,1.0
5269,control,4,1,134.3,1,2.0
5270,control,17,1,220.3,0,5.0
5270,control,19,1,70.9,1,1.0
5270,control,1,0,0.0,0,
5271,control,15,1,311.0,0,1.0
5271,control,7,0,0.0,1,
5272,control,17,1,249.9,1,4.0
5272,control,10,0,0.0,0,
5273,control,18,1,94.6,0,5.0
5274,treatment,6,0,0.0,0,
5274,treatment,21,0,0.0,1,
5275,treatment,2,0,0.0,1,
5275,treatment,7,0,0.0,0,
5276,control,10,0,0.0,0,
5277,control,10,0,0.0,0,
5278,treatment,5,1,163.2,0,1.0
5279,control,14,0,0.0,0,
5279,control,19,1,159.2,0,1.0
5280,control,12,1,22.7,1,3.0
5281,treatment,13,0,0.0,0,
5281,treatment,12,1,158.8,0,1.0
5282,control,12,0,0.0,1,
5282,control,4,0,0.0,0,
5283,control,13,0,0.0,1,
5283,control,11,0,0.0,0,
5283,control,2,0,0.0,0,
5284,treatment,19,1,171.0,0,2.0
5285,control,14,1,211.0,1,1.0
5285,control,17,1,198.8,0,1.0
5286,control,17,1,153.3,0,1.0
5286,control,21,1,171.3,0,1.0
5286,control,13,0,0.0,1,
5287,treatment,20,1,264.6,0,1.0
5288,control,10,1,194.8,0,3.0
5288,control,2,0,0.0,0,
5288,control,16,1,321.1,0,2.0
5289,treatment,1,0,0.0,0,
5289,treatment,15,0,0.0,0,
5290,control,9,0,0.0,0,
5291,control,12,1,140.8,0,1.0
5292,treatment,21,1,172.6,0,3.0
5293,treatment,13,1,230.6,0,1.0
5293,treatment,4,1,192.1,1,1.0
5294,control,6,1,143.1,0,1.0
5294,control,5,0,0.0,0,
5295,treatment,9,1,170.3,0,1.0
5295,treatment,17,1,292.7,0,1.0
5295,treatment,2,1,102.3,0,1.0
5296,treatment,9,1,167.2,0,1.0
5296,treatment,17,0,0.0,0,
5297,control,16,0,0.0,0,
5297,control,11,1,176.2,0,1.0
5297,control,2,1,166.7,0,1.0
5298,control,18,0,0.0,0,
5298,control,17,0,0.0,1,
5299,control,4,1,86.9,0,3.0
5299,control,17,1,210.8,0,5.0
5300,treatment,3,1,171.1,0,4.0
5301,treatment,2,0,0.0,0,
5301,treatment,21,1,165.6,0,1.0
5301,treatment,10,1,185.0,0,1.0
5302,treatment,7,1,161.1,0,3.0
5302,treatment,10,1,160.7,0,3.0
5303,treatment,7,1,172.1,0,2.0
5304,control,3,1,221.9,1,3.0
5304,control,18,1,179.8,0,2.0
5305,treatment,20,1,265.8,1,2.0
5306,control,6,1,114.4,1,1.0
5306,control,9,0,0.0,0,
5307,treatment,8,0,0.0,0,
5307,treatment,6,1,78.0,0,1.0
5307,treatment,18,0,0.0,0,
5308,control,12,1,177.0,0,2.0
5309,control,18,0,0.0,1,
5309,control,15,1,133.5,0,3.0
5310,control,4,1,128.3,0,3.0
5311,treatment,12,1,175.9,0,3.0
5312,control,3,0,0.0,0,
5312,control,11,0,0.0,0,
5312,control,19,1,175.8,0,1.0
5313,control,14,1,92.4,1,1.0
5313,control,3,0,0.0,1,
5314,treatment,13,1,114.4,0,2.0
5314,treatment,14,0,0.0,0,
5314,treatment,3,0,0.0,1,
5315,control,9,0,0.0,0,
5315,control,13,0,0.0,1,
5316,treatment,8,1,218.5,1,1.0
5317,treatment,1,0,0.0,1,
5318,control,16,1,180.2,1,1.0
5318,control,15,1,60.7,0,1.0
5319,control,15,0,0.0,1,
5320,treatment,20,1,152.8,0,3.0
5320,treatment,15,1,211.8,1,1.0
5321,control,9,0,0.0,0,
5321,control,13,1,172.7,0,3.0
5322,treatment,6,1,235.2,0,1.0
5322,treatment,16,1,151.1,1,1.0
5323,treatment,7,1,252.0,0,1.0
5323,treatment,20,1,76.0,1,1.0
5323,treatment,19,0,0.0,0,
5324,treatment,21,0,0.0,0,
5324,treatment,16,0,0.0,0,
5325,control,2,1,77.9,0,1.0
5325,control,21,0,0.0,0,
5325,control,12,1,145.7,0,4.0
5326,treatment,14,1,209.7,1,1.0
5326,treatment,4,0,0.0,0,
5326,treatment,15,0,0.0,1,
5327,control,20,0,0.0,1,
5328,control,14,0,0.0,1,
5328,control,4,0,0.0,0,
5328,control,13,0,0.0,0,
5329,control,12,1,171.9,0,1.0
5330,control,21,1,228.0,1,5.0
5330,control,8,0,0.0,0,
5331,treatment,21,1,262.6,1,5.0
5331,treatment,1,1,177.3,0,2.0
5331,treatment,2,0,0.0,1,
5332,control,18,1,148.3,0,4.0
5332,control,20,1,185.0,1,1.0
5333,treatment,11,0,0.0,0,
5333,treatment,12,0,0.0,0,
5334,treatment,9,0,0.0,0,
5334,treatment,14,1,189.3,1,1.0
5334,treatment,4,0,0.0,0,
5335,control,19,1,246.1,0,3.0
5336,treatment,5,0,0.0,0,
5336,treatment,1,1,161.2,0,1.0
5336,treatment,18,1,259.5,0,1.0
5337,treatment,16,1,177.8,0,1.0
5337,treatment,17,1,180.1,0,5.0
5338,control,12,1,236.1,1,1.0
5338,control,21,0,0.0,0,
5339,treatment,15,0,0.0,0,
5339,treatment,10,0,0.0,1,
5340,treatment,7,1,256.3,0,1.0
5341,treatment,6,1,153.2,1,1.0
5342,treatment,5,1,179.3,0,2.0
5342,treatment,18,1,87.9,0,1.0
5342,treatment,21,1,214.2,0,3.0
5343,control,15,1,31.9,1,3.0
5343,control,7,0,0.0,1,
5343,control,18,1,113.5,1,2.0
5344,treatment,4,0,0.0,0,
5345,treatment,7,0,0.0,0,
5346,treatment,7,1,222.6,0,1.0
5346,treatment,1,0,0.0,1,
5347,treatment,4,1,123.6,0,2.0
5348,control,10,0,0.0,0,
5349,treatment,9,0,0.0,0,
5349,treatment,17,0,0.0,0,
5350,control,13,0,0.0,0,
5350,control,1,1,106.8,0,4.0
5350,control,2,1,91.3,1,4.0
5351,treatment,6,0,0.0,0,
5351,treatment,7,0,0.0,0,
5351,treatment,6,1,70.9,0,2.0
5352,control,19,0,0.0,0,
5353,control,12,0,0.0,0,
5354,control,15,0,0.0,1,
5355,control,13,0,0.0,0,
5356,control,16,1,212.4,0,3.0
5356,control,17,1,94.0,0,3.0
5356,control,10,1,160.7,1,1.0
5357,treatment,14,1,94.4,0,1.0
5358,treatment,8,1,130.2,1,2.0
5358,treatment,4,1,249.2,0,1.0
5359,treatment,10,0,0.0,1,
5359,treatment,21,0,0.0,0,
5359,treatment,15,1,162.9,0,2.0
5360,control,10,1,213.4,0,3.0
5360,control,5,1,111.6,1,1.0
5360,control,21,0,0.0,1,
5361,treatment,17,0,0.0,1,
5361,treatment,10,1,180.8,0,1.0
5361,treatment,17,0,0.0,0,
5362,control,15,1,238.9,1,2.0
5362,control,21,0,0.0,0,
5363,control,3,1,181.2,1,1.0
5363,control,4,1,36.1,0,2.0
5363,control,1,1,129.3,1,1.0
5364,treatment,3,1,262.4,0,4.0
5365,treatment,14,1,196.3,0,2.0
5366,control,4,0,0.0,0,
5366,control,19,0,0.0,0,
5366,control,3,0,0.0,0,
5367,control,16,1,63.9,1,4.0
5367,control,19,0,0.0,0,
5368,treatment,21,0,0.0,0,
5369,treatment,11,1,192.7,0,2.0
5369,treatment,19,1,187.4,1,1.0
5369,treatment,6,0,0.0,0,
5370,treatment,18,1,244.1,0,4.0
5370,treatment,12,1,284.5,0,1.0
5370,treatment,1,0,0.0,0,
5371,treatment,13,0,0.0,1,
5372,control,6,0,0.0,1,
5372,control,21,0,0.0,0,
5372,control,12,1,219.4,0,1.0
5373,treatment,19,0,0.0,0,
5374,treatment,12,1,210.9,1,3.0
5375,treatment,16,1,6.5,0,1.0
5375,treatment,6,0,0.0,0,
5376,control,1,1,160.8,1,2.0
5377,control,4,1,151.3,1,2.0
5377,control,1,1,167.1,0,3.0
5377,control,13,0,0.0,0,
5378,control,3,1,215.4,0,2.0
5378,control,18,1,20.5,0,1.0
5379,control,13,1,151.4,0,3.0
5379,control,20,0,0.0,0,
5379,control,13,1,170.0,0,3.0
5380,treatment,14,0,0.0,0,
5381,control,9,0,0.0,0,
5381,control,6,1,97.6,1,2.0
5382,treatment,2,0,0.0,0,
5383,treatment,11,0,0.0,1,
5383,treatment,5,1,256.0,1,1.0
5383,treatment,10,1,212.4,0,4.0
5384,treatment,10,1,182.6,0,1.0
5384,treatment,13,1,120.7,0,1.0
5384,treatment,4,0,0.0,0,
5385,treatment,2,0,0.0,0,
5385,treatment,18,1,213.2,0,1.0
5385,treatment,1,1,164.2,0,2.0
5386,control,10,0,0.0,0,
5386,control,4,0,0.0,0,
5386,control,5,0,0.0,0,
5387,control,20,1,141.7,1,1.0
5387,control,6,1,154.2,0,3.0
5388,control,10,0,0.0,0,
5388,control,14,0,0.0,0,
5389,treatment,4,0,0.0,0,
5389,treatment,13,1,230.6,0,1.0
5389,treatment,13,1,132.8,0,1.0
5390,treatment,11,0,0.0,0,
5391,treatment,3,0,0.0,1,
5391,treatment,21,1,186.5,1,3.0
5391,treatment,4,1,265.3,0,3.0
5392,treatment,18,0,0.0,0,
5392,treatment,12,1,204.8,0,5.0
5392,treatment,17,1,132.7,0,1.0
5393,treatment,2,0,0.0,0,
5393,treatment,12,1,137.4,0,4.0
5393,treatment,14,0,0.0,0,
5394,control,9,1,172.3,0,4.0
5394,control,9,1,242.5,1,2.0
5394,control,16,0,0.0,0,
5395,treatment,5,1,178.3,1,2.0
5395,treatment,18,1,83.9,1,3.0
5395,treatment,4,1,334.2,1,1.0
5396,control,11,1,121.6,0,1.0
5396,control,13,1,46.3,1,2.0
5397,treatment,7,1,133.6,0,5.0
5397,treatment,2,0,0.0,0,
5397,treatment,14,1,116.6,0,1.0
5398,treatment,1,1,135.4,1,1.0
5399,control,20,1,228.1,1,3.0
5399,control,17,0,0.0,0,
5400,control,16,0,0.0,1,
5400,control,1,0,0.0,0,
5400,control,17,1,117.4,0,2.0
5401,treatment,11,1,66.4,0,1.0
5402,treatment,7,0,0.0,1,
5403,treatment,16,0,0.0,1,
5403,treatment,13,1,244.9,0,2.0
5404,treatment,15,0,0.0,0,
5405,control,11,1,116.8,1,2.0
5405,control,14,1,153.9,1,3.0
5406,treatment,18,1,212.0,0,4.0
5406,treatment,10,1,137.7,0,1.0
5406,treatment,19,1,108.4,1,1.0
5407,control,15,0,0.0,1,
5407,control,16,0,0.0,1,
5408,treatment,17,1,257.9,0,1.0
5409,control,15,0,0.0,1,
5410,control,16,1,76.8,1,2.0
5411,treatment,19,0,0.0,0,
5412,control,15,1,224.1,0,3.0
5412,control,10,1,129.8,0,2.0
5412,control,8,0,0.0,0,
5413,treatment,2,0,0.0,0,
5414,control,16,1,135.4,0,1.0
5415,treatment,16,0,0.0,0,
5415,treatment,20,0,0.0,0,
5416,control,3,0,0.0,0,
5417,treatment,10,1,213.5,0,4.0
5417,treatment,2,1,306.2,0,1.0
5418,treatment,19,0,0.0,0,
5418,treatment,14,1,192.7,0,3.0
5418,treatment,11,1,241.5,0,1.0
5419,control,5,1,148.0,1,1.0
5419,control,4,0,0.0,1,
5420,control,19,0,0.0,1,
5421,control,20,0,0.0,0,
5421,control,10,1,152.3,0,1.0
5422,control,20,1,155.6,1,1.0
5422,control,11,1,95.9,1,3.0
5423,treatment,21,0,0.0,0,
5424,control,13,1,179.2,1,3.0
5425,treatment,15,1,60.7,0,4.0
5425,treatment,20,0,0.0,1,
5426,control,4,1,256.0,1,5.0
5427,treatment,1,1,200.9,1,1.0
5428,treatment,6,1,199.0,0,3.0
5428,treatment,6,0,0.0,0,
5429,treatment,4,0,0.0,1,
5429,treatment,10,0,0.0,1,
5430,treatment,14,0,0.0,1,
5430,treatment,18,0,0.0,0,
5431,control,3,0,0.0,0,
5432,control,12,0,0.0,0,
5432,control,3,0,0.0,0,
5432,control,15,0,0.0,0,
5433,treatment,3,0,0.0,1,
5433,treatment,2,0,0.0,0,
5433,treatment,7,0,0.0,0,
5434,control,20,1,236.4,0,1.0
5435,control,7,1,141.1,0,2.0
5435,control,5,1,179.9,0,3.0
5436,treatment,6,0,0.0,0,
5436,treatment,16,1,198.2,1,1.0
5436,treatment,16,0,0.0,0,
5437,control,1,0,0.0,0,
5437,control,5,1,159.4,0,2.0
5438,control,13,0,0.0,0,
5438,control,6,1,161.5,0,2.0
5439,control,16,1,120.2,0,5.0
5440,treatment,9,0,0.0,0,
5440,treatment,6,0,0.0,0,
5441,control,19,1,218.3,0,1.0
5442,treatment,18,1,370.7,0,2.0
5443,control,1,0,0.0,0,
5443,control,17,0,0.0,0,
5443,control,11,1,75.5,1,2.0
5444,control,2,1,167.1,1,3.0
5444,control,16,0,0.0,0,
5445,control,6,1,139.7,1,1.0
5445,control,9,0,0.0,1,
5446,treatment,10,0,0.0,0,
5446,treatment,7,0,0.0,0,
5446,treatment,20,1,195.3,0,1.0
5447,treatment,19,1,195.3,1,3.0
5447,treatment,4,1,225.4,1,1.0
5448,control,1,1,161.4,0,3.0
5448,control,5,0,0.0,0,
5449,treatment,16,1,243.1,0,1.0
5449,treatment,8,1,133.6,0,2.0
5449,treatment,20,1,117.9,0,1.0
5450,control,2,1,232.8,0,1.0
5450,control,10,0,0.0,0,
5450,control,10,1,230.9,0,1.0
5451,treatment,14,1,119.5,0,4.0
5452,treatment,4,0,0.0,0,
5452,treatment,10,1,148.8,0,1.0
5453,control,5,0,0.0,1,
5453,control,13,0,0.0,1,
5453,control,1,1,154.5,0,3.0
5454,control,1,1,160.9,0,1.0
5455,control,16,0,0.0,0,
5456,control,10,0,0.0,1,
5457,treatment,12,0,0.0,1,
5458,treatment,14,0,0.0,0,
5459,treatment,5,0,0.0,1,
5459,treatment,8,0,0.0,0,
5459,treatment,9,0,0.0,0,
5460,control,12,0,0.0,0,
5461,control,15,0,0.0,0,
5461,control,21,0,0.0,0,
5462,treatment,12,0,0.0,0,
5462,treatment,16,1,257.3,0,1.0
5463,control,18,1,168.3,1,1.0
5463,control,19,1,129.0,0,1.0
5463,control,1,0,0.0,0,
5464,treatment,4,0,0.0,1,
5464,treatment,4,0,0.0,0,
5465,treatment,12,0,0.0,1,
5466,treatment,3,0,0.0,0,
5467,treatment,1,0,0.0,0,
5468,treatment,15,1,215.7,1,1.0
5468,treatment,15,1,150.9,1,5.0
5469,control,1,0,0.0,0,
5469,control,5,0,0.0,0,
5469,control,18,0,0.0,1,
5470,control,1,0,0.0,0,
5470,control,16,0,0.0,0,
5471,control,18,0,0.0,0,
5471,control,16,0,0.0,1,
5471,control,13,0,0.0,0,
5472,treatment,11,0,0.0,0,
5473,treatment,20,1,199.6,0,2.0
5474,treatment,17,1,177.0,0,1.0
5474,treatment,5,1,182.7,0,3.0
5475,treatment,5,0,0.0,0,
5475,treatment,3,1,209.6,0,1.0
5476,control,19,1,162.2,1,5.0
5476,control,15,0,0.0,0,
5476,control,9,0,0.0,1,
5477,control,9,0,0.0,1,
5477,control,17,1,82.4,1,2.0
5477,control,14,0,0.0,0,
5478,treatment,7,1,176.9,0,1.0
5478,treatment,2,0,0.0,0,
5479,treatment,8,0,0.0,1,
5479,treatment,17,0,0.0,1,
5479,treatment,14,1,131.7,0,1.0
5480,treatment,17,0,0.0,0,
5481,control,16,0,0.0,0,
5482,control,16,1,13.0,0,3.0
5483,control,13,0,0.0,0,
5483,control,8,1,5.0,0,3.0
5484,treatment,18,1,159.7,0,1.0
5485,treatment,21,1,102.1,1,2.0
5486,control,19,0,0.0,0,
5486,control,11,1,97.2,1,1.0
5487,treatment,3,1,142.9,0,3.0
5487,treatment,7,0,0.0,0,
5488,control,21,0,0.0,0,
5488,control,11,0,0.0,1,
5489,treatment,13,1,87.0,0,1.0
5490,control,11,0,0.0,1,
5490,control,18,1,163.2,0,1.0
5490,control,3,0,0.0,1,
5491,treatment,8,1,81.7,0,1.0
5491,treatment,20,0,0.0,0,
5491,treatment,8,0,0.0,0,
5492,control,7,1,191.0,1,1.0
5492,control,10,1,145.5,1,1.0
5492,control,11,0,0.0,1,
5493,control,20,1,176.5,0,4.0
5493,control,11,1,165.1,0,3.0
5494,control,5,0,0.0,0,
5495,control,21,1,42.9,0,2.0
5496,control,11,0,0.0,0,
5496,control,9,1,279.0,1,1.0
5497,control,20,0,0.0,1,
5497,control,3,0,0.0,0,
5498,treatment,14,0,0.0,1,
5498,treatment,5,0,0.0,0,
5499,treatment,16,1,136.5,0,1.0
5500,treatment,14,1,206.6,0,1.0
5500,treatment,17,1,114.0,0,1.0
5500,treatment,4,0,0.0,0,
5501,control,14,1,66.6,0,1.0
5501,control,2,0,0.0,1,
5501,control,5,1,150.0,0,3.0
5502,control,16,1,112.9,1,1.0
5502,control,13,0,0.0,1,
5503,treatment,6,1,174.9,1,2.0
5504,control,4,1,147.0,1,2.0
5504,control,15,1,151.0,0,1.0
5504,control,2,0,0.0,0,
5505,control,20,1,107.9,1,1.0
5506,control,10,0,0.0,0,
5506,control,19,1,238.3,0,5.0
5506,control,1,0,0.0,1,
5507,control,21,0,0.0,0,
5507,control,4,0,0.0,0,
5507,control,8,1,258.3,0,3.0
5508,control,21,0,0.0,1,
5509,treatment,10,0,0.0,0,
5510,treatment,1,1,39.2,0,1.0
5510,treatment,9,0,0.0,0,
5510,treatment,16,1,199.2,0,2.0
5511,treatment,2,1,132.8,0,1.0
5511,treatment,15,0,0.0,1,
5511,treatment,14,1,214.8,0,1.0
5512,treatment,6,1,213.6,1,2.0
5512,treatment,20,0,0.0,0,
5512,treatment,21,1,245.6,0,4.0
5513,treatment,3,0,0.0,1,
5513,treatment,3,1,130.7,1,1.0
5514,control,4,1,118.1,1,1.0
5515,control,14,0,0.0,1,
5515,control,20,0,0.0,1,
5516,control,5,1,8.6,0,1.0
5516,control,4,1,72.3,1,1.0
5517,control,1,1,132.7,0,2.0
5518,treatment,12,0,0.0,1,
5518,treatment,3,1,219.1,0,1.0
5519,treatment,9,0,0.0,1,
5520,treatment,8,1,116.6,0,1.0
5520,treatment,12,1,213.9,0,2.0
5520,treatment,13,1,236.5,0,2.0
5521,control,20,0,0.0,1,
5521,control,6,1,102.6,0,4.0
5521,control,16,1,119.2,1,1.0
5522,treatment,10,1,176.9,0,1.0
5522,treatment,21,1,126.4,0,3.0
5523,control,3,0,0.0,1,
5524,treatment,17,0,0.0,0,
5525,treatment,5,1,155.0,1,1.0
5525,treatment,8,1,248.1,0,3.0
5526,control,3,1,106.9,1,1.0
5526,control,20,0,0.0,1,
5527,control,7,0,0.0,0,
5527,control,10,1,159.5,1,2.0
5527,control,17,0,0.0,1,
5528,treatment,10,1,152.8,1,2.0
5528,treatment,13,1,198.6,0,1.0
5528,treatment,10,0,0.0,1,
5529,treatment,3,0,0.0,0,
5529,treatment,1,0,0.0,1,
5530,control,14,0,0.0,0,
5531,treatment,1,0,0.0,1,
5531,treatment,1,0,0.0,0,
5532,treatment,9,0,0.0,0,
5532,treatment,18,1,167.0,0,2.0
5533,control,6,1,210.8,1,5.0
5533,control,14,1,25.4,1,1.0
5533,control,11,1,129.4,0,1.0
5534,treatment,9,0,0.0,0,
5534,treatment,20,1,82.6,0,3.0
5534,treatment,12,1,232.5,0,3.0
5535,control,5,1,62.4,0,1.0
5535,control,19,1,144.1,0,2.0
5535,control,10,1,127.0,0,3.0
5536,treatment,18,1,201.9,0,1.0
5536,treatment,6,1,194.7,1,3.0
5537,control,20,1,5.0,1,4.0
5537,control,11,0,0.0,1,
5538,treatment,17,0,0.0,1,
5538,treatment,12,0,0.0,0,
5538,treatment,1,0,0.0,0,
5539,control,15,0,0.0,1,
5539,control,6,0,0.0,1,
5540,treatment,5,0,0.0,0,
5541,control,16,1,132.1,0,3.0
5541,control,1,1,37.6,0,4.0
5542,treatment,8,0,0.0,0,
5543,treatment,20,0,0.0,0,
5543,treatment,20,1,247.4,0,3.0
5543,treatment,18,0,0.0,0,
5544,treatment,15,0,0.0,1,
5545,treatment,8,1,99.4,0,1.0
5545,treatment,9,0,0.0,0,
5545,treatment,16,0,0.0,0,
5546,treatment,11,1,304.0,1,1.0
5546,treatment,2,1,170.7,0,1.0
5546,treatment,5,0,0.0,0,
5547,treatment,9,1,124.1,0,1.0
5547,treatment,20,0,0.0,1,
5547,treatment,15,0,0.0,1,
5548,treatment,9,1,108.1,0,1.0
5548,treatment,1,1,277.7,0,1.0
5548,treatment,13,1,207.6,1,1.0
5549,treatment,19,0,0.0,0,
5549,treatment,3,0,0.0,1,
5550,treatment,7,0,0.0,0,
5550,treatment,2,0,0.0,0,
5550,treatment,2,0,0.0,0,
5551,control,7,0,0.0,0,
5551,control,10,0,0.0,0,
5551,control,20,0,0.0,0,
5552,control,1,1,63.1,0,1.0
5552,control,16,0,0.0,0,
5552,control,14,0,0.0,1,
5553,treatment,15,1,100.0,0,1.0
5553,treatment,18,0,0.0,0,
5553,treatment,17,0,0.0,1,
5554,control,4,1,160.4,0,4.0
5554,control,5,0,0.0,0,
5554,control,9,1,81.6,1,2.0
5555,treatment,7,1,129.5,0,2.0
5555,treatment,5,1,164.1,0,1.0
5556,treatment,20,1,197.1,1,1.0
5556,treatment,12,1,138.9,0,2.0
5556,treatment,18,0,0.0,0,
5557,control,9,0,0.0,0,
5557,control,15,0,0.0,1,
5558,treatment,11,0,0.0,0,
5559,treatment,18,1,260.7,0,1.0
5559,treatment,8,0,0.0,0,
5559,treatment,6,1,262.4,1,2.0
5560,control,5,1,82.9,0,1.0
5561,control,21,0,0.0,0,
5561,control,11,1,34.4,0,2.0
5562,treatment,14,0,0.0,1,
5562,treatment,9,0,0.0,1,
5563,control,14,1,104.3,1,3.0
5563,control,21,1,153.5,0,1.0
5564,control,10,0,0.0,0,
5565,treatment,15,1,229.2,0,3.0
5565,treatment,20,0,0.0,1,
5565,treatment,1,1,227.9,0,1.0
5566,control,18,0,0.0,1,
5566,control,12,0,0.0,0,
5566,control,2,0,0.0,0,
5567,control,1,0,0.0,0,
5567,control,20,0,0.0,0,
5568,treatment,19,1,157.6,0,1.0
5568,treatment,11,0,0.0,0,
5569,control,21,0,0.0,0,
5570,control,18,1,100.7,0,1.0
5570,control,16,1,102.8,0,2.0
5570,control,19,1,161.8,0,2.0
5571,treatment,8,1,156.1,0,1.0
5572,treatment,21,1,87.7,0,1.0
5573,treatment,9,1,138.4,0,3.0
5573,treatment,2,1,235.8,0,3.0
5574,control,9,1,147.2,0,1.0
5575,treatment,5,1,152.4,0,3.0
5575,treatment,20,0,0.0,1,
5575,treatment,10,1,169.8,0,1.0
5576,treatment,12,0,0.0,0,
5576,treatment,10,0,0.0,0,
5577,control,10,1,105.3,0,1.0
5577,control,20,0,0.0,0,
5578,treatment,7,0,0.0,1,
5578,treatment,1,0,0.0,0,
5578,treatment,20,1,137.9,0,4.0
5579,treatment,9,0,0.0,0,
5579,treatment,21,1,232.8,0,2.0
5580,treatment,14,1,234.6,1,5.0
5581,treatment,7,0,0.0,0,
5581,treatment,15,0,0.0,1,
5581,treatment,3,0,0.0,1,
5582,control,18,1,142.9,0,3.0
5582,control,17,0,0.0,0,
5582,control,6,1,175.8,1,4.0
5583,treatment,3,0,0.0,0,
5583,treatment,16,0,0.0,0,
5584,treatment,11,1,192.7,0,4.0
5584,treatment,18,1,207.0,1,1.0
5584,treatment,11,0,0.0,0,
5585,control,2,1,144.7,1,3.0
5585,control,10,0,0.0,0,
5586,treatment,8,0,0.0,0,
5586,treatment,18,1,259.0,0,1.0
5586,treatment,13,1,127.1,0,1.0
5587,control,3,0,0.0,1,
5587,control,5,0,0.0,0,
5588,control,17,0,0.0,1,
5588,control,2,0,0.0,0,
5588,control,2,1,157.0,0,1.0
5589,control,6,1,89.0,1,1.0
5589,control,21,0,0.0,1,
5590,treatment,19,0,0.0,0,
5590,treatment,2,0,0.0,0,
5590,treatment,12,0,0.0,1,
5591,control,8,0,0.0,0,
5591,control,12,1,215.6,0,2.0
5592,control,17,1,289.1,1,1.0
5592,control,3,0,0.0,0,
5593,control,17,0,0.0,0,
5593,control,16,1,220.7,0,1.0
5593,control,17,0,0.0,1,
5594,treatment,16,0,0.0,0,
5594,treatment,7,1,197.1,0,1.0
5594,treatment,16,0,0.0,0,
5595,treatment,15,0,0.0,1,
5595,treatment,7,0,0.0,0,
5596,treatment,21,1,278.8,0,2.0
5596,treatment,1,0,0.0,0,
5597,treatment,12,0,0.0,0,
5597,treatment,7,1,225.7,0,1.0
5597,treatment,11,1,216.3,0,1.0
5598,treatment,11,1,294.1,1,1.0
5598,treatment,14,1,240.7,0,2.0
5598,treatment,6,0,0.0,0,
5599,treatment,17,1,274.5,0,1.0
5600,treatment,9,1,144.5,0,1.0
5600,treatment,16,0,0.0,1,
5601,control,17,0,0.0,0,
5602,control,3,0,0.0,0,
5602,control,16,0,0.0,1,
5603,control,7,1,362.2,0,3.0
5604,control,16,0,0.0,0,
5605,treatment,6,1,355.7,0,1.0
5606,control,9,1,162.5,0,4.0
5607,control,21,1,148.9,0,3.0
5607,control,13,0,0.0,0,
5607,control,2,0,0.0,0,
5608,control,6,0,0.0,0,
5608,control,20,1,176.4,0,5.0
5609,control,8,1,177.8,0,2.0
5610,treatment,3,1,80.5,0,1.0
5611,treatment,9,1,152.5,0,3.0
5612,treatment,19,0,0.0,0,
5612,treatment,13,1,197.1,0,4.0
5613,control,5,0,0.0,0,
5613,control,19,0,0.0,0,
5614,treatment,6,1,242.0,0,1.0
5614,treatment,21,1,160.3,1,1.0
5614,treatment,17,0,0.0,1,
5615,control,7,1,68.4,0,1.0
5615,control,1,0,0.0,1,
5615,control,18,1,156.5,1,2.0
5616,treatment,10,0,0.0,1,
5617,treatment,10,1,81.1,0,4.0
5618,treatment,2,1,174.8,1,1.0
5618,treatment,4,1,208.6,0,1.0
5619,treatment,3,0,0.0,1,
5619,treatment,3,0,0.0,0,
5620,treatment,10,0,0.0,0,
5621,control,12,0,0.0,0,
5622,treatment,15,1,67.7,0,4.0
5623,control,20,0,0.0,0,
5623,control,1,1,249.9,1,1.0
5624,control,10,0,0.0,0,
5624,control,4,1,198.5,0,3.0
5625,control,2,0,0.0,0,
5626,control,4,1,186.8,0,2.0
5626,control,13,1,132.5,0,2.0
5626,control,18,0,0.0,0,
5627,control,6,0,0.0,0,
5627,control,21,0,0.0,1,
5628,treatment,7,0,0.0,0,
5628,treatment,1,1,200.8,0,1.0
5628,treatment,15,0,0.0,0,
5629,treatment,19,0,0.0,0,
5630,treatment,13,1,179.6,0,1.0
5630,treatment,16,1,83.4,0,1.0
5631,treatment,12,1,198.9,0,2.0
5631,treatment,1,1,80.4,0,3.0
5632,control,7,0,0.0,1,
5632,control,15,0,0.0,0,
5632,control,10,1,151.4,0,1.0
5633,treatment,21,1,141.9,0,4.0
5634,treatment,17,0,0.0,1,
5635,control,4,1,140.9,0,3.0
5635,control,21,1,135.2,0,2.0
5636,control,19,0,0.0,1,
5636,control,13,1,130.6,0,1.0
5636,control,10,0,0.0,1,
5637,treatment,7,0,0.0,0,
5638,treatment,13,0,0.0,0,
5638,treatment,11,1,221.7,0,1.0
5638,treatment,6,1,195.7,0,2.0
5639,control,4,0,0.0,0,
5639,control,13,1,289.8,1,1.0
5640,treatment,19,0,0.0,0,
5641,treatment,15,1,164.2,0,2.0
5642,treatment,14,1,285.4,0,3.0
5643,treatment,3,1,220.2,0,3.0
5644,control,6,0,0.0,0,
5644,control,5,1,157.3,0,1.0
5645,control,2,1,261.8,1,1.0
5645,control,3,0,0.0,0,
5645,control,20,0,0.0,1,
5646,control,12,0,0.0,0,
5647,treatment,9,1,192.7,0,3.0
5647,treatment,19,1,210.9,0,2.0
5647,treatment,1,1,199.5,0,1.0
5648,treatment,15,1,240.5,0,1.0
5649,treatment,5,1,118.2,0,1.0
5650,treatment,6,0,0.0,1,
5651,treatment,12,1,177.1,0,1.0
5651,treatment,4,1,266.5,0,1.0
5651,treatment,9,1,252.3,0,1.0
5652,control,17,0,0.0,0,
5653,treatment,19,0,0.0,0,
5653,treatment,1,1,146.6,0,2.0
5654,treatment,16,0,0.0,0,
5655,control,15,1,121.4,0,5.0
5655,control,21,0,0.0,0,
5655,control,17,1,231.5,0,1.0
5656,treatment,13,0,0.0,0,
5656,treatment,16,0,0.0,0,
5656,treatment,21,1,202.9,0,1.0
5657,control,8,1,99.9,1,2.0
5658,control,10,1,110.6,1,1.0
5658,control,4,1,225.9,1,1.0
5658,control,12,1,40.9,0,3.0
5659,control,18,1,104.6,0,1.0
5660,control,1,1,120.4,1,3.0
5660,control,1,1,68.5,0,2.0
5661,control,17,0,0.0,1,
5661,control,16,0,0.0,1,
5661,control,8,0,0.0,0,
5662,treatment,10,1,162.6,0,5.0
5663,control,12,0,0.0,1,
5663,control,20,1,212.5,1,2.0
5663,control,4,0,0.0,1,
5664,control,7,1,184.0,1,2.0
5665,treatment,20,1,198.7,0,3.0
5665,treatment,2,0,0.0,0,
5665,treatment,19,1,122.8,0,2.0
5666,treatment,5,1,65.0,0,1.0
5666,treatment,13,1,247.8,0,1.0
5667,control,15,0,0.0,1,
5668,treatment,12,1,128.1,1,3.0
5668,treatment,3,1,85.5,0,1.0
5669,treatment,4,1,157.2,0,1.0
5669,treatment,1,1,87.6,0,3.0
5670,control,17,0,0.0,1,
5670,control,15,0,0.0,0,
5671,control,11,0,0.0,1,
5672,treatment,14,0,0.0,0,
5673,control,17,0,0.0,0,
5674,control,12,1,109.1,0,4.0
5674,control,1,0,0.0,0,
5674,control,6,0,0.0,0,
5675,treatment,14,1,281.9,0,1.0
5676,control,6,1,156.3,1,1.0
5676,control,13,0,0.0,1,
5677,control,11,0,0.0,0,
5677,control,21,1,133.5,0,3.0
5677,control,11,0,0.0,0,
5678,control,5,0,0.0,1,
5678,control,20,1,150.6,0,1.0
5679,control,8,0,0.0,0,
5679,control,1,0,0.0,1,
5679,control,13,1,133.3,0,1.0
5680,control,5,1,230.6,1,2.0
5680,control,15,1,126.2,0,1.0
5680,control,18,0,0.0,0,
5681,treatment,12,1,229.8,0,5.0
5681,treatment,12,0,0.0,0,
5682,treatment,12,1,135.6,0,2.0
5682,treatment,17,1,185.9,0,1.0
5683,control,12,0,0.0,0,
5684,treatment,3,1,130.1,0,4.0
5684,treatment,13,1,182.4,0,2.0
5685,control,21,0,0.0,0,
5686,control,12,0,0.0,0,
5686,control,1,0,0.0,1,
5686,control,18,0,0.0,0,
5687,control,8,0,0.0,0,
5688,control,2,1,106.1,1,1.0
5689,control,13,1,133.4,0,1.0
5689,control,11,1,242.4,0,1.0
5689,control,21,0,0.0,0,
5690,treatment,5,1,177.4,0,1.0
5690,treatment,15,0,0.0,0,
5690,treatment,6,1,229.1,0,1.0
5691,treatment,16,0,0.0,0,
5691,treatment,15,0,0.0,1,
5691,treatment,9,1,159.3,1,1.0
5692,control,11,1,122.8,1,1.0
5692,control,7,1,136.0,0,1.0
5692,control,13,1,87.9,0,2.0
5693,treatment,20,1,123.8,1,2.0
5693,treatment,2,0,0.0,0,
5693,treatment,5,1,218.2,1,1.0
5694,control,2,1,181.7,0,1.0
5695,treatment,4,0,0.0,0,
5695,treatment,19,0,0.0,1,
5695,treatment,20,0,0.0,0,
5696,control,19,0,0.0,0,
5696,control,21,0,0.0,0,
5696,control,16,1,106.8,0,2.0
5697,treatment,15,0,0.0,0,
5697,treatment,3,1,106.3,0,1.0
5698,control,15,1,177.2,1,2.0
5699,control,1,0,0.0,0,
5699,control,4,1,111.9,0,1.0
5699,control,13,0,0.0,1,
5700,treatment,2,1,193.3,0,1.0
5701,treatment,1,0,0.0,0,
5701,treatment,13,0,0.0,1,
5702,control,14,1,302.6,1,1.0
5702,control,3,1,162.7,0,1.0
5703,treatment,18,1,108.4,0,3.0
5704,control,3,1,183.3,1,2.0
5704,control,14,1,191.6,1,2.0
5705,treatment,18,1,202.2,1,1.0
5705,treatment,5,0,0.0,0,
5706,treatment,9,0,0.0,0,
5706,treatment,18,0,0.0,0,
5706,treatment,20,1,265.4,0,2.0
5707,control,20,0,0.0,0,
5707,control,9,0,0.0,0,
5707,control,8,0,0.0,0,
5708,treatment,16,0,0.0,0,
5709,treatment,8,0,0.0,0,
5710,control,4,0,0.0,1,
5711,treatment,11,1,247.1,0,1.0
5712,control,7,1,133.7,0,2.0
5713,control,10,0,0.0,0,
5714,control,19,0,0.0,0,
5714,control,20,0,0.0,1,
5715,control,8,0,0.0,0,
5715,control,1,0,0.0,1,
5715,control,8,1,102.3,0,2.0
5716,control,7,1,82.2,1,2.0
5716,control,2,1,127.3,0,2.0
5717,treatment,2,1,213.7,0,1.0
5717,treatment,13,1,111.3,0,4.0
5717,treatment,20,1,144.5,0,1.0
5718,control,2,1,180.4,0,4.0
5718,control,16,0,0.0,0,
5718,control,3,0,0.0,0,
5719,control,11,0,0.0,0,
5719,control,7,0,0.0,0,
5719,control,16,0,0.0,0,
5720,treatment,12,1,277.1,0,1.0
5721,treatment,5,1,232.8,0,1.0
5721,treatment,11,0,0.0,1,
5721,treatment,7,0,0.0,0,
5722,treatment,18,0,0.0,0,
5722,treatment,2,0,0.0,1,
5723,control,5,0,0.0,0,
5723,control,13,1,262.2,0,5.0
5724,control,21,0,0.0,0,
5724,control,7,0,0.0,0,
5724,control,5,0,0.0,1,
5725,control,13,1,214.8,1,1.0
5725,control,5,0,0.0,1,
5725,control,6,1,191.4,1,1.0
5726,treatment,4,1,193.7,0,1.0
5727,control,4,1,45.6,1,1.0
5727,control,8,0,0.0,0,
5728,treatment,21,0,0.0,0,
5729,control,17,0,0.0,0,
5729,control,18,1,141.1,0,2.0
5729,control,10,0,0.0,1,
5730,treatment,14,0,0.0,1,
5730,treatment,21,0,0.0,0,
5730,treatment,5,0,0.0,0,
5731,control,5,0,0.0,1,
5732,control,17,0,0.0,0,
5733,control,13,1,164.8,1,1.0
5733,control,21,0,0.0,0,
5734,treatment,12,1,244.3,0,5.0
5734,treatment,15,0,0.0,0,
5735,treatment,17,1,301.1,1,1.0
5735,treatment,15,1,275.0,1,5.0
5735,treatment,20,0,0.0,0,
5736,control,3,1,176.1,1,4.0
5737,control,7,1,222.1,0,2.0
5738,control,5,0,0.0,1,
5738,control,16,1,83.1,0,4.0
5738,control,7,1,191.7,0,1.0
5739,treatment,18,0,0.0,1,
5740,control,17,0,0.0,0,
5740,control,16,0,0.0,0,
5740,control,17,1,186.6,1,1.0
5741,control,11,1,116.2,1,3.0
5741,control,17,1,209.7,1,2.0
5741,control,14,1,135.2,1,2.0
5742,control,20,1,159.0,0,2.0
5742,control,16,1,194.4,0,3.0
5742,control,2,0,0.0,0,
5743,control,16,1,188.5,0,2.0
5743,control,6,0,0.0,0,
5744,treatment,11,0,0.0,0,
5745,treatment,16,1,135.0,0,1.0
5745,treatment,2,1,196.1,0,2.0
5746,control,11,0,0.0,0,
5746,control,9,0,0.0,1,
5746,control,9,0,0.0,0,
5747,control,20,0,0.0,0,
5748,treatment,5,1,176.2,0,1.0
5749,treatment,18,0,0.0,1,
5749,treatment,11,1,271.5,0,1.0
5750,control,15,1,110.0,0,1.0
5750,control,10,1,176.8,0,1.0
5750,control,12,0,0.0,1,
5751,treatment,1,0,0.0,0,
5751,treatment,1,0,0.0,1,
5752,treatment,11,0,0.0,1,
5752,treatment,4,0,0.0,0,
5752,treatment,1,0,0.0,0,
5753,control,16,1,56.6,1,2.0
5753,control,21,1,53.7,0,1.0
5753,control,18,1,145.4,1,2.0
5754,treatment,3,1,151.3,0,3.0
5754,treatment,15,0,0.0,0,
5755,treatment,19,1,214.7,0,1.0
5755,treatment,12,1,216.9,0,1.0
5756,control,13,0,0.0,0,
5757,control,18,0,0.0,1,
5758,treatment,6,1,267.4,1,1.0
5759,control,4,1,274.5,0,4.0
5759,control,10,0,0.0,0,
5759,control,5,0,0.0,0,
5760,treatment,9,1,193.8,0,1.0
5760,treatment,2,0,0.0,0,
5761,control,4,0,0.0,0,
5762,treatment,7,0,0.0,1,
5762,treatment,5,1,155.4,0,1.0
5762,treatment,20,0,0.0,1,
5763,control,5,1,136.0,1,2.0
5764,treatment,6,1,66.3,0,3.0
5764,treatment,2,1,230.0,0,2.0
5764,treatment,6,1,119.9,1,1.0
5765,treatment,20,0,0.0,0,
5765,treatment,17,1,280.6,0,4.0
5766,treatment,9,1,161.2,1,2.0
5766,treatment,12,0,0.0,0,
5767,control,3,0,0.0,0,
5767,control,18,1,214.9,1,1.0
5768,control,6,1,117.7,1,2.0
5769,treatment,7,1,86.1,1,1.0
5770,treatment,7,0,0.0,0,
5771,control,18,1,235.4,1,2.0
5771,control,11,0,0.0,0,
5772,control,17,0,0.0,0,
5773,control,4,0,0.0,0,
5773,control,2,1,140.5,0,4.0
5773,control,17,1,35.7,0,5.0
5774,control,6,1,197.5,0,3.0
5774,control,21,1,243.7,1,1.0
5775,control,14,0,0.0,1,
5775,control,4,1,181.4,0,3.0
5775,control,6,1,179.9,0,1.0
5776,control,9,0,0.0,0,
5776,control,21,0,0.0,0,
5777,treatment,19,1,192.1,1,1.0
5778,control,3,0,0.0,1,
5779,treatment,12,1,245.2,0,3.0
5779,treatment,19,0,0.0,0,
5780,control,16,1,46.2,1,3.0
5780,control,7,1,5.0,1,2.0
5781,control,18,1,47.7,1,1.0
5781,control,12,1,154.0,0,2.0
5781,control,20,1,150.7,0,2.0
5782,treatment,16,1,161.8,1,1.0
5782,treatment,19,0,0.0,1,
5782,treatment,2,0,0.0,0,
5783,treatment,4,0,0.0,1,
5783,treatment,12,1,244.5,0,1.0
5783,treatment,18,1,196.9,0,2.0
5784,control,11,1,202.3,1,4.0
5784,control,13,1,118.1,0,3.0
5785,treatment,16,1,199.9,0,1.0
5785,treatment,1,1,266.8,0,1.0
5786,treatment,20,1,155.7,1,1.0
5787,treatment,10,1,250.4,0,1.0
5787,treatment,12,1,190.5,0,1.0
5788,treatment,15,1,155.2,0,5.0
5788,treatment,2,1,157.0,0,1.0
5788,treatment,16,0,0.0,0,
5789,control,13,0,0.0,0,
5790,treatment,1,0,0.0,1,
5790,treatment,13,1,47.8,0,5.0
5790,treatment,19,1,173.0,1,1.0
5791,control,7,0,0.0,1,
5792,control,7,1,193.8,0,1.0
5793,control,11,0,0.0,0,
5794,control,19,0,0.0,1,
5795,treatment,11,0,0.0,0,
5795,treatment,1,0,0.0,1,
5795,treatment,13,0,0.0,0,
5796,treatment,21,1,254.5,0,1.0
5797,control,10,0,0.0,1,
5798,control,15,1,202.0,1,2.0
5798,control,4,1,76.8,0,5.0
5799,control,9,1,173.0,0,4.0
5799,control,17,0,0.0,1,
5799,control,10,0,0.0,1,
5800,control,8,0,0.0,1,
5800,control,8,0,0.0,0,
5800,control,3,1,161.5,0,3.0
5801,treatment,6,0,0.0,1,
5801,treatment,19,0,0.0,0,
5802,control,18,0,0.0,0,
5802,control,15,1,159.9,0,1.0
5803,treatment,15,1,186.4,0,1.0
5803,treatment,3,0,0.0,0,
5804,control,17,1,222.0,0,1.0
5805,control,6,1,100.2,0,3.0
5805,control,6,1,228.9,0,2.0
5805,control,2,1,59.4,0,3.0
5806,control,6,1,175.4,0,1.0
5807,control,8,1,111.9,0,2.0
5808,treatment,20,1,152.0,0,2.0
5808,treatment,21,1,159.4,0,3.0
5808,treatment,7,0,0.0,1,
5809,treatment,6,0,0.0,0,
5809,treatment,7,1,150.3,0,3.0
5810,treatment,16,1,191.3,1,1.0
5811,control,12,0,0.0,0,
5812,control,14,0,0.0,1,
5812,control,17,0,0.0,0,
5813,treatment,10,1,215.5,0,2.0
5813,treatment,12,1,220.3,1,1.0
5814,treatment,11,1,285.9,0,2.0
5814,treatment,4,1,241.8,1,1.0
5815,control,13,0,0.0,1,
5815,control,6,0,0.0,1,
5815,control,8,0,0.0,0,
5816,control,14,1,65.2,0,1.0
5817,treatment,9,1,174.1,0,1.0
5817,treatment,19,1,104.9,0,1.0
5818,control,4,1,111.7,0,1.0
5818,control,3,1,119.6,0,4.0
5819,control,8,0,0.0,0,
5819,control,10,0,0.0,0,
5819,control,13,0,0.0,0,
5820,treatment,8,1,155.3,0,1.0
5820,treatment,16,1,236.3,0,2.0
5821,control,4,1,5.0,0,1.0
5821,control,10,1,121.6,1,1.0
5821,control,12,1,249.8,0,1.0
5822,treatment,2,0,0.0,0,
5823,control,17,1,200.3,0,1.0
5823,control,18,0,0.0,0,
5824,treatment,13,1,162.0,0,3.0
5824,treatment,9,0,0.0,1,
5825,control,3,0,0.0,0,
5825,control,14,1,152.3,1,2.0
5826,treatment,8,0,0.0,0,
5826,treatment,5,0,0.0,0,
5827,treatment,14,1,227.8,0,2.0
5828,treatment,14,0,0.0,1,
5828,treatment,1,0,0.0,0,
5828,treatment,12,1,251.4,1,1.0
5829,treatment,16,0,0.0,0,
5829,treatment,5,1,109.5,1,2.0
5830,control,13,0,0.0,0,
5830,control,20,0,0.0,0,
5830,control,13,1,202.8,0,1.0
5831,control,10,0,0.0,0,
5831,control,10,0,0.0,0,
5831,control,20,0,0.0,1,
5832,treatment,10,1,162.4,0,3.0
5832,treatment,13,0,0.0,1,
5832,treatment,15,1,199.9,0,1.0
5833,control,5,1,203.8,1,2.0
5833,control,19,1,137.2,1,1.0
5834,control,11,1,169.5,0,2.0
5834,control,10,1,106.6,0,3.0
5835,control,13,1,133.4,0,2.0
5835,control,13,1,37.1,0,5.0
5836,control,4,1,209.8,0,1.0
5836,control,11,0,0.0,1,
5837,control,7,1,24.0,0,1.0
5837,control,3,0,0.0,0,
5838,treatment,13,1,238.8,0,1.0
5838,treatment,21,0,0.0,0,
5839,treatment,20,0,0.0,0,
5840,treatment,20,0,0.0,1,
5840,treatment,1,0,0.0,0,
5841,treatment,21,0,0.0,1,
5841,treatment,12,0,0.0,0,
5842,control,7,0,0.0,1,
5842,control,17,0,0.0,1,
5842,control,20,1,220.0,1,3.0
5843,control,3,1,142.5,0,1.0
5844,treatment,2,0,0.0,0,
5844,treatment,21,1,174.0,0,4.0
5845,control,8,1,128.7,0,1.0
5845,control,20,0,0.0,1,
5846,control,10,0,0.0,0,
5846,control,3,1,104.3,1,3.0
5846,control,7,0,0.0,1,
5847,treatment,13,1,184.6,1,5.0
5847,treatment,7,0,0.0,0,
5847,treatment,11,1,180.6,0,4.0
5848,control,13,1,194.3,0,2.0
5849,treatment,10,0,0.0,1,
5849,treatment,16,0,0.0,1,
5849,treatment,1,0,0.0,0,
5850,treatment,1,0,0.0,0,
5851,control,4,1,201.6,0,1.0
5851,control,3,1,162.9,0,1.0
5851,control,20,0,0.0,0,
5852,control,20,0,0.0,0,
5852,control,10,1,34.9,0,2.0
5852,control,5,1,178.3,0,1.0
5853,treatment,12,0,0.0,0,
5853,treatment,5,1,105.2,0,3.0
5853,treatment,3,1,198.5,0,2.0
5854,treatment,14,0,0.0,1,
5854,treatment,21,1,178.4,0,5.0
5854,treatment,2,1,121.5,0,2.0
5855,control,7,1,118.3,1,5.0
5856,treatment,15,1,196.2,0,3.0
5857,treatment,8,0,0.0,0,
5858,treatment,21,0,0.0,1,
5859,control,6,1,172.1,0,3.0
5859,control,8,1,93.4,1,4.0
5860,treatment,18,1,190.3,0,1.0
5860,treatment,13,0,0.0,0,
5861,control,2,0,0.0,0,
5861,control,1,1,104.9,0,1.0
5862,treatment,8,0,0.0,0,
5863,control,1,1,147.0,0,4.0
5863,control,4,0,0.0,0,
5863,control,15,0,0.0,0,
5864,treatment,8,0,0.0,0,
5865,control,5,1,134.1,0,4.0
5865,control,4,0,0.0,0,
5866,control,20,1,125.6,0,1.0
5867,control,6,1,5.0,1,3.0
5868,treatment,9,1,244.3,0,3.0
5869,treatment,20,1,267.0,0,1.0
5869,treatment,3,1,218.8,0,1.0
5869,treatment,20,0,0.0,1,
5870,treatment,12,1,147.5,1,3.0
5871,control,3,1,157.5,0,2.0
5871,control,18,1,278.9,0,1.0
5871,control,11,1,131.6,0,2.0
5872,treatment,12,1,139.4,0,2.0
5873,control,7,0,0.0,0,
5873,control,6,0,0.0,0,
5873,control,12,0,0.0,1,
5874,treatment,10,1,165.6,1,2.0
5875,control,12,0,0.0,1,
5875,control,6,1,201.1,0,4.0
5876,control,2,1,170.2,0,1.0
5876,control,21,1,150.9,0,2.0
5876,control,6,0,0.0,0,
5877,control,8,0,0.0,0,
5878,treatment,21,0,0.0,1,
5878,treatment,10,1,239.1,1,3.0
5878,treatment,5,0,0.0,0,
5879,treatment,19,1,160.3,1,1.0
5879,treatment,11,1,168.5,0,2.0
5879,treatment,13,0,0.0,0,
5880,treatment,3,0,0.0,0,
5881,control,6,0,0.0,0,
5882,control,16,0,0.0,1,
5883,treatment,5,1,104.4,1,1.0
5884,treatment,17,1,282.9,0,1.0
5884,treatment,5,1,211.7,0,1.0
5885,treatment,4,0,0.0,0,
5885,treatment,14,0,0.0,0,
5886,control,2,1,171.7,1,3.0
5886,control,17,0,0.0,0,
5887,control,12,1,233.3,0,3.0
5888,control,19,1,200.4,0,3.0
5888,control,3,0,0.0,0,
5888,control,9,0,0.0,0,
5889,control,19,1,297.9,1,3.0
5889,control,6,1,69.4,0,2.0
5890,control,1,0,0.0,0,
5891,treatment,17,1,136.0,0,1.0
5892,control,11,1,98.9,1,1.0
5892,control,10,0,0.0,0,
5893,control,13,1,217.3,1,2.0
5894,control,4,0,0.0,0,
5894,control,10,0,0.0,1,
5894,control,9,1,248.6,1,1.0
5895,control,10,0,0.0,0,
5896,control,2,1,130.7,1,2.0
5897,treatment,2,1,165.0,0,1.0
5897,treatment,11,0,0.0,1,
5897,treatment,15,1,287.5,1,1.0
5898,control,6,1,219.1,0,1.0
5899,control,7,0,0.0,1,
5899,control,1,0,0.0,0,
5900,control,4,1,195.1,0,2.0
5900,control,11,0,0.0,0,
5900,control,17,1,149.4,1,1.0
5901,treatment,21,1,192.7,1,1.0
5901,treatment,1,1,169.7,0,3.0
5902,treatment,11,0,0.0,0,
5902,treatment,5,0,0.0,0,
5903,treatment,16,0,0.0,0,
5904,control,13,1,259.2,0,1.0
5904,control,18,1,161.6,0,1.0
5904,control,10,1,179.7,0,4.0
5905,treatment,4,1,82.7,0,2.0
5906,control,12,0,0.0,0,
5906,control,9,1,180.8,0,4.0
5906,control,13,0,0.0,1,
5907,control,2,0,0.0,0,
5907,control,15,0,0.0,0,
5908,treatment,7,0,0.0,0,
5908,treatment,4,0,0.0,0,
5909,control,3,1,109.2,0,4.0
5909,control,8,1,150.1,1,3.0
5910,control,10,1,205.6,1,1.0
5910,control,12,1,76.3,0,3.0
5910,control,11,1,153.1,0,1.0
5911,control,15,1,157.3,0,4.0
5911,control,13,1,199.2,1,5.0
5911,control,17,0,0.0,1,
5912,treatment,11,1,307.8,0,1.0
5912,treatment,5,0,0.0,0,
5912,treatment,18,1,149.3,1,3.0
5913,control,15,0,0.0,1,
5913,control,6,1,131.9,1,2.0
5914,control,17,1,111.9,0,4.0
5914,control,16,1,297.8,0,1.0
5915,treatment,3,0,0.0,1,
5916,control,18,1,183.3,0,2.0
5916,control,3,1,234.9,0,3.0
5916,control,13,0,0.0,1,
5917,control,5,0,0.0,0,
5917,control,8,0,0.0,0,
5917,control,4,0,0.0,0,
5918,treatment,3,1,186.8,1,2.0
5918,treatment,20,0,0.0,0,
5918,treatment,5,1,159.5,0,1.0
5919,control,15,1,89.7,1,2.0
5919,control,21,1,113.8,1,2.0
5919,control,4,1,195.2,1,1.0
5920,control,8,0,0.0,0,
5920,control,20,0,0.0,0,
5921,control,12,0,0.0,0,
5922,control,11,1,72.3,0,5.0
5923,control,20,1,224.5,0,1.0
5923,control,3,0,0.0,1,
5923,control,20,1,257.6,1,3.0
5924,treatment,17,1,108.8,0,3.0
5924,treatment,2,1,257.0,0,2.0
5924,treatment,21,1,123.5,1,1.0
5925,treatment,19,1,248.2,1,1.0
5925,treatment,17,0,0.0,0,
5925,treatment,19,1,219.1,0,2.0
5926,treatment,19,1,50.5,0,1.0
5927,treatment,7,1,134.9,1,3.0
5927,treatment,1,0,0.0,0,
5928,control,15,0,0.0,1,
5929,control,3,1,86.3,0,1.0
5930,control,19,1,115.6,0,1.0
5930,control,21,1,197.8,1,1.0
5931,control,11,0,0.0,0,
5932,control,18,1,112.6,1,1.0
5933,treatment,11,1,193.5,0,3.0
5933,treatment,2,0,0.0,0,
5933,treatment,13,1,246.8,0,2.0
5934,treatment,8,1,147.8,0,4.0
5934,treatment,7,1,204.2,0,3.0
5934,treatment,3,1,175.5,0,2.0
5935,control,7,0,0.0,1,
5935,control,17,1,92.9,0,1.0
5935,control,12,0,0.0,1,
5936,control,8,1,136.2,1,2.0
5937,control,8,1,237.2,0,1.0
5938,treatment,1,0,0.0,0,
5938,treatment,21,0,0.0,0,
5939,control,2,1,120.5,0,1.0
5939,control,14,0,0.0,0,
5940,control,9,0,0.0,0,
5940,control,17,0,0.0,1,
5940,control,7,0,0.0,0,
5941,control,9,0,0.0,0,
5941,control,5,0,0.0,0,
5941,control,20,0,0.0,0,
5942,treatment,9,1,138.5,0,5.0
5943,control,21,0,0.0,1,
5944,treatment,12,0,0.0,0,
5945,treatment,8,1,129.0,0,1.0
5946,treatment,21,0,0.0,0,
5947,treatment,10,0,0.0,0,
5947,treatment,1,1,117.1,0,3.0
5948,treatment,15,0,0.0,0,
5949,treatment,12,0,0.0,0,
5949,treatment,3,1,233.2,0,3.0
5949,treatment,11,0,0.0,1,
5950,control,13,0,0.0,0,
5950,control,10,1,151.8,0,1.0
5950,control,11,1,101.0,1,2.0
5951,control,8,1,167.1,0,5.0
5951,control,6,1,66.5,0,2.0
5951,control,14,0,0.0,0,
5952,control,6,1,55.8,0,1.0
5953,treatment,19,0,0.0,0,
5954,control,21,0,0.0,1,
5954,control,19,0,0.0,1,
5954,control,21,0,0.0,0,
5955,treatment,6,1,78.3,1,1.0
5955,treatment,4,0,0.0,0,
5956,treatment,1,1,111.8,0,5.0
5957,treatment,15,0,0.0,1,
5958,control,2,0,0.0,0,
5958,control,13,0,0.0,0,
5958,control,8,1,162.8,0,3.0
5959,treatment,19,0,0.0,0,
5959,treatment,11,0,0.0,0,
5959,treatment,19,0,0.0,0,
5960,treatment,20,1,135.0,0,1.0
5961,control,19,1,114.0,1,5.0
5961,control,14,1,171.3,0,2.0
5962,control,6,0,0.0,1,
5963,treatment,19,0,0.0,0,
5964,treatment,21,0,0.0,1,
5964,treatment,3,1,214.6,1,2.0
5965,control,9,1,97.7,1,1.0
5966,control,16,0,0.0,0,
5966,control,3,1,105.6,1,2.0
5966,control,4,0,0.0,0,
5967,control,11,1,168.5,0,1.0
5967,control,4,0,0.0,0,
5968,treatment,6,0,0.0,0,
5969,control,7,0,0.0,1,
5969,control,17,1,98.6,1,1.0
5970,control,7,1,155.2,1,4.0
5971,control,1,1,159.0,0,1.0
5971,control,16,0,0.0,0,
5972,treatment,1,1,162.4,1,3.0
5973,control,19,0,0.0,0,
5973,control,10,1,199.4,0,1.0
5973,control,15,1,171.3,0,1.0
5974,control,13,1,175.5,0,2.0
5975,control,10,1,172.2,0,3.0
5975,control,16,0,0.0,0,
5976,control,8,0,0.0,0,
5977,control,2,0,0.0,1,
5977,control,21,0,0.0,0,
5978,treatment,20,1,174.3,0,1.0
5978,treatment,5,1,278.4,1,5.0
5979,treatment,7,1,212.3,0,3.0
5980,treatment,6,1,47.6,0,1.0
5980,treatment,9,1,133.8,0,3.0
5981,control,19,1,58.6,0,1.0
5982,treatment,21,1,216.2,1,1.0
5983,treatment,5,0,0.0,0,
5984,treatment,12,0,0.0,0,
5984,treatment,11,0,0.0,0,
5984,treatment,4,1,198.7,0,2.0
5985,control,5,1,125.8,0,4.0
5986,control,2,1,67.9,1,1.0
5987,treatment,16,1,221.2,0,3.0
5987,treatment,18,1,130.7,0,1.0
5988,treatment,16,1,309.9,0,4.0
5989,control,11,0,0.0,0,
5989,control,1,1,5.0,0,5.0
5989,control,14,1,163.5,1,1.0
5990,control,6,0,0.0,1,
5990,control,20,0,0.0,0,
5991,treatment,13,1,120.0,0,1.0
5992,control,8,0,0.0,1,
5992,control,13,0,0.0,0,
5993,treatment,6,0,0.0,0,
5993,treatment,11,0,0.0,0,
5993,treatment,5,0,0.0,0,
5994,control,20,0,0.0,0,
5995,treatment,21,0,0.0,0,
5995,treatment,16,1,195.3,1,3.0
5996,treatment,18,0,0.0,1,
5996,treatment,9,1,131.1,0,2.0
5997,control,16,1,160.0,1,3.0
5998,treatment,3,1,148.7,0,5.0
5999,treatment,1,1,182.7,0,1.0
5999,treatment,17,1,135.9,0,2.0
5999,treatment,5,0,0.0,0,
6000,treatment,13,1,67.4,0,4.0
6000,treatment,6,0,0.0,0,
6001,control,2,0,0.0,0,
6002,control,2,0,0.0,1,
6003,control,5,1,133.1,0,1.0
6004,treatment,2,0,0.0,1,
6004,treatment,21,0,0.0,0,
6005,control,4,1,289.2,0,2.0
6005,control,7,0,0.0,0,
6006,treatment,9,1,116.4,1,1.0
6006,treatment,21,0,0.0,0,
6007,treatment,5,0,0.0,0,
6007,treatment,20,1,136.5,0,1.0
6008,control,1,0,0.0,0,
6008,control,9,1,92.8,0,1.0
6009,control,3,1,112.6,0,2.0
6009,control,14,1,221.5,0,2.0
6010,treatment,11,1,119.4,1,1.0
6010,treatment,12,0,0.0,0,
6010,treatment,6,0,0.0,0,
6011,treatment,5,0,0.0,1,
6011,treatment,17,1,295.6,1,1.0
6012,control,5,0,0.0,1,
6012,control,4,0,0.0,0,
6013,control,18,1,136.4,1,1.0
6013,control,10,1,116.7,1,3.0
6013,control,15,1,147.9,1,3.0
6014,control,1,0,0.0,0,
6014,control,18,1,144.0,0,2.0
6014,control,5,0,0.0,1,
6015,treatment,5,1,88.8,1,1.0
6016,treatment,5,0,0.0,0,
6017,treatment,21,0,0.0,0,
6017,treatment,7,1,264.0,0,2.0
6018,treatment,3,0,0.0,0,
6018,treatment,13,1,189.1,0,3.0
6018,treatment,21,0,0.0,0,
6019,treatment,11,1,137.1,0,3.0
6019,treatment,17,0,0.0,0,
6020,control,11,0,0.0,1,
6020,control,10,0,0.0,0,
6021,control,6,1,95.9,0,3.0
6021,control,12,0,0.0,0,
6021,control,18,1,218.3,0,4.0
6022,treatment,21,0,0.0,0,
6022,treatment,9,0,0.0,0,
6022,treatment,14,0,0.0,0,
6023,treatment,16,1,200.7,0,2.0
6023,treatment,7,1,192.3,0,1.0
6023,treatment,3,1,340.9,0,1.0
6024,control,4,1,154.4,1,2.0
6024,control,21,1,246.4,0,4.0
6024,control,4,1,194.7,0,1.0
6025,control,1,0,0.0,1,
6026,control,20,0,0.0,0,
6026,control,6,1,212.8,0,1.0
6026,control,8,0,0.0,0,
6027,control,11,1,252.7,0,1.0
6027,control,15,0,0.0,1,
6028,treatment,15,1,182.7,0,2.0
6029,control,2,0,0.0,0,
6029,control,17,0,0.0,0,
6030,treatment,5,0,0.0,0,
6031,control,6,0,0.0,0,
6031,control,15,1,230.3,0,2.0
6032,control,3,0,0.0,0,
6032,control,13,1,256.8,0,3.0
6033,control,18,0,0.0,0,
6033,control,18,0,0.0,1,
6034,treatment,3,1,244.0,0,1.0
6034,treatment,11,0,0.0,0,
6034,treatment,6,0,0.0,0,
6035,treatment,11,1,251.9,1,2.0
6035,treatment,6,1,162.0,0,1.0
6036,control,12,0,0.0,0,
6037,treatment,13,0,0.0,0,
6037,treatment,16,0,0.0,0,
6037,treatment,2,1,247.6,0,1.0
6038,treatment,13,0,0.0,1,
6039,control,8,0,0.0,0,
6039,control,9,1,183.9,0,4.0
6039,control,12,0,0.0,1,
6040,control,14,1,192.6,0,1.0
6040,control,4,0,0.0,1,
6040,control,20,1,215.6,0,1.0
6041,treatment,11,1,167.3,0,5.0
6041,treatment,21,0,0.0,0,
6041,treatment,2,0,0.0,1,
6042,treatment,3,1,111.4,0,1.0
6043,treatment,17,0,0.0,0,
6043,treatment,21,0,0.0,0,
6044,control,13,0,0.0,0,
6045,control,16,0,0.0,0,
6045,control,14,0,0.0,1,
6045,control,3,0,0.0,1,
6046,treatment,6,1,292.6,0,1.0
6047,control,16,1,242.3,0,1.0
6048,control,17,1,229.5,0,2.0
6048,control,17,1,171.9,0,3.0
6049,treatment,14,1,151.4,0,1.0
6049,treatment,7,1,253.1,0,3.0
6050,treatment,11,0,0.0,0,
6050,treatment,6,1,230.8,1,1.0
6051,control,14,0,0.0,1,
6051,control,15,1,93.0,0,1.0
6052,control,8,0,0.0,0,
6052,control,19,1,123.2,0,1.0
6052,control,5,1,171.7,1,5.0
6053,treatment,4,0,0.0,0,
6053,treatment,11,0,0.0,1,
6054,control,21,0,0.0,0,
6054,control,1,0,0.0,0,
6054,control,6,1,78.5,0,2.0
6055,control,6,0,0.0,1,
6056,treatment,11,0,0.0,1,
6056,treatment,19,0,0.0,1,
6056,treatment,1,1,173.0,0,1.0
6057,treatment,3,0,0.0,0,
6058,control,18,1,166.1,0,1.0
6058,control,12,0,0.0,0,
6059,control,10,0,0.0,1,
6059,control,10,0,0.0,0,
6059,control,16,0,0.0,0,
6060,control,19,0,0.0,0,
6060,control,2,0,0.0,0,
6061,treatment,17,1,260.6,0,5.0
6061,treatment,16,1,239.3,0,1.0
6061,treatment,9,1,230.8,0,1.0
6062,control,2,1,166.3,1,1.0
6062,control,11,0,0.0,0,
6062,control,18,1,108.5,0,2.0
6063,control,18,1,186.2,0,1.0
6064,treatment,7,0,0.0,0,
6064,treatment,1,0,0.0,1,
6064,treatment,7,1,172.3,0,1.0
6065,treatment,17,0,0.0,0,
6065,treatment,4,1,241.3,1,2.0
6065,treatment,12,1,178.1,0,1.0
6066,control,15,1,189.7,0,1.0
6066,control,21,0,0.0,1,
6067,treatment,18,1,158.9,0,1.0
6067,treatment,9,1,199.8,0,1.0
6067,treatment,20,0,0.0,1,
6068,treatment,6,1,112.4,0,1.0
6069,control,11,1,226.5,0,1.0
6069,control,17,1,181.0,1,4.0
6069,control,9,0,0.0,0,
6070,treatment,12,0,0.0,0,
6070,treatment,6,0,0.0,0,
6071,treatment,17,0,0.0,0,
6071,treatment,12,0,0.0,0,
6071,treatment,11,0,0.0,0,
6072,control,17,1,70.5,0,2.0
6072,control,3,1,147.9,0,1.0
6072,control,13,1,154.2,0,1.0
6073,treatment,16,0,0.0,0,
6073,treatment,4,0,0.0,0,
6074,control,13,1,230.7,1,1.0
6074,control,1,1,69.2,0,1.0
6075,control,20,1,147.6,1,2.0
6076,treatment,6,1,110.3,0,1.0
6076,treatment,16,1,174.2,1,1.0
6076,treatment,16,0,0.0,1,
6077,treatment,19,0,0.0,0,
6077,treatment,9,1,201.3,0,3.0
6078,treatment,18,1,191.1,1,2.0
6078,treatment,15,0,0.0,1,
6079,control,10,1,126.4,0,3.0
6079,control,20,0,0.0,0,
6079,control,20,1,148.3,0,1.0
6080,treatment,8,1,165.8,0,2.0
6080,treatment,10,1,189.8,0,5.0
6081,control,17,1,109.0,1,2.0
6082,treatment,15,1,222.1,0,4.0
6082,treatment,2,1,109.6,1,1.0
6082,treatment,17,1,107.7,0,3.0
6083,treatment,2,1,100.4,0,1.0
6084,treatment,21,0,0.0,0,
6085,control,14,0,0.0,0,
6085,control,3,0,0.0,0,
6086,treatment,16,1,225.6,1,3.0
6087,treatment,16,0,0.0,0,
6087,treatment,19,0,0.0,0,
6087,treatment,16,1,217.2,0,1.0
6088,control,16,0,0.0,0,
6088,control,9,1,181.5,1,2.0
6088,control,5,1,177.0,0,1.0
6089,control,20,1,180.3,0,5.0
6089,control,13,0,0.0,1,
6090,treatment,15,1,224.3,0,4.0
6090,treatment,17,1,128.6,1,1.0
6091,treatment,18,0,0.0,0,
6091,treatment,14,1,172.7,0,3.0
6091,treatment,6,1,160.3,1,3.0
6092,treatment,11,0,0.0,1,
6092,treatment,6,1,228.3,0,5.0
6093,control,4,1,171.6,0,2.0
6093,control,3,1,144.0,0,3.0
6094,control,3,0,0.0,1,
6095,control,16,0,0.0,0,
6095,control,3,1,193.7,0,1.0
6096,control,3,0,0.0,0,
6097,treatment,16,0,0.0,0,
6097,treatment,7,1,270.1,1,3.0
6097,treatment,15,1,104.9,1,1.0
6098,control,4,0,0.0,1,
6098,control,15,1,144.9,0,1.0
6099,control,13,0,0.0,1,
6099,control,15,1,25.3,1,1.0
6099,control,15,0,0.0,0,
6100,control,15,1,168.0,1,2.0
6101,treatment,15,0,0.0,0,
6101,treatment,17,1,229.0,1,4.0
6101,treatment,14,0,0.0,0,
6102,treatment,6,0,0.0,0,
6103,control,4,0,0.0,0,
6104,control,10,0,0.0,0,
6104,control,11,1,162.6,1,3.0
6104,control,9,1,258.3,0,5.0
6105,treatment,12,0,0.0,1,
6106,treatment,6,0,0.0,1,
6106,treatment,20,1,330.2,0,3.0
6106,treatment,2,0,0.0,1,
6107,treatment,15,1,144.1,1,1.0
6107,treatment,6,0,0.0,0,
6108,treatment,15,0,0.0,0,
6108,treatment,19,0,0.0,1,
6109,treatment,20,1,199.9,0,2.0
6109,treatment,8,1,115.4,0,4.0
6109,treatment,19,1,222.4,0,1.0
6110,treatment,21,1,216.1,0,1.0
6110,treatment,17,1,214.9,0,1.0
6111,treatment,7,0,0.0,0,
6112,treatment,5,1,197.1,0,2.0
6113,control,14,0,0.0,0,
6113,control,17,0,0.0,0,
6114,control,10,1,245.0,1,1.0
6115,control,18,1,256.9,0,4.0
6115,control,16,1,71.2,0,1.0
6116,control,20,0,0.0,0,
6116,control,19,0,0.0,1,
6117,control,18,0,0.0,0,
6117,control,15,1,155.8,0,4.0
6117,control,18,0,0.0,0,
6118,control,3,1,190.5,0,1.0
6118,control,10,1,115.0,0,1.0
6118,control,7,1,150.0,0,5.0
6119,treatment,21,1,181.2,1,1.0
6120,treatment,21,1,135.0,0,3.0
6120,treatment,10,1,207.9,1,3.0
6121,control,20,0,0.0,0,
6121,control,16,1,72.0,0,1.0
6122,control,4,0,0.0,0,
6122,control,16,1,86.1,1,2.0
6123,treatment,3,1,142.8,0,1.0
6124,treatment,15,1,153.0,0,1.0
6124,treatment,12,1,101.4,1,2.0
6125,treatment,9,0,0.0,1,
6126,control,13,1,298.2,1,2.0
6126,control,15,0,0.0,1,
6127,treatment,14,0,0.0,1,
6128,control,17,0,0.0,0,
6128,control,19,0,0.0,0,
6129,control,14,0,0.0,0,
6129,control,7,0,0.0,1,
6130,treatment,2,1,246.9,0,5.0
6131,treatment,19,0,0.0,0,
6131,treatment,7,0,0.0,0,
6132,control,21,1,176.1,1,2.0
6132,control,9,0,0.0,0,
6132,control,17,0,0.0,1,
6133,treatment,8,0,0.0,0,
6133,treatment,14,0,0.0,1,
6134,treatment,7,0,0.0,0,
6134,treatment,3,1,93.6,1,1.0
6134,treatment,10,1,245.7,0,2.0
6135,control,14,1,210.1,1,2.0
6135,control,4,0,0.0,1,
6135,control,21,1,305.4,0,1.0
6136,treatment,6,0,0.0,1,
6136,treatment,15,0,0.0,0,
6136,treatment,21,1,225.5,0,1.0
6137,control,21,0,0.0,0,
6137,control,17,1,184.3,0,1.0
6137,control,4,1,120.9,0,3.0
6138,control,20,1,71.9,0,1.0
6138,control,11,1,181.8,0,4.0
6139,treatment,20,0,0.0,0,
6139,treatment,14,1,208.8,0,1.0
6139,treatment,1,1,191.1,1,1.0
6140,control,17,0,0.0,0,
6140,control,13,0,0.0,0,
6141,control,10,1,139.8,0,1.0
6142,treatment,18,1,161.7,1,1.0
6142,treatment,14,0,0.0,1,
6143,treatment,3,1,162.2,0,1.0
6144,treatment,19,1,179.3,0,2.0
6145,control,3,0,0.0,1,
6145,control,13,0,0.0,0,
6145,control,18,1,205.4,0,1.0
6146,control,6,1,210.1,0,2.0
6146,control,9,1,113.0,0,1.0
6147,treatment,2,1,132.5,0,1.0
6147,treatment,2,1,196.1,0,2.0
6147,treatment,1,1,88.2,1,1.0
6148,control,1,0,0.0,0,
6148,control,12,0,0.0,1,
6149,treatment,10,0,0.0,0,
6150,treatment,5,0,0.0,1,
6150,treatment,6,0,0.0,1,
6151,control,7,0,0.0,0,
6152,treatment,5,0,0.0,0,
6152,treatment,5,1,115.6,1,1.0
6152,treatment,3,0,0.0,1,
6153,control,16,0,0.0,1,
6153,control,5,1,219.7,1,3.0
6153,control,18,1,66.9,0,1.0
6154,control,6,0,0.0,1,
6155,treatment,4,0,0.0,1,
6155,treatment,6,1,192.1,0,2.0
6155,treatment,7,1,199.4,1,1.0
6156,control,12,0,0.0,1,
6156,control,18,0,0.0,1,
6157,treatment,6,1,127.3,0,5.0
6158,control,2,0,0.0,1,
6158,control,6,1,100.6,0,3.0
6159,control,11,1,160.3,1,1.0
6159,control,4,0,0.0,1,
6160,control,11,1,194.5,1,4.0
6160,control,17,0,0.0,0,
6161,treatment,17,0,0.0,0,
6161,treatment,12,0,0.0,1,
6161,treatment,4,1,190.2,0,1.0
6162,control,19,0,0.0,1,
6162,control,9,0,0.0,0,
6163,treatment,9,0,0.0,0,
6163,treatment,7,0,0.0,0,
6164,control,8,1,145.2,0,4.0
6165,control,19,0,0.0,0,
6165,control,8,0,0.0,0,
6165,control,8,1,111.9,0,1.0
6166,treatment,7,1,77.8,0,2.0
6166,treatment,10,0,0.0,0,
6167,treatment,8,1,157.9,0,1.0
6168,treatment,10,0,0.0,0,
6169,treatment,11,1,177.0,1,2.0
6170,treatment,11,1,211.0,0,5.0
6171,control,20,0,0.0,0,
6171,control,3,1,182.6,1,3.0
6171,control,4,0,0.0,1,
6172,control,6,0,0.0,0,
6173,treatment,5,1,286.9,0,2.0
6173,treatment,11,1,213.5,1,1.0
6174,control,10,0,0.0,0,
6174,control,2,1,239.0,1,1.0
6175,control,16,1,190.0,1,4.0
6176,control,13,1,156.1,1,3.0
6177,treatment,3,1,170.3,0,1.0
6177,treatment,14,0,0.0,0,
6178,control,17,1,97.9,0,4.0
6178,control,11,0,0.0,0,
6178,control,2,1,50.3,1,1.0
6179,control,16,0,0.0,0,
6179,control,21,1,179.3,1,2.0
6180,control,15,0,0.0,0,
6180,control,15,0,0.0,1,
6181,treatment,11,1,261.5,1,1.0
6181,treatment,1,1,106.3,0,2.0
6182,control,14,0,0.0,0,
6183,control,21,1,121.5,0,4.0
6183,control,19,1,269.9,0,1.0
6184,treatment,5,0,0.0,0,
6184,treatment,9,1,45.6,1,1.0
6185,treatment,4,1,132.7,1,2.0
6185,treatment,9,0,0.0,1,
6185,treatment,7,1,170.8,0,1.0
6186,control,11,0,0.0,0,
6186,control,5,0,0.0,0,
6186,control,14,0,0.0,1,
6187,control,17,0,0.0,0,
6187,control,8,1,187.7,0,1.0
6187,control,10,1,168.6,0,2.0
6188,treatment,21,0,0.0,0,
6188,treatment,7,1,126.9,1,2.0
6189,treatment,5,1,180.6,1,1.0
6189,treatment,13,0,0.0,0,
6189,treatment,2,1,228.1,1,2.0
6190,treatment,11,0,0.0,0,
6190,treatment,2,0,0.0,0,
6191,treatment,19,1,198.1,1,1.0
6192,treatment,12,0,0.0,0,
6192,treatment,12,1,150.4,0,1.0
6193,treatment,2,0,0.0,1,
6194,treatment,5,0,0.0,0,
6194,treatment,12,0,0.0,0,
6194,treatment,21,1,238.5,0,1.0
6195,control,9,0,0.0,0,
6195,control,7,0,0.0,0,
6195,control,14,0,0.0,1,
6196,treatment,17,1,206.5,0,1.0
6196,treatment,5,1,168.5,0,1.0
6197,treatment,3,1,87.9,0,3.0
6197,treatment,12,1,249.6,0,2.0
6198,control,16,0,0.0,1,
6198,control,7,0,0.0,0,
6199,treatment,19,1,175.7,0,2.0
6199,treatment,6,1,234.1,0,1.0
6200,treatment,10,1,202.8,1,3.0
6201,control,9,1,59.6,0,1.0
6201,control,7,0,0.0,1,
6201,control,12,1,107.1,1,2.0
6202,treatment,9,0,0.0,1,
6202,treatment,16,1,139.3,0,4.0
6202,treatment,5,0,0.0,0,
6203,control,7,1,126.7,0,3.0
6204,control,1,0,0.0,1,
6204,control,3,1,142.3,0,1.0
6205,control,17,1,163.8,0,3.0
6206,control,13,0,0.0,0,
6207,treatment,7,1,160.1,0,1.0
6207,treatment,2,0,0.0,0,
6207,treatment,9,1,173.1,0,2.0
6208,control,18,0,0.0,0,
6208,control,12,1,165.3,0,3.0
6208,control,18,0,0.0,0,
6209,control,13,0,0.0,0,
6209,control,8,0,0.0,0,
6210,treatment,7,1,143.6,0,1.0
6210,treatment,17,1,230.7,0,2.0
6210,treatment,6,1,212.2,0,1.0
6211,control,8,0,0.0,0,
6211,control,6,1,178.4,0,5.0
6211,control,3,1,89.4,0,1.0
6212,control,3,1,136.4,0,4.0
6212,control,19,1,137.9,0,2.0
6212,control,4,1,121.9,1,1.0
6213,control,8,0,0.0,0,
6213,control,9,1,96.8,1,4.0
6214,control,19,0,0.0,0,
6215,treatment,13,1,128.9,1,3.0
6216,control,2,1,226.0,0,4.0
6216,control,8,0,0.0,1,
6217,treatment,21,0,0.0,1,
6217,treatment,19,0,0.0,0,
6217,treatment,3,0,0.0,0,
6218,treatment,13,0,0.0,0,
6219,control,2,0,0.0,1,
6219,control,8,0,0.0,0,
6220,control,7,0,0.0,0,
6221,control,11,1,199.7,0,2.0
6221,control,21,0,0.0,0,
6222,control,21,0,0.0,1,
6223,treatment,19,0,0.0,1,
6224,treatment,6,0,0.0,0,
6224,treatment,7,0,0.0,0,
6224,treatment,2,1,118.7,0,2.0
6225,treatment,4,0,0.0,0,
6225,treatment,3,0,0.0,0,
6225,treatment,13,1,157.6,0,2.0
6226,control,3,1,281.5,1,4.0
6226,control,4,0,0.0,1,
6227,treatment,13,1,135.3,0,1.0
6227,treatment,8,1,201.1,0,2.0
6227,treatment,2,0,0.0,0,
6228,control,9,1,265.5,1,1.0
6228,control,9,0,0.0,0,
6229,control,10,0,0.0,0,
6229,control,21,1,210.5,0,1.0
6230,control,14,1,154.6,1,1.0
6230,control,4,1,132.4,0,1.0
6231,control,21,0,0.0,0,
6232,control,3,0,0.0,1,
6232,control,21,1,276.8,1,1.0
6232,control,5,1,127.6,1,4.0
6233,treatment,17,1,278.6,0,1.0
6233,treatment,14,0,0.0,0,
6233,treatment,19,1,207.2,0,1.0
6234,treatment,15,0,0.0,1,
6234,treatment,9,0,0.0,0,
6234,treatment,13,0,0.0,0,
6235,control,6,1,188.9,1,1.0
6236,treatment,13,1,216.3,0,4.0
6236,treatment,18,1,195.9,0,4.0
6236,treatment,15,0,0.0,1,
6237,control,9,0,0.0,0,
6238,control,21,0,0.0,0,
6238,control,19,0,0.0,0,
6238,control,2,0,0.0,0,
6239,control,8,0,0.0,1,
6240,treatment,12,1,280.0,0,2.0
6241,control,15,0,0.0,0,
6241,control,5,1,239.5,0,1.0
6242,control,8,0,0.0,1,
6242,control,11,0,0.0,1,
6242,control,21,0,0.0,0,
6243,treatment,20,1,130.0,0,1.0
6244,treatment,19,0,0.0,0,
6244,treatment,18,1,252.2,0,1.0
6245,treatment,3,1,234.8,0,2.0
6246,control,20,0,0.0,0,
6246,control,1,0,0.0,0,
6247,control,4,1,97.9,0,1.0
6248,treatment,9,0,0.0,1,
6248,treatment,12,0,0.0,0,
6248,treatment,7,1,188.3,1,2.0
6249,control,14,1,119.4,0,1.0
6249,control,11,0,0.0,0,
6250,treatment,21,1,297.9,1,1.0
6250,treatment,8,1,176.1,0,2.0
6250,treatment,6,1,177.4,0,1.0
6251,treatment,19,0,0.0,0,
6251,treatment,13,1,175.2,0,1.0
6251,treatment,8,1,131.1,0,1.0
6252,control,1,0,0.0,0,
6252,control,10,1,176.6,1,2.0
6253,control,15,0,0.0,1,
6253,control,21,1,216.4,1,5.0
6254,treatment,14,0,0.0,0,
6254,treatment,9,1,213.2,0,1.0
6254,treatment,15,0,0.0,0,
6255,treatment,2,0,0.0,0,
6255,treatment,8,0,0.0,0,
6255,treatment,7,1,127.9,0,3.0
6256,treatment,12,1,168.9,1,2.0
6256,treatment,1,1,276.4,1,5.0
6256,treatment,9,0,0.0,0,
6257,treatment,4,1,175.9,0,3.0
6257,treatment,11,0,0.0,1,
6258,control,1,1,203.3,1,2.0
6259,treatment,21,0,0.0,1,
6260,treatment,1,1,116.8,0,4.0
6260,treatment,16,1,33.9,1,1.0
6260,treatment,8,1,84.0,0,2.0
6261,treatment,3,0,0.0,0,
6261,treatment,15,1,145.6,0,2.0
6261,treatment,21,0,0.0,0,
6262,control,2,0,0.0,1,
6262,control,9,0,0.0,0,
6262,control,8,1,142.3,0,3.0
6263,control,10,0,0.0,0,
6263,control,1,1,87.7,0,2.0
6264,treatment,20,1,233.6,0,2.0
6264,treatment,1,0,0.0,0,
6264,treatment,1,1,149.9,1,3.0
6265,control,1,0,0.0,0,
6266,control,11,1,238.4,0,4.0
6267,control,9,0,0.0,0,
6268,treatment,3,1,191.0,0,5.0
6269,treatment,5,0,0.0,0,
6270,control,12,0,0.0,0,
6270,control,7,0,0.0,0,
6270,control,5,0,0.0,0,
6271,treatment,13,0,0.0,0,
6272,treatment,19,0,0.0,0,
6273,control,11,0,0.0,1,
6273,control,2,1,128.6,0,5.0
6274,control,8,0,0.0,0,
6274,control,11,1,159.1,0,1.0
6275,treatment,8,0,0.0,0,
6275,treatment,8,0,0.0,0,
6275,treatment,16,1,194.7,0,1.0
6276,control,8,0,0.0,1,
6276,control,13,1,110.3,0,2.0
6276,control,5,1,141.6,0,3.0
6277,treatment,20,0,0.0,1,
6278,treatment,5,0,0.0,0,
6278,treatment,14,0,0.0,0,
6278,treatment,10,1,155.6,0,2.0
6279,control,2,1,167.4,1,4.0
6280,treatment,16,1,205.9,1,1.0
6281,treatment,11,0,0.0,1,
6281,treatment,2,1,95.0,0,2.0
6281,treatment,13,0,0.0,0,
6282,control,1,0,0.0,0,
6283,control,19,0,0.0,0,
6283,control,6,1,166.9,0,2.0
6284,control,10,1,213.5,0,5.0
6285,treatment,10,1,225.4,1,3.0
6285,treatment,4,0,0.0,0,
6286,control,20,0,0.0,1,
6286,control,21,0,0.0,0,
6286,control,2,1,212.9,1,3.0
6287,control,18,0,0.0,1,
6287,control,19,0,0.0,1,
6287,control,3,0,0.0,0,
6288,control,1,1,203.1,1,1.0
6289,control,10,1,265.8,1,4.0
6289,control,20,0,0.0,0,
6289,control,15,0,0.0,0,
6290,treatment,9,1,113.1,0,1.0
6290,treatment,16,1,181.0,1,1.0
6291,treatment,1,1,210.6,1,1.0
6291,treatment,19,1,189.4,0,2.0
6291,treatment,3,1,263.4,0,2.0
6292,control,13,0,0.0,0,
6292,control,7,1,111.4,1,2.0
6292,control,11,1,201.7,0,1.0
6293,treatment,12,1,131.1,0,3.0
6293,treatment,2,0,0.0,0,
6294,control,4,1,60.9,0,1.0
6294,control,5,0,0.0,0,
6295,control,13,1,35.0,0,1.0
6295,control,2,1,183.0,0,1.0
6296,treatment,21,1,178.4,0,3.0
6296,treatment,3,1,234.4,0,2.0
6296,treatment,12,1,198.1,0,3.0
6297,treatment,12,1,91.4,0,2.0
6297,treatment,17,1,97.8,0,2.0
6298,control,8,1,165.3,0,3.0
6298,control,3,0,0.0,0,
6299,control,13,1,254.7,0,3.0
6300,treatment,3,0,0.0,0,
6301,control,20,1,173.5,0,2.0
6301,control,8,1,5.0,1,2.0
6301,control,21,1,242.6,1,1.0
6302,treatment,11,1,151.1,0,1.0
6302,treatment,8,1,9.3,0,2.0
6303,control,16,1,59.6,1,1.0
6304,control,12,0,0.0,0,
6304,control,4,0,0.0,1,
6305,treatment,18,0,0.0,0,
6305,treatment,19,1,205.6,0,1.0
6306,treatment,21,1,168.1,1,2.0
6307,treatment,16,1,151.2,0,1.0
6308,treatment,14,0,0.0,1,
6308,treatment,19,0,0.0,0,
6308,treatment,15,0,0.0,0,
6309,treatment,12,0,0.0,1,
6310,treatment,10,1,75.5,1,2.0
6311,treatment,14,1,221.3,0,4.0
6312,control,18,0,0.0,1,
6312,control,10,0,0.0,0,
6313,control,20,1,92.0,1,1.0
6313,control,6,1,116.8,1,5.0
6313,control,1,1,263.4,1,1.0
6314,control,10,0,0.0,1,
6314,control,1,1,183.4,1,1.0
6315,treatment,6,0,0.0,0,
6315,treatment,7,0,0.0,0,
6316,treatment,18,1,133.3,1,2.0
6316,treatment,12,1,197.9,0,1.0
6317,treatment,20,0,0.0,0,
6318,control,3,1,109.6,0,4.0
6318,control,14,0,0.0,1,
6318,control,11,1,250.1,1,4.0
6319,treatment,4,0,0.0,0,
6319,treatment,9,0,0.0,0,
6320,treatment,17,0,0.0,0,
6320,treatment,15,0,0.0,1,
6321,control,12,0,0.0,0,
6321,control,2,0,0.0,0,
6321,control,11,1,89.5,0,1.0
6322,treatment,2,1,183.3,0,1.0
6322,treatment,20,1,138.6,0,1.0
6323,control,4,0,0.0,0,
6324,control,1,1,141.6,0,4.0
6325,treatment,18,1,162.7,1,2.0
6325,treatment,16,0,0.0,0,
6325,treatment,5,0,0.0,1,
6326,treatment,6,0,0.0,0,
6326,treatment,20,0,0.0,0,
6327,treatment,12,0,0.0,0,
6327,treatment,10,1,195.0,0,1.0
6328,control,4,0,0.0,0,
6328,control,20,1,100.1,0,1.0
6328,control,17,1,102.2,0,3.0
6329,control,9,0,0.0,0,
6330,control,4,1,168.9,0,3.0
6330,control,21,1,5.0,1,2.0
6330,control,11,1,103.3,1,3.0
6331,treatment,5,1,120.5,0,1.0
6331,treatment,12,1,304.9,1,1.0
6332,treatment,17,1,80.0,0,1.0
6333,treatment,3,1,136.3,0,1.0
6334,treatment,20,1,162.7,0,2.0
6334,treatment,3,0,0.0,0,
6335,control,17,0,0.0,0,
6335,control,5,0,0.0,0,
6336,control,16,0,0.0,1,
6336,control,9,1,159.5,0,2.0
6336,control,13,1,47.9,1,3.0
6337,control,20,0,0.0,0,
6337,control,16,1,153.2,1,2.0
6338,control,17,1,44.6,1,1.0
6338,control,9,1,64.5,0,2.0
6338,control,18,1,180.2,0,1.0
6339,treatment,6,1,249.2,0,4.0
6339,treatment,15,1,300.2,0,2.0
6339,treatment,2,0,0.0,0,
6340,treatment,5,1,167.8,0,1.0
6340,treatment,12,1,104.0,0,2.0
6340,treatment,12,1,101.4,0,2.0
6341,treatment,2,0,0.0,0,
6342,control,19,0,0.0,1,
6342,control,15,1,211.3,1,1.0
6343,control,19,1,99.7,0,2.0
6344,treatment,13,0,0.0,0,
6344,treatment,6,1,159.9,0,1.0
6344,treatment,15,0,0.0,0,
6345,treatment,21,0,0.0,0,
6345,treatment,17,1,125.3,0,3.0
6345,treatment,20,1,169.1,1,1.0
6346,control,3,0,0.0,0,
6346,control,18,1,62.9,0,4.0
6347,treatment,17,0,0.0,1,
6347,treatment,16,0,0.0,0,
6347,treatment,13,1,268.7,0,3.0
6348,control,12,0,0.0,0,
6349,control,14,1,160.2,0,2.0
6349,control,10,0,0.0,0,
6350,control,2,1,163.0,1,1.0
6351,treatment,7,0,0.0,0,
6351,treatment,6,1,114.6,1,1.0
6352,treatment,14,1,190.3,0,1.0
6353,control,12,0,0.0,0,
6354,treatment,11,1,221.6,0,1.0
6355,control,12,0,0.0,0,
6356,control,8,1,189.4,0,5.0
6356,control,10,0,0.0,0,
6356,control,11,0,0.0,0,
6357,control,11,1,208.1,1,5.0
6357,control,16,1,226.5,0,1.0
6357,control,21,1,129.8,0,2.0
6358,control,6,0,0.0,0,
6358,control,11,0,0.0,1,
6359,treatment,13,1,281.9,0,1.0
6360,control,5,1,52.4,1,1.0
6361,control,15,0,0.0,0,
6362,treatment,12,0,0.0,0,
6362,treatment,15,1,164.9,1,2.0
6362,treatment,14,1,245.1,0,2.0
6363,control,13,1,192.1,1,1.0
6364,control,15,1,157.9,1,2.0
6365,treatment,17,1,150.1,0,1.0
6366,treatment,12,1,211.1,0,1.0
6366,treatment,7,0,0.0,0,
6367,treatment,2,1,220.6,0,2.0
6367,treatment,1,1,153.7,0,1.0
6368,control,17,1,225.9,0,1.0
6369,treatment,15,1,137.9,0,2.0
6369,treatment,1,0,0.0,0,
6369,treatment,4,1,138.6,0,1.0
6370,treatment,9,0,0.0,0,
6371,control,10,0,0.0,0,
6372,control,8,0,0.0,0,
6373,control,3,1,161.7,1,2.0
6373,control,21,1,114.2,1,1.0
6374,control,11,1,113.5,1,1.0
6374,control,19,0,0.0,1,
6375,control,2,0,0.0,0,
6376,treatment,4,1,159.3,0,2.0
6376,treatment,9,0,0.0,0,
6376,treatment,4,1,219.1,0,2.0
6377,treatment,10,0,0.0,1,
6378,treatment,7,1,151.2,0,2.0
6378,treatment,19,1,185.7,0,1.0
6378,treatment,3,0,0.0,0,
6379,control,15,0,0.0,1,
6380,control,5,1,56.2,1,4.0
6380,control,20,1,175.1,0,1.0
6380,control,20,1,112.0,1,1.0
6381,control,5,0,0.0,1,
6381,control,1,1,105.6,0,4.0
6381,control,5,0,0.0,0,
6382,treatment,20,1,200.3,1,3.0
6382,treatment,11,1,163.4,1,1.0
6382,treatment,3,0,0.0,0,
6383,treatment,1,1,273.2,0,2.0
6383,treatment,3,0,0.0,1,
6383,treatment,3,1,139.5,0,2.0
6384,control,5,0,0.0,1,
6384,control,10,1,73.5,0,3.0
6384,control,15,0,0.0,1,
6385,treatment,4,0,0.0,0,
6385,treatment,7,0,0.0,0,
6386,control,4,0,0.0,1,
6386,control,13,1,170.7,1,3.0
6387,treatment,18,0,0.0,0,
6387,treatment,15,0,0.0,1,
6388,treatment,18,0,0.0,1,
6389,treatment,17,0,0.0,1,
6390,control,5,0,0.0,0,
6391,treatment,18,0,0.0,1,
6391,treatment,7,1,97.1,1,1.0
6392,treatment,15,0,0.0,0,
6393,control,14,1,147.0,1,1.0
6394,treatment,9,1,298.5,0,4.0
6395,control,10,0,0.0,0,
6395,control,3,1,145.2,0,1.0
6396,control,3,1,82.3,0,1.0
6396,control,6,1,105.8,0,4.0
6397,control,18,1,142.5,0,1.0
6398,control,17,0,0.0,0,
6398,control,19,1,94.0,1,3.0
6399,control,21,1,63.2,0,2.0
6400,treatment,2,0,0.0,0,
6400,treatment,15,1,187.7,1,1.0
6401,control,4,1,240.6,1,3.0
6401,control,7,1,176.0,0,1.0
6402,control,7,1,41.6,0,3.0
6403,control,2,0,0.0,1,
6403,control,10,1,112.7,1,4.0
6404,control,3,0,0.0,1,
6405,treatment,9,0,0.0,0,
6406,control,1,1,73.3,0,5.0
6407,treatment,3,0,0.0,0,
6408,control,15,1,139.9,0,5.0
6408,control,4,0,0.0,0,
6408,control,11,0,0.0,0,
6409,treatment,19,1,160.0,0,1.0
6410,control,20,0,0.0,1,
6410,control,6,0,0.0,0,
6411,control,21,0,0.0,0,
6411,control,14,1,129.1,0,2.0
6412,treatment,11,1,245.8,0,4.0
6413,control,18,1,122.1,0,4.0
6413,control,3,0,0.0,0,
6413,control,5,1,159.4,1,3.0
6414,treatment,10,1,117.1,0,1.0
6415,control,6,1,167.3,0,4.0
6416,treatment,16,1,296.4,1,1.0
6416,treatment,21,0,0.0,0,
6417,control,12,0,0.0,0,
6417,control,7,0,0.0,0,
6418,control,5,0,0.0,0,
6419,treatment,10,1,246.2,1,1.0
6419,treatment,17,0,0.0,1,
6420,control,3,1,106.9,0,2.0
6420,control,18,1,134.9,0,1.0
6421,control,1,0,0.0,0,
6422,control,13,1,76.4,1,1.0
6422,control,5,0,0.0,1,
6422,control,8,1,183.9,0,1.0
6423,control,11,1,165.0,0,2.0
6424,control,20,1,194.1,0,3.0
6425,control,2,0,0.0,0,
6426,treatment,13,1,166.4,0,1.0
6426,treatment,10,0,0.0,0,
6426,treatment,4,1,285.0,0,1.0
6427,treatment,7,1,176.2,1,1.0
6427,treatment,2,1,118.0,0,3.0
6428,treatment,1,1,133.0,0,1.0
6428,treatment,10,1,226.3,0,1.0
6429,control,20,0,0.0,1,
6429,control,11,1,211.5,0,1.0
6430,treatment,2,1,165.8,1,1.0
6431,control,17,0,0.0,0,
6432,control,16,0,0.0,0,
6432,control,15,1,188.7,0,1.0
6432,control,16,1,212.2,1,1.0
6433,control,9,0,0.0,0,
6433,control,15,1,117.0,1,5.0
6433,control,5,0,0.0,0,
6434,control,11,0,0.0,0,
6434,control,20,0,0.0,0,
6434,control,2,1,63.6,1,3.0
6435,treatment,13,1,176.1,0,1.0
6435,treatment,21,0,0.0,0,
6435,treatment,6,0,0.0,1,
6436,control,17,0,0.0,0,
6436,control,20,1,146.9,0,2.0
6437,treatment,6,1,166.8,0,1.0
6438,control,18,0,0.0,0,
6438,control,7,1,60.2,1,2.0
6439,treatment,9,1,169.4,1,1.0
6439,treatment,18,1,159.2,0,2.0
6439,treatment,18,0,0.0,0,
6440,treatment,9,0,0.0,1,
6440,treatment,1,1,105.1,1,4.0
6441,treatment,15,1,159.9,0,1.0
6442,treatment,14,0,0.0,0,
6442,treatment,17,1,112.4,0,4.0
6443,treatment,12,1,268.0,0,1.0
6443,treatment,2,1,179.5,0,2.0
6443,treatment,8,1,147.4,1,2.0
6444,treatment,21,1,190.6,0,4.0
6445,control,4,1,154.3,0,3.0
6445,control,12,0,0.0,1,
6445,control,6,1,177.7,0,2.0
6446,treatment,6,1,238.7,0,1.0
6446,treatment,15,1,156.6,0,1.0
6447,control,15,0,0.0,0,
6447,control,8,0,0.0,0,
6448,treatment,6,0,0.0,0,
6448,treatment,18,1,62.8,1,1.0
6449,control,15,0,0.0,0,
6449,control,19,1,94.9,1,1.0
6450,treatment,20,0,0.0,0,
6451,treatment,8,1,228.5,0,2.0
6451,treatment,14,0,0.0,0,
6451,treatment,15,1,259.5,0,2.0
6452,control,4,1,35.7,0,1.0
6452,control,2,1,221.4,1,2.0
6453,treatment,17,0,0.0,1,
6453,treatment,14,0,0.0,0,
6454,treatment,20,0,0.0,1,
6455,treatment,3,1,174.2,1,1.0
6455,treatment,16,1,164.7,1,2.0
6455,treatment,13,1,156.7,0,1.0
6456,control,4,1,140.6,0,5.0
6456,control,11,1,127.2,0,5.0
6457,treatment,13,1,181.0,0,1.0
6457,treatment,6,1,155.7,1,1.0
6458,control,13,0,0.0,0,
6459,treatment,7,0,0.0,0,
6459,treatment,9,0,0.0,1,
6460,treatment,17,1,213.4,0,2.0
6460,treatment,7,1,270.8,0,1.0
6461,control,3,0,0.0,1,
6462,treatment,5,0,0.0,0,
6463,treatment,10,1,219.5,0,2.0
6463,treatment,3,1,212.6,0,2.0
6464,control,1,0,0.0,0,
6464,control,12,1,100.1,0,3.0
6465,treatment,10,0,0.0,1,
6465,treatment,9,1,133.2,0,1.0
6465,treatment,13,1,100.5,0,3.0
6466,control,12,0,0.0,0,
6466,control,15,1,143.4,1,3.0
6466,control,11,1,30.5,1,5.0
6467,control,20,0,0.0,0,
6467,control,19,1,60.0,0,4.0
6468,control,5,0,0.0,0,
6468,control,5,0,0.0,1,
6468,control,14,1,163.6,1,2.0
6469,treatment,2,1,148.5,0,1.0
6470,control,2,0,0.0,0,
6470,control,1,0,0.0,1,
6470,control,16,1,5.0,0,1.0
6471,control,15,0,0.0,1,
6471,control,17,1,72.6,0,4.0
6472,treatment,4,1,126.8,0,1.0
6472,treatment,16,0,0.0,1,
6472,treatment,3,1,158.6,1,1.0
6473,control,4,0,0.0,0,
6473,control,12,1,212.8,0,1.0
6474,treatment,4,1,285.1,0,2.0
6475,treatment,8,0,0.0,0,
6476,treatment,5,0,0.0,0,
6477,treatment,20,0,0.0,0,
6478,control,16,0,0.0,1,
6479,control,3,1,112.1,0,5.0
6479,control,3,0,0.0,0,
6479,control,16,1,144.9,0,4.0
6480,control,20,0,0.0,1,
6481,control,19,1,206.6,1,1.0
6482,control,4,0,0.0,1,
6482,control,12,1,105.2,0,3.0
6483,treatment,7,1,133.7,0,2.0
6483,treatment,6,1,233.3,0,1.0
6483,treatment,2,0,0.0,0,
6484,control,5,0,0.0,0,
6484,control,21,1,235.6,0,1.0
6485,control,6,1,185.4,0,2.0
6486,control,19,1,74.3,1,3.0
6486,control,9,0,0.0,0,
6487,treatment,4,1,129.7,0,3.0
6488,treatment,16,1,263.9,1,1.0
6488,treatment,12,0,0.0,0,
6489,control,12,1,177.1,0,3.0
6490,treatment,12,0,0.0,1,
6490,treatment,1,1,112.0,0,1.0
6490,treatment,20,0,0.0,0,
6491,control,17,1,234.9,0,5.0
6491,control,13,1,213.4,0,2.0
6491,control,8,1,174.4,0,2.0
6492,control,4,1,173.3,1,4.0
6492,control,3,1,184.5,0,2.0
6492,control,19,1,231.0,1,3.0
6493,treatment,9,0,0.0,0,
6493,treatment,9,0,0.0,1,
6493,treatment,18,0,0.0,1,
6494,treatment,19,0,0.0,0,
6494,treatment,17,1,230.3,0,1.0
6495,control,17,1,201.5,1,2.0
6495,control,13,1,167.7,0,1.0
6496,control,18,0,0.0,0,
6496,control,9,1,155.7,0,2.0
6497,treatment,7,1,248.1,0,2.0
6497,treatment,17,1,341.7,1,3.0
6497,treatment,19,0,0.0,0,
6498,control,2,1,99.2,0,1.0
6498,control,2,1,215.8,1,5.0
6498,control,16,1,200.0,1,1.0
6499,treatment,8,0,0.0,0,
6499,treatment,3,0,0.0,0,
6500,control,4,0,0.0,0,
6500,control,19,0,0.0,0,
6501,treatment,3,0,0.0,1,
6501,treatment,16,1,107.9,0,1.0
6501,treatment,14,1,129.5,0,1.0
6502,control,4,1,142.8,0,3.0
6503,control,16,1,68.1,0,2.0
6504,treatment,15,1,122.1,0,1.0
6505,control,7,1,184.8,0,1.0
6505,control,3,0,0.0,0,
6505,control,2,0,0.0,0,
6506,control,12,1,170.1,1,3.0
6507,treatment,1,1,200.7,0,2.0
6508,control,10,0,0.0,1,
6508,control,4,1,101.1,0,1.0
6509,control,15,0,0.0,0,
6509,control,11,1,166.8,0,4.0
6510,control,12,0,0.0,0,
6510,control,1,1,138.9,1,3.0
6511,treatment,20,1,149.0,0,1.0
6511,treatment,13,1,149.3,0,1.0
6512,treatment,19,1,222.5,0,3.0
6512,treatment,6,0,0.0,0,
6513,treatment,14,1,223.9,0,3.0
6513,treatment,6,0,0.0,0,
6513,treatment,18,0,0.0,1,
6514,control,9,1,191.8,0,2.0
6514,control,18,1,24.1,0,1.0
6514,control,15,0,0.0,0,
6515,control,13,0,0.0,0,
6516,control,19,0,0.0,0,
6516,control,21,1,173.9,0,1.0
6517,control,19,0,0.0,1,
6517,control,15,1,98.9,1,1.0
6517,control,13,1,228.1,0,1.0
6518,treatment,6,1,199.7,0,1.0
6519,control,7,1,80.0,1,5.0
6519,control,1,1,76.3,0,3.0
6519,control,17,1,79.1,0,3.0
6520,control,9,1,136.6,0,2.0
6520,control,11,1,91.6,1,1.0
6520,control,4,0,0.0,0,
6521,control,4,0,0.0,1,
6521,control,20,0,0.0,0,
6521,control,12,1,13.8,0,1.0
6522,treatment,3,0,0.0,1,
6522,treatment,21,1,140.0,0,2.0
6523,control,6,0,0.0,0,
6523,control,12,1,176.8,1,3.0
6524,control,21,0,0.0,0,
6524,control,9,0,0.0,0,
6524,control,4,1,72.9,0,4.0
6525,control,10,1,160.2,0,1.0
6525,control,5,1,141.7,0,3.0
6526,control,2,1,98.5,1,5.0
6526,control,6,1,127.9,1,5.0
6526,control,13,0,0.0,0,
6527,control,7,1,204.2,0,1.0
6527,control,11,1,120.1,0,5.0
6528,treatment,15,1,264.3,0,1.0
6528,treatment,4,0,0.0,0,
6529,control,4,1,219.4,0,2.0
6530,control,20,0,0.0,0,
6530,control,15,0,0.0,0,
6531,control,16,1,204.5,1,1.0
6531,control,16,1,61.9,0,1.0
6532,control,1,1,134.3,0,1.0
6532,control,19,1,169.0,0,1.0
6533,control,11,0,0.0,0,
6534,control,6,0,0.0,1,
6534,control,10,1,83.4,1,1.0
6534,control,7,0,0.0,0,
6535,control,20,0,0.0,0,
6535,control,14,0,0.0,1,
6535,control,17,0,0.0,0,
6536,control,14,0,0.0,1,
6537,control,15,0,0.0,0,
6537,control,16,0,0.0,1,
6537,control,12,1,89.3,0,1.0
6538,control,3,0,0.0,0,
6538,control,3,1,144.9,0,1.0
6539,treatment,8,1,82.8,0,1.0
6539,treatment,1,1,108.1,0,4.0
6540,treatment,18,1,100.4,0,1.0
6540,treatment,9,1,128.2,0,1.0
6540,treatment,1,1,154.2,0,1.0
6541,treatment,21,1,130.2,1,3.0
6542,treatment,17,1,158.2,1,2.0
6542,treatment,15,0,0.0,0,
6542,treatment,2,1,203.6,0,4.0
6543,control,12,1,190.5,1,1.0
6544,treatment,20,0,0.0,0,
6544,treatment,1,0,0.0,0,
6545,treatment,15,1,207.5,0,2.0
6546,control,3,1,196.5,1,2.0
6546,control,7,0,0.0,0,
6547,treatment,8,0,0.0,1,
6547,treatment,4,0,0.0,0,
6547,treatment,15,1,189.0,0,3.0
6548,treatment,3,0,0.0,0,
6549,control,10,0,0.0,0,
6549,control,1,0,0.0,1,
6549,control,12,0,0.0,0,
6550,control,9,0,0.0,0,
6550,control,14,0,0.0,1,
6551,control,10,1,93.7,1,5.0
6552,treatment,4,1,127.8,1,1.0
6553,treatment,13,1,148.1,0,1.0
6554,control,3,1,230.1,0,5.0
6554,control,8,0,0.0,0,
6554,control,19,1,205.6,0,2.0
6555,control,5,1,159.1,1,1.0
6555,control,8,0,0.0,1,
6556,treatment,15,0,0.0,0,
6556,treatment,21,1,116.9,1,1.0
6557,control,4,1,177.6,0,3.0
6557,control,15,0,0.0,0,
6558,treatment,10,1,196.2,0,1.0
6558,treatment,5,1,64.5,1,1.0
6559,control,12,1,92.8,0,5.0
6559,control,14,0,0.0,0,
6559,control,8,0,0.0,0,
6560,control,4,1,120.1,1,4.0
6561,treatment,15,1,153.2,0,2.0
6562,control,18,1,173.8,1,1.0
6562,control,5,1,194.8,1,2.0
6562,control,5,1,181.5,0,4.0
6563,control,6,1,127.7,0,3.0
6564,control,18,0,0.0,1,
6564,control,3,1,172.2,1,3.0
6564,control,10,1,19.6,0,3.0
6565,treatment,12,1,69.8,0,1.0
6566,control,4,1,66.5,0,1.0
6566,control,18,0,0.0,0,
6566,control,18,0,0.0,0,
6567,control,4,1,162.6,0,1.0
6567,control,9,0,0.0,0,
6568,control,18,1,238.3,0,1.0
6569,control,8,1,67.3,0,1.0
6570,control,4,0,0.0,0,
6570,control,10,1,103.3,0,2.0
6571,control,9,1,143.1,0,3.0
6571,control,4,1,201.5,1,1.0
6571,control,9,0,0.0,0,
6572,treatment,5,0,0.0,0,
6573,treatment,10,0,0.0,0,
6574,control,13,0,0.0,0,
6574,control,18,1,153.9,1,3.0
6575,treatment,11,1,206.3,1,4.0
6575,treatment,17,0,0.0,1,
6575,treatment,19,0,0.0,0,
6576,treatment,11,1,140.2,1,5.0
6577,control,9,1,157.1,0,1.0
6577,control,5,0,0.0,0,
6577,control,3,0,0.0,0,
6578,treatment,11,1,284.0,0,2.0
6578,treatment,3,1,269.6,0,2.0
6579,treatment,6,1,97.9,1,2.0
6579,treatment,17,0,0.0,1,
6579,treatment,18,1,142.1,0,1.0
6580,treatment,18,0,0.0,0,
6580,treatment,2,0,0.0,0,
6580,treatment,4,0,0.0,0,
6581,treatment,13,1,212.1,0,2.0
6581,treatment,1,1,67.1,0,5.0
6582,treatment,20,1,233.8,0,1.0
6583,treatment,3,0,0.0,1,
6583,treatment,3,0,0.0,0,
6583,treatment,5,1,170.4,0,2.0
6584,treatment,11,0,0.0,0,
6585,treatment,3,0,0.0,0,
6585,treatment,17,1,155.9,0,5.0
6585,treatment,2,0,0.0,0,
6586,control,8,0,0.0,0,
6586,control,2,0,0.0,1,
6586,control,17,0,0.0,1,
6587,control,10,0,0.0,0,
6588,treatment,19,0,0.0,0,
6589,treatment,10,1,219.6,0,1.0
6589,treatment,5,0,0.0,0,
6590,control,8,0,0.0,0,
6591,treatment,18,1,148.4,0,1.0
6591,treatment,3,1,214.7,1,1.0
6592,treatment,1,0,0.0,0,
6592,treatment,18,1,92.2,0,5.0
6592,treatment,17,1,272.8,1,3.0
6593,control,14,0,0.0,0,
6593,control,14,0,0.0,0,
6594,control,9,0,0.0,1,
6594,control,11,0,0.0,0,
6595,control,14,0,0.0,1,
6596,treatment,8,0,0.0,1,
6596,treatment,7,1,195.1,0,1.0
6597,treatment,14,0,0.0,0,
6597,treatment,18,1,187.1,0,1.0
6597,treatment,5,0,0.0,0,
6598,control,1,1,145.7,0,5.0
6598,control,13,0,0.0,1,
6599,control,9,0,0.0,0,
6599,control,9,0,0.0,1,
6600,treatment,5,0,0.0,0,
6600,treatment,3,1,257.9,0,1.0
6600,treatment,7,1,85.5,1,1.0
6601,control,6,0,0.0,1,
6601,control,14,1,101.5,1,3.0
6602,treatment,17,1,108.7,1,2.0
6602,treatment,7,1,167.0,0,1.0
6603,treatment,7,1,136.4,0,1.0
6604,control,10,1,171.7,1,4.0
6604,control,14,0,0.0,1,
6605,control,7,0,0.0,0,
6605,control,15,0,0.0,0,
6606,treatment,13,1,331.6,0,1.0
6606,treatment,3,0,0.0,0,
6606,treatment,5,0,0.0,1,
6607,control,18,1,113.4,0,3.0
6607,control,4,1,237.0,0,2.0
6607,control,5,0,0.0,0,
6608,control,4,1,111.5,1,2.0
6609,control,8,0,0.0,0,
6609,control,15,0,0.0,0,
6610,control,2,1,111.3,1,2.0
6610,control,12,0,0.0,1,
6611,treatment,13,1,236.6,0,1.0
6611,treatment,12,1,238.5,0,2.0
6612,treatment,4,1,151.6,0,5.0
6613,treatment,11,1,247.8,0,1.0
6613,treatment,15,1,227.5,0,4.0
6614,treatment,3,0,0.0,0,
6614,treatment,20,1,235.8,1,1.0
6615,control,20,0,0.0,0,
6615,control,21,1,115.4,1,2.0
6616,control,11,0,0.0,0,
6617,treatment,13,1,169.4,0,1.0
6617,treatment,13,0,0.0,0,
6618,treatment,12,1,170.1,1,1.0
6618,treatment,4,0,0.0,0,
6619,control,4,0,0.0,1,
6620,treatment,15,1,122.7,1,1.0
6620,treatment,6,0,0.0,1,
6620,treatment,11,0,0.0,1,
6621,treatment,21,1,216.2,0,1.0
6622,control,16,1,189.4,0,1.0
6623,treatment,14,0,0.0,1,
6623,treatment,16,0,0.0,0,
6624,control,18,0,0.0,1,
6624,control,12,0,0.0,1,
6625,control,19,0,0.0,0,
6625,control,18,0,0.0,1,
6625,control,14,0,0.0,1,
6626,treatment,16,0,0.0,0,
6626,treatment,13,1,108.9,1,5.0
6627,control,13,0,0.0,0,
6627,control,12,1,164.0,1,5.0
6628,treatment,19,0,0.0,0,
6629,control,20,1,122.2,0,4.0
6629,control,11,1,194.1,1,4.0
6629,control,17,1,80.1,0,1.0
6630,treatment,5,0,0.0,0,
6630,treatment,15,1,210.6,0,1.0
6630,treatment,13,0,0.0,0,
6631,treatment,9,0,0.0,1,
6631,treatment,1,1,219.3,0,1.0
6632,treatment,21,1,290.3,1,1.0
6632,treatment,9,0,0.0,0,
6633,control,21,1,140.9,0,5.0
6634,control,19,0,0.0,1,
6635,treatment,9,1,157.9,0,5.0
6635,treatment,5,0,0.0,0,
6636,control,15,1,104.7,1,2.0
6636,control,8,0,0.0,0,
6637,treatment,21,0,0.0,1,
6637,treatment,13,0,0.0,0,
6638,treatment,15,0,0.0,0,
6638,treatment,12,1,98.9,1,5.0
6639,control,18,1,196.2,1,1.0
6639,control,8,1,122.9,1,3.0
6640,treatment,10,1,225.1,0,1.0
6640,treatment,20,1,177.1,0,1.0
6640,treatment,1,1,208.6,0,1.0
6641,control,9,0,0.0,0,
6641,control,8,1,82.9,0,4.0
6642,treatment,1,0,0.0,1,
6643,control,18,0,0.0,0,
6644,treatment,2,0,0.0,0,
6644,treatment,21,1,109.7,1,4.0
6644,treatment,17,0,0.0,0,
6645,treatment,19,0,0.0,0,
6645,treatment,9,0,0.0,0,
6645,treatment,8,1,281.7,0,2.0
6646,control,15,1,206.1,0,1.0
6647,treatment,19,0,0.0,0,
6647,treatment,13,0,0.0,1,
6647,treatment,10,0,0.0,0,
6648,treatment,2,0,0.0,0,
6649,control,20,1,261.9,0,2.0
6649,control,16,1,126.9,0,1.0
6650,treatment,14,1,159.0,0,2.0
6650,treatment,6,1,183.7,0,4.0
6650,treatment,4,1,234.7,0,2.0
6651,control,17,1,201.8,0,2.0
6652,treatment,2,0,0.0,0,
6652,treatment,11,1,231.2,0,4.0
6652,treatment,2,1,169.3,0,1.0
6653,control,11,1,287.7,0,1.0
6653,control,21,1,236.1,0,2.0
6654,treatment,1,0,0.0,0,
6654,treatment,12,1,151.4,0,1.0
6654,treatment,17,1,131.7,0,2.0
6655,treatment,3,1,157.5,0,5.0
6655,treatment,12,0,0.0,0,
6656,treatment,2,0,0.0,0,
6656,treatment,1,1,130.3,0,1.0
6657,control,8,0,0.0,0,
6658,control,5,0,0.0,0,
6658,control,4,1,267.0,1,1.0
6659,control,5,1,135.9,0,1.0
6659,control,4,1,226.5,1,1.0
6659,control,2,0,0.0,0,
6660,control,20,1,244.5,0,1.0
6660,control,4,1,200.3,0,1.0
6660,control,18,1,181.8,0,1.0
6661,treatment,5,0,0.0,1,
6661,treatment,19,1,128.4,1,1.0
6662,treatment,13,0,0.0,1,
6662,treatment,15,1,252.8,0,2.0
6662,treatment,3,1,212.2,0,1.0
6663,control,18,0,0.0,0,
6663,control,18,0,0.0,1,
6664,control,17,1,76.7,0,1.0
6665,control,4,1,229.4,0,2.0
6665,control,7,0,0.0,0,
6665,control,8,0,0.0,1,
6666,treatment,14,1,142.6,0,1.0
6667,control,11,1,15.8,0,3.0
6667,control,16,1,185.0,1,1.0
6668,control,1,1,147.6,0,1.0
6668,control,11,0,0.0,0,
6669,treatment,7,0,0.0,1,
6669,treatment,21,1,184.4,0,4.0
6670,treatment,3,0,0.0,0,
6670,treatment,20,1,192.8,0,1.0
6670,treatment,10,0,0.0,0,
6671,control,16,1,211.6,1,1.0
6671,control,15,0,0.0,1,
6672,treatment,19,1,128.6,0,2.0
6672,treatment,20,0,0.0,0,
6673,control,18,0,0.0,1,
6673,control,20,0,0.0,0,
6673,control,2,0,0.0,1,
6674,treatment,12,1,170.9,0,2.0
6674,treatment,5,0,0.0,0,
6674,treatment,21,1,126.3,0,1.0
6675,control,3,0,0.0,0,
6676,control,9,1,189.7,0,1.0
6676,control,16,1,204.5,0,1.0
6676,control,19,1,104.6,0,2.0
6677,control,16,0,0.0,0,
6677,control,20,0,0.0,0,
6677,control,13,0,0.0,0,
6678,control,16,1,166.3,1,2.0
6678,control,19,0,0.0,0,
6679,treatment,7,1,141.9,0,3.0
6680,treatment,17,0,0.0,1,
6680,treatment,6,0,0.0,0,
6681,treatment,2,0,0.0,0,
6681,treatment,20,1,160.1,1,1.0
6681,treatment,8,1,122.8,0,2.0
6682,treatment,15,0,0.0,0,
6683,control,20,0,0.0,0,
6683,control,20,1,243.6,0,3.0
6684,control,13,1,135.9,1,1.0
6684,control,18,0,0.0,0,
6685,treatment,1,1,297.5,0,1.0
6685,treatment,7,0,0.0,0,
6685,treatment,21,1,161.9,0,1.0
6686,treatment,5,1,183.7,1,1.0
6687,treatment,19,0,0.0,0,
6688,treatment,18,0,0.0,0,
6689,treatment,21,1,186.8,0,4.0
6690,control,19,0,0.0,0,
6690,control,11,1,235.8,0,5.0
6690,control,19,1,108.2,0,1.0
6691,control,15,0,0.0,0,
6692,control,3,0,0.0,1,
6693,treatment,20,0,0.0,0,
6693,treatment,3,0,0.0,0,
6694,treatment,19,1,88.4,0,5.0
6694,treatment,9,1,287.1,0,3.0
6695,treatment,8,0,0.0,0,
6696,treatment,14,0,0.0,0,
6696,treatment,10,0,0.0,0,
6697,control,15,0,0.0,0,
6698,control,20,0,0.0,1,
6698,control,4,1,170.0,0,1.0
6699,treatment,16,0,0.0,0,
6699,treatment,15,0,0.0,0,
6700,control,13,0,0.0,0,
6700,control,1,1,294.9,1,3.0
6700,control,21,1,111.8,0,1.0
6701,control,13,0,0.0,0,
6701,control,14,0,0.0,0,
6701,control,6,1,69.6,0,1.0
6702,treatment,16,0,0.0,0,
6702,treatment,4,0,0.0,0,
6703,treatment,10,0,0.0,1,
6703,treatment,5,0,0.0,0,
6704,treatment,19,0,0.0,1,
6705,treatment,17,0,0.0,0,
6705,treatment,7,0,0.0,0,
6706,treatment,5,1,199.2,0,4.0
6706,treatment,11,1,139.6,1,3.0
6706,treatment,18,0,0.0,1,
6707,treatment,15,1,230.7,0,1.0
6708,control,11,1,146.6,1,2.0
6708,control,16,1,199.6,1,1.0
6709,control,10,1,200.3,0,4.0
6709,control,10,0,0.0,0,
6709,control,19,0,0.0,1,
6710,treatment,21,0,0.0,0,
6711,control,4,0,0.0,1,
6712,treatment,8,1,198.8,0,2.0
6712,treatment,17,1,234.3,0,1.0
6712,treatment,5,0,0.0,1,
6713,treatment,16,1,277.9,0,2.0
6713,treatment,10,1,237.2,0,4.0
6714,treatment,8,1,133.5,0,1.0
6715,treatment,17,1,205.3,0,1.0
6715,treatment,2,1,167.0,0,2.0
6716,control,6,1,209.3,1,5.0
6716,control,2,1,121.6,0,2.0
6716,control,20,0,0.0,0,
6717,treatment,13,1,291.8,0,1.0
6717,treatment,1,1,153.4,0,2.0
6718,control,1,1,191.3,1,1.0
6718,control,6,1,185.5,0,4.0
6718,control,1,1,95.8,0,2.0
6719,treatment,11,0,0.0,1,
6719,treatment,4,1,265.7,0,4.0
6720,treatment,5,0,0.0,0,
6720,treatment,5,0,0.0,1,
6721,treatment,8,0,0.0,0,
6721,treatment,6,1,174.3,0,1.0
6722,control,10,1,233.6,1,1.0
6722,control,19,0,0.0,1,
6722,control,13,0,0.0,0,
6723,treatment,9,1,207.4,0,1.0
6723,treatment,17,0,0.0,0,
6724,treatment,8,0,0.0,0,
6725,treatment,1,0,0.0,0,
6725,treatment,17,0,0.0,1,
6725,treatment,15,1,176.0,1,3.0
6726,control,5,1,5.0,1,2.0
6726,control,6,0,0.0,1,
6727,control,19,1,42.3,1,2.0
6728,control,14,0,0.0,0,
6728,control,21,1,224.6,0,3.0
6728,control,4,1,44.9,0,1.0
6729,treatment,10,0,0.0,0,
6730,control,3,0,0.0,1,
6730,control,8,1,173.5,1,3.0
6730,control,14,1,132.9,1,3.0
6731,treatment,14,1,168.9,0,3.0
6732,control,18,0,0.0,0,
6732,control,13,1,125.8,0,3.0
6733,control,16,0,0.0,0,
6733,control,9,1,171.3,1,2.0
6733,control,15,0,0.0,0,
6734,treatment,16,1,204.4,0,1.0
6735,control,12,0,0.0,1,
6735,control,12,0,0.0,1,
6735,control,15,0,0.0,1,
6736,treatment,14,0,0.0,1,
6736,treatment,7,0,0.0,0,
6737,treatment,8,1,169.1,1,1.0
6737,treatment,3,0,0.0,0,
6738,control,7,0,0.0,0,
6738,control,14,0,0.0,0,
6738,control,1,0,0.0,0,
6739,treatment,21,0,0.0,0,
6739,treatment,4,0,0.0,1,
6739,treatment,13,1,89.9,0,1.0
6740,treatment,10,1,147.7,0,3.0
6740,treatment,13,0,0.0,0,
6740,treatment,2,1,232.5,1,4.0
6741,control,14,0,0.0,1,
6741,control,6,1,196.5,0,1.0
6741,control,1,1,116.5,0,1.0
6742,control,21,1,253.7,1,1.0
6742,control,15,1,205.6,0,1.0
6743,treatment,14,0,0.0,0,
6743,treatment,16,0,0.0,0,
6744,control,4,1,243.4,0,2.0
6744,control,10,0,0.0,1,
6745,treatment,6,1,101.4,0,1.0
6745,treatment,8,1,218.0,0,1.0
6745,treatment,17,1,165.0,0,1.0
6746,treatment,3,0,0.0,0,
6746,treatment,9,1,231.9,1,2.0
6747,control,21,0,0.0,0,
6747,control,16,0,0.0,0,
6748,control,20,1,196.3,0,3.0
6749,control,2,1,167.2,0,2.0
6749,control,16,0,0.0,1,
6750,control,1,1,137.6,0,3.0
6751,treatment,21,0,0.0,1,
6751,treatment,3,1,231.2,0,2.0
6752,treatment,8,0,0.0,0,
6753,control,15,0,0.0,0,
6753,control,16,0,0.0,0,
6753,control,20,1,187.7,0,3.0
6754,control,7,0,0.0,1,
6755,treatment,9,1,139.6,1,3.0
6756,treatment,13,1,239.8,0,4.0
6756,treatment,8,1,331.8,0,1.0
6757,treatment,3,1,179.8,0,1.0
6758,treatment,14,0,0.0,0,
6758,treatment,15,1,207.2,0,1.0
6758,treatment,5,0,0.0,0,
6759,control,14,0,0.0,0,
6760,treatment,16,1,250.4,0,1.0
6761,treatment,2,0,0.0,0,
6761,treatment,2,0,0.0,0,
6762,control,11,0,0.0,0,
6762,control,16,1,113.2,0,2.0
6763,treatment,15,0,0.0,0,
6763,treatment,14,1,161.1,0,4.0
6764,treatment,20,1,235.3,1,1.0
6764,treatment,20,0,0.0,0,
6765,control,21,0,0.0,0,
6765,control,11,0,0.0,0,
6766,control,15,1,63.7,0,2.0
6766,control,4,1,166.0,0,5.0
6767,control,17,1,17.4,0,1.0
6768,treatment,5,0,0.0,1,
6768,treatment,3,0,0.0,0,
6768,treatment,5,1,259.9,0,1.0
6769,treatment,14,1,154.8,1,1.0
6770,control,6,1,143.0,0,1.0
6770,control,2,0,0.0,0,
6771,control,7,1,217.0,0,1.0
6771,control,5,1,182.7,1,1.0
6771,control,12,1,141.9,0,1.0
6772,treatment,9,1,191.6,0,1.0
6772,treatment,10,0,0.0,0,
6772,treatment,3,0,0.0,1,
6773,control,2,0,0.0,0,
6773,control,16,0,0.0,1,
6774,control,8,0,0.0,0,
6775,control,4,0,0.0,0,
6775,control,3,1,119.4,0,1.0
6775,control,11,0,0.0,1,
6776,treatment,2,1,152.0,0,5.0
6777,treatment,19,1,264.9,0,1.0
6777,treatment,12,1,153.1,0,2.0
6778,treatment,4,1,155.0,1,1.0
6778,treatment,11,1,160.1,0,1.0
6779,treatment,21,0,0.0,1,
6780,treatment,2,1,234.9,0,1.0
6781,treatment,7,1,252.5,0,1.0
6781,treatment,14,0,0.0,0,
6782,control,11,0,0.0,0,
6783,treatment,21,0,0.0,0,
6783,treatment,2,1,195.4,0,2.0
6783,treatment,16,1,155.1,1,1.0
6784,treatment,7,0,0.0,0,
6784,treatment,1,0,0.0,0,
6785,control,9,1,91.6,1,1.0
6785,control,20,0,0.0,1,
6786,treatment,13,0,0.0,0,
6787,treatment,21,0,0.0,0,
6787,treatment,10,0,0.0,0,
6787,treatment,13,1,159.4,0,2.0
6788,control,7,0,0.0,0,
6789,control,8,0,0.0,0,
6790,control,21,1,185.3,1,1.0
6790,control,12,1,125.8,0,3.0
6790,control,3,1,274.4,1,3.0
6791,treatment,5,1,288.8,0,3.0
6792,control,7,0,0.0,1,
6792,control,18,1,153.9,0,1.0
6793,treatment,17,0,0.0,0,
6793,treatment,16,0,0.0,1,
6794,treatment,10,1,198.8,0,2.0
6794,treatment,14,1,214.3,1,1.0
6794,treatment,2,1,226.7,1,2.0
6795,treatment,18,0,0.0,1,
6795,treatment,4,0,0.0,1,
6795,treatment,11,1,303.1,0,4.0
6796,treatment,15,0,0.0,0,
6796,treatment,21,0,0.0,0,
6797,control,16,0,0.0,0,
6797,control,17,0,0.0,0,
6797,control,12,1,112.5,1,4.0
6798,control,12,1,153.8,0,1.0
6798,control,8,1,151.4,0,2.0
6799,treatment,16,0,0.0,0,
6800,control,13,1,105.3,1,4.0
6800,control,5,0,0.0,1,
6800,control,12,1,222.4,0,3.0
6801,treatment,2,1,204.8,0,2.0
6801,treatment,6,0,0.0,0,
6801,treatment,14,1,163.6,0,5.0
6802,treatment,3,1,192.8,0,1.0
6803,treatment,3,1,199.9,0,1.0
6803,treatment,21,0,0.0,1,
6804,control,8,1,167.5,1,1.0
6804,control,12,0,0.0,0,
6805,treatment,10,0,0.0,1,
6805,treatment,3,0,0.0,1,
6805,treatment,5,1,207.3,0,1.0
6806,treatment,2,1,154.7,0,4.0
6806,treatment,1,1,204.2,0,3.0
6807,control,20,1,50.6,1,1.0
6807,control,9,1,138.7,1,2.0
6807,control,15,0,0.0,0,
6808,control,21,0,0.0,1,
6808,control,13,1,73.2,0,2.0
6809,control,17,1,133.2,1,1.0
6809,control,12,0,0.0,1,
6809,control,10,0,0.0,0,
6810,control,16,0,0.0,0,
6811,treatment,18,0,0.0,0,
6811,treatment,9,0,0.0,0,
6812,control,8,1,251.3,0,5.0
6812,control,10,1,132.4,0,1.0
6813,treatment,15,0,0.0,0,
6813,treatment,10,0,0.0,0,
6814,control,2,1,194.9,0,1.0
6815,control,19,1,151.2,1,1.0
6816,control,19,1,163.9,1,2.0
6816,control,14,0,0.0,0,
6816,control,2,0,0.0,0,
6817,control,19,0,0.0,0,
6817,control,18,0,0.0,0,
6818,control,16,1,171.2,1,1.0
6818,control,5,1,187.1,0,3.0
6818,control,17,1,80.9,0,2.0
6819,control,7,1,150.9,0,2.0
6820,treatment,13,1,173.4,0,3.0
6820,treatment,2,1,126.3,0,4.0
6821,control,15,1,118.7,1,4.0
6821,control,10,1,220.8,0,2.0
6821,control,9,1,89.0,0,1.0
6822,control,6,0,0.0,1,
6822,control,5,0,0.0,1,
6822,control,18,1,250.5,0,4.0
6823,control,12,0,0.0,0,
6823,control,10,1,88.4,0,1.0
6823,control,7,1,176.1,1,3.0
6824,control,9,0,0.0,0,
6824,control,16,1,164.7,0,2.0
6825,treatment,3,1,180.4,1,1.0
6825,treatment,20,1,179.3,1,3.0
6825,treatment,11,0,0.0,1,
6826,control,1,0,0.0,0,
6826,control,18,1,16.9,1,4.0
6826,control,4,1,43.4,1,1.0
6827,control,18,1,143.6,1,1.0
6828,control,13,0,0.0,0,
6828,control,19,0,0.0,1,
6829,control,12,0,0.0,0,
6830,treatment,11,1,210.7,0,2.0
6830,treatment,13,0,0.0,0,
6831,control,1,0,0.0,1,
6832,treatment,10,1,181.7,0,1.0
6832,treatment,16,0,0.0,0,
6833,control,9,0,0.0,0,
6833,control,19,1,166.4,0,4.0
6833,control,12,0,0.0,1,
6834,treatment,15,0,0.0,0,
6835,treatment,9,1,157.4,0,3.0
6835,treatment,15,0,0.0,0,
6836,control,16,0,0.0,1,
6836,control,6,1,154.0,1,1.0
6836,control,18,1,291.8,1,4.0
6837,control,13,1,237.3,1,4.0
6838,treatment,14,0,0.0,0,
6838,treatment,9,0,0.0,0,
6838,treatment,15,0,0.0,0,
6839,treatment,12,1,208.2,1,1.0
6839,treatment,15,1,106.9,0,1.0
6839,treatment,5,1,160.5,0,1.0
6840,control,14,0,0.0,1,
6840,control,10,0,0.0,0,
6840,control,13,1,160.3,0,5.0
6841,treatment,9,0,0.0,0,
6841,treatment,21,0,0.0,1,
6841,treatment,10,0,0.0,0,
6842,treatment,9,1,146.1,0,1.0
6843,treatment,3,0,0.0,0,
6843,treatment,17,0,0.0,1,
6843,treatment,8,1,235.3,0,3.0
6844,control,17,0,0.0,0,
6845,treatment,6,1,161.8,1,1.0
6845,treatment,8,1,238.6,0,1.0
6845,treatment,18,0,0.0,0,
6846,treatment,8,1,87.6,0,3.0
6847,treatment,19,0,0.0,1,
6848,control,12,1,174.0,0,5.0
6849,control,11,1,234.0,0,1.0
6850,treatment,14,1,146.5,1,3.0
6851,control,4,1,100.4,0,1.0
6852,treatment,3,0,0.0,0,
6853,control,1,0,0.0,1,
6854,control,6,0,0.0,0,
6855,treatment,6,0,0.0,0,
6855,treatment,14,1,157.5,0,1.0
6856,control,1,0,0.0,0,
6856,control,2,1,138.0,0,1.0
6857,control,17,1,140.8,0,1.0
6858,control,15,0,0.0,0,
6859,treatment,3,1,174.7,0,1.0
6859,treatment,18,1,283.5,0,1.0
6859,treatment,20,1,315.7,0,1.0
6860,control,11,1,177.5,1,3.0
6861,control,6,1,151.2,0,1.0
6861,control,3,1,176.0,1,1.0
6861,control,9,1,65.8,1,1.0
6862,treatment,8,0,0.0,0,
6862,treatment,4,0,0.0,0,
6862,treatment,4,0,0.0,0,
6863,control,11,0,0.0,0,
6864,control,15,0,0.0,0,
6865,control,17,1,138.8,0,1.0
6865,control,18,0,0.0,0,
6866,control,8,1,241.2,0,1.0
6866,control,20,1,147.0,0,1.0
6866,control,13,1,294.1,0,1.0
6867,control,1,0,0.0,0,
6868,treatment,17,1,158.8,0,1.0
6868,treatment,17,1,256.6,1,1.0
6868,treatment,6,1,212.0,0,1.0
6869,treatment,5,1,227.4,0,3.0
6869,treatment,5,0,0.0,1,
6870,control,6,1,123.5,0,1.0
6870,control,12,0,0.0,0,
6870,control,17,1,84.6,1,2.0
6871,control,13,0,0.0,0,
6871,control,16,0,0.0,0,
6871,control,8,0,0.0,0,
6872,control,2,1,177.3,0,4.0
6873,treatment,17,0,0.0,1,
6873,treatment,8,1,194.6,0,1.0
6873,treatment,19,1,240.9,1,1.0
6874,treatment,2,1,159.7,0,2.0
6874,treatment,9,1,269.4,1,3.0
6875,control,11,0,0.0,0,
6876,control,1,0,0.0,1,
6876,control,17,0,0.0,0,
6877,treatment,15,0,0.0,0,
6877,treatment,18,0,0.0,0,
6878,control,16,1,150.0,0,2.0
6879,treatment,17,0,0.0,1,
6879,treatment,8,1,309.3,1,2.0
6879,treatment,15,0,0.0,0,
6880,treatment,13,1,243.0,0,1.0
6881,control,13,0,0.0,1,
6882,treatment,1,1,176.6,0,1.0
6882,treatment,8,1,248.3,0,1.0
6882,treatment,5,0,0.0,0,
6883,control,14,0,0.0,0,
6884,control,10,1,128.3,0,1.0
6884,control,12,0,0.0,0,
6884,control,19,1,61.7,0,1.0
6885,control,11,1,242.1,0,4.0
6886,control,5,0,0.0,1,
6887,control,2,0,0.0,0,
6887,control,18,1,65.7,0,2.0
6887,control,6,0,0.0,0,
6888,control,16,1,112.3,1,4.0
6888,control,18,0,0.0,0,
6888,control,11,1,122.4,1,4.0
6889,treatment,5,0,0.0,0,
6889,treatment,21,0,0.0,0,
6889,treatment,7,0,0.0,1,
6890,treatment,16,1,247.8,0,1.0
6890,treatment,13,1,128.8,0,2.0
6891,treatment,12,0,0.0,0,
6892,treatment,15,0,0.0,0,
6892,treatment,8,0,0.0,0,
6893,control,7,1,142.4,1,1.0
6894,treatment,13,0,0.0,1,
6895,treatment,9,1,191.4,0,5.0
6896,treatment,5,1,206.9,0,1.0
6896,treatment,9,1,163.9,0,1.0
6896,treatment,12,0,0.0,0,
6897,control,17,0,0.0,1,
6898,treatment,1,0,0.0,0,
6898,treatment,9,1,127.8,0,3.0
6898,treatment,8,1,162.4,0,1.0
6899,control,15,0,0.0,0,
6899,control,14,1,29.5,0,1.0
6900,treatment,16,1,65.1,1,2.0
6900,treatment,15,0,0.0,0,
6900,treatment,2,0,0.0,1,
6901,control,4,1,118.6,1,3.0
6901,control,16,1,264.3,0,3.0
6902,control,13,0,0.0,0,
6902,control,17,1,139.3,0,2.0
6902,control,2,0,0.0,1,
6903,treatment,8,0,0.0,0,
6903,treatment,16,1,277.8,0,1.0
6904,control,5,0,0.0,0,
6904,control,3,0,0.0,1,
6904,control,16,1,293.6,0,1.0
6905,control,6,1,245.4,1,5.0
6905,control,7,1,100.6,1,2.0
6905,control,18,1,217.1,0,2.0
6906,treatment,5,1,165.8,0,1.0
6906,treatment,16,1,190.4,1,4.0
6907,treatment,20,0,0.0,0,
6908,treatment,18,1,204.9,1,3.0
6908,treatment,18,1,238.4,0,4.0
6909,control,2,1,5.0,1,1.0
6909,control,20,0,0.0,0,
6910,control,11,1,44.9,1,1.0
6911,control,18,0,0.0,1,
6911,control,1,0,0.0,1,
6912,treatment,17,0,0.0,0,
6912,treatment,4,1,128.1,1,4.0
6913,control,7,1,147.7,0,1.0
6913,control,14,0,0.0,0,
6913,control,4,0,0.0,0,
6914,control,21,1,155.1,0,5.0
6914,control,15,1,105.2,0,2.0
6915,control,2,1,201.4,0,2.0
6915,control,7,1,261.2,0,3.0
6916,control,13,1,176.8,0,1.0
6917,control,2,0,0.0,0,
6917,control,8,0,0.0,0,
6918,control,1,1,190.0,0,1.0
6918,control,9,0,0.0,0,
6918,control,12,1,199.6,1,1.0
6919,control,1,1,126.0,1,1.0
6920,treatment,9,0,0.0,0,
6921,treatment,18,1,165.2,0,5.0
6921,treatment,9,0,0.0,1,
6922,treatment,3,0,0.0,1,
6922,treatment,8,1,225.2,0,2.0
6923,control,12,1,130.6,0,3.0
6923,control,20,0,0.0,1,
6923,control,11,0,0.0,0,
6924,control,17,0,0.0,0,
6924,control,9,0,0.0,0,
6925,treatment,7,0,0.0,0,
6925,treatment,13,1,194.7,0,2.0
6925,treatment,3,0,0.0,0,
6926,control,13,0,0.0,0,
6926,control,7,1,118.3,0,4.0
6927,treatment,15,0,0.0,0,
6927,treatment,20,1,174.6,0,2.0
6927,treatment,8,0,0.0,0,
6928,control,8,1,139.6,0,4.0
6929,control,12,1,160.5,1,1.0
6930,treatment,17,0,0.0,0,
6930,treatment,21,0,0.0,0,
6931,treatment,1,1,164.0,0,1.0
6931,treatment,12,1,257.4,1,2.0
6932,treatment,15,1,115.4,1,1.0
6933,treatment,7,1,240.8,0,4.0
6933,treatment,5,0,0.0,1,
6933,treatment,21,0,0.0,0,
6934,treatment,7,1,221.1,0,2.0
6935,control,13,0,0.0,0,
6935,control,3,0,0.0,0,
6936,control,13,0,0.0,0,
6936,control,17,0,0.0,0,
6937,control,16,1,118.0,1,1.0
6937,control,9,1,111.0,0,1.0
6937,control,21,0,0.0,1,
6938,treatment,4,0,0.0,0,
6938,treatment,6,0,0.0,1,
6939,treatment,4,1,186.6,0,1.0
6939,treatment,15,0,0.0,0,
6940,treatment,6,0,0.0,0,
6940,treatment,17,1,212.4,0,5.0
6941,treatment,8,0,0.0,1,
6942,treatment,5,0,0.0,0,
6943,treatment,8,0,0.0,0,
6943,treatment,11,0,0.0,0,
6943,treatment,3,1,106.2,1,4.0
6944,control,18,1,31.5,0,1.0
6944,control,20,0,0.0,1,
6944,control,11,1,34.7,1,1.0
6945,control,13,0,0.0,1,
6945,control,10,0,0.0,0,
6945,control,4,1,189.0,0,2.0
6946,control,7,1,175.1,1,1.0
6947,control,9,0,0.0,0,
6947,control,15,1,156.8,1,2.0
6948,control,4,0,0.0,1,
6948,control,12,0,0.0,1,
6948,control,15,0,0.0,0,
6949,treatment,3,1,129.8,0,1.0
6949,treatment,10,0,0.0,0,
6949,treatment,15,0,0.0,0,
6950,treatment,3,1,152.9,0,4.0
6950,treatment,8,0,0.0,0,
6950,treatment,11,0,0.0,0,
6951,treatment,11,0,0.0,0,
6951,treatment,16,1,177.6,0,4.0
6952,treatment,12,1,113.7,0,2.0
6952,treatment,21,0,0.0,0,
6953,treatment,3,1,186.6,0,1.0
6954,treatment,5,0,0.0,1,
6954,treatment,20,0,0.0,0,
6955,control,18,1,99.6,0,1.0
6955,control,18,0,0.0,0,
6956,treatment,6,1,187.7,0,1.0
6957,treatment,10,0,0.0,0,
6957,treatment,17,1,321.0,0,1.0
6957,treatment,19,0,0.0,0,
6958,treatment,8,0,0.0,1,
6959,treatment,18,1,218.9,0,1.0
6959,treatment,3,0,0.0,0,
6959,treatment,19,1,153.9,1,3.0
6960,control,1,1,148.4,1,2.0
6961,control,2,0,0.0,0,
6961,control,3,1,105.5,1,2.0
6962,treatment,14,0,0.0,0,
6962,treatment,11,1,178.7,1,5.0
6963,control,15,1,61.2,0,3.0
6964,control,19,1,157.1,0,2.0
6964,control,9,1,122.4,0,1.0
6964,control,18,0,0.0,0,
6965,treatment,3,0,0.0,0,
6965,treatment,15,0,0.0,0,
6966,treatment,11,0,0.0,0,
6966,treatment,21,0,0.0,1,
6967,treatment,18,0,0.0,0,
6967,treatment,2,1,260.4,0,2.0
6968,treatment,10,0,0.0,0,
6969,treatment,14,1,115.4,1,4.0
6969,treatment,1,1,171.7,0,1.0
6970,control,10,0,0.0,0,
6970,control,19,1,132.3,1,4.0
6971,treatment,8,0,0.0,1,
6971,treatment,12,0,0.0,0,
6971,treatment,3,1,134.2,0,3.0
6972,treatment,21,0,0.0,0,
6972,treatment,20,0,0.0,0,
6972,treatment,18,1,195.5,0,2.0
6973,treatment,6,0,0.0,0,
6973,treatment,18,1,183.6,1,5.0
6974,control,13,1,133.6,0,1.0
6975,treatment,19,1,288.5,0,1.0
6975,treatment,11,0,0.0,1,
6976,treatment,9,1,207.1,0,5.0
6977,treatment,16,1,191.7,1,1.0
6977,treatment,16,1,244.1,1,1.0
6977,treatment,1,0,0.0,1,
6978,control,10,0,0.0,1,
6979,treatment,10,0,0.0,0,
6979,treatment,7,1,203.0,0,5.0
6979,treatment,12,1,145.1,0,5.0
6980,treatment,5,0,0.0,0,
6981,treatment,18,0,0.0,0,
6981,treatment,3,1,86.2,1,1.0
6982,control,9,1,238.3,0,4.0
6982,control,7,1,68.9,1,5.0
6982,control,11,1,186.9,1,1.0
6983,treatment,12,0,0.0,1,
6984,treatment,20,1,122.4,1,1.0
6984,treatment,21,0,0.0,0,
6985,treatment,12,1,188.2,1,3.0
6986,control,13,1,159.9,1,1.0
6986,control,11,0,0.0,0,
6986,control,5,0,0.0,0,
6987,treatment,19,0,0.0,0,
6987,treatment,10,1,156.1,0,1.0
6987,treatment,21,0,0.0,1,
6988,treatment,13,1,153.6,0,1.0
6988,treatment,10,1,158.4,0,1.0
6988,treatment,15,1,154.9,0,5.0
6989,treatment,19,1,108.5,1,2.0
6990,control,8,0,0.0,0,
6990,control,2,0,0.0,1,
6990,control,21,0,0.0,0,
6991,control,5,0,0.0,1,
6992,treatment,20,1,133.9,0,1.0
6992,treatment,10,0,0.0,1,
6993,control,1,1,183.9,0,2.0
6993,control,12,0,0.0,0,
6993,control,6,0,0.0,1,
6994,control,11,1,140.2,0,2.0
6994,control,6,0,0.0,0,
6994,control,9,1,52.5,0,2.0
6995,control,21,1,91.5,0,4.0
6995,control,8,1,139.6,1,1.0
6995,control,5,0,0.0,1,
6996,treatment,2,0,0.0,1,
6996,treatment,6,1,237.4,0,1.0
6996,treatment,20,1,168.8,1,1.0
6997,treatment,2,1,198.4,1,1.0
6997,treatment,7,0,0.0,0,
6998,control,2,0,0.0,0,
6998,control,17,0,0.0,1,
6998,control,10,0,0.0,1,
6999,control,5,1,208.9,0,1.0
6999,control,1,1,200.7,1,2.0
6999,control,10,0,0.0,0,
7000,control,21,0,0.0,1,
7000,control,6,0,0.0,0,
7000,control,9,1,151.8,0,5.0
7001,treatment,11,0,0.0,0,
7001,treatment,4,1,196.5,0,3.0
7002,treatment,16,1,152.5,0,2.0
7003,control,4,0,0.0,1,
7003,control,5,0,0.0,1,
7004,control,15,0,0.0,0,
7005,control,16,0,0.0,0,
7005,control,17,1,149.8,1,2.0
7006,control,8,1,206.2,1,2.0
7006,control,13,1,138.8,1,4.0
7007,treatment,3,0,0.0,0,
7007,treatment,3,0,0.0,1,
7007,treatment,7,1,197.5,1,1.0
7008,control,2,1,153.6,0,1.0
7008,control,18,0,0.0,1,
7009,treatment,16,0,0.0,1,
7009,treatment,21,1,5.0,0,1.0
7009,treatment,6,1,255.3,0,1.0
7010,control,17,1,89.0,0,5.0
7011,control,11,1,205.9,0,1.0
7011,control,15,0,0.0,0,
7012,control,8,0,0.0,0,
7012,control,10,1,86.4,0,1.0
7012,control,16,1,180.9,0,1.0
7013,control,15,1,129.9,0,1.0
7013,control,13,1,92.5,0,4.0
7014,control,6,1,29.6,0,2.0
7014,control,21,0,0.0,1,
7015,treatment,19,0,0.0,0,
7015,treatment,19,1,282.0,0,2.0
7016,control,4,0,0.0,0,
7016,control,20,1,100.7,1,3.0
7017,control,6,1,138.8,1,1.0
7017,control,10,1,173.1,1,2.0
7017,control,17,1,78.9,0,1.0
7018,control,19,0,0.0,0,
7018,control,1,1,225.1,0,2.0
7018,control,7,0,0.0,0,
7019,treatment,7,0,0.0,0,
7019,treatment,14,1,154.4,0,1.0
7020,treatment,9,0,0.0,0,
7021,treatment,8,0,0.0,0,
7021,treatment,14,1,137.9,0,3.0
7022,treatment,14,1,164.5,0,1.0
7022,treatment,7,1,125.3,1,1.0
7022,treatment,13,1,121.2,0,1.0
7023,control,3,1,102.4,1,4.0
7023,control,6,1,106.1,0,2.0
7023,control,5,0,0.0,0,
7024,control,4,0,0.0,0,
7024,control,7,0,0.0,0,
7024,control,3,0,0.0,0,
7025,control,12,1,163.7,0,1.0
7026,treatment,10,1,165.5,0,1.0
7026,treatment,20,1,162.8,0,2.0
7027,control,11,0,0.0,1,
7027,control,18,0,0.0,1,
7027,control,8,1,242.4,0,5.0
7028,control,2,0,0.0,0,
7028,control,1,0,0.0,0,
7028,control,17,0,0.0,0,
7029,treatment,12,1,254.8,0,1.0
7029,treatment,21,0,0.0,0,
7029,treatment,1,0,0.0,0,
7030,treatment,10,0,0.0,0,
7031,treatment,18,0,0.0,0,
7031,treatment,5,0,0.0,0,
7031,treatment,1,1,186.7,0,2.0
7032,control,12,0,0.0,0,
7033,control,11,0,0.0,0,
7033,control,21,0,0.0,0,
7033,control,16,0,0.0,1,
7034,treatment,14,1,197.4,1,1.0
7035,control,20,1,172.5,0,2.0
7035,control,9,0,0.0,1,
7036,treatment,17,1,134.3,1,2.0
7036,treatment,19,0,0.0,0,
7036,treatment,21,0,0.0,0,
7037,treatment,13,0,0.0,0,
7038,control,13,1,148.3,0,3.0
7039,treatment,13,0,0.0,0,
7039,treatment,13,0,0.0,0,
7040,treatment,4,1,159.3,0,1.0
7041,treatment,9,1,97.5,0,2.0
7042,control,18,0,0.0,1,
7043,treatment,21,1,151.6,0,3.0
7044,treatment,10,1,256.7,0,1.0
7044,treatment,16,1,232.8,1,1.0
7044,treatment,5,1,247.0,1,1.0
7045,treatment,16,1,280.2,0,3.0
7045,treatment,20,0,0.0,0,
7045,treatment,6,1,203.0,1,1.0
7046,treatment,19,1,204.4,1,2.0
7046,treatment,11,0,0.0,0,
7046,treatment,10,1,139.6,0,1.0
7047,treatment,12,1,140.9,1,1.0
7048,treatment,14,0,0.0,0,
7049,treatment,10,1,198.5,1,1.0
7049,treatment,3,1,245.4,0,1.0
7049,treatment,5,1,118.3,0,3.0
7050,control,7,0,0.0,0,
7050,control,12,1,175.2,1,1.0
7051,control,7,1,181.0,0,1.0
7051,control,2,0,0.0,0,
7051,control,1,0,0.0,0,
7052,treatment,17,1,325.1,1,1.0
7052,treatment,5,0,0.0,1,
7053,control,13,0,0.0,0,
7053,control,8,0,0.0,0,
7054,control,6,0,0.0,1,
7054,control,21,1,267.3,1,1.0
7055,treatment,20,0,0.0,0,
7056,control,16,1,94.4,1,2.0
7056,control,10,1,141.4,0,3.0
7056,control,14,0,0.0,0,
7057,treatment,21,1,148.2,1,1.0
7057,treatment,2,1,146.6,0,3.0
7058,treatment,3,1,236.2,0,5.0
7058,treatment,4,0,0.0,1,
7058,treatment,20,1,150.6,0,2.0
7059,treatment,17,0,0.0,1,
7059,treatment,19,1,227.0,0,4.0
7059,treatment,20,1,196.8,0,1.0
7060,treatment,8,0,0.0,0,
7060,treatment,19,0,0.0,0,
7061,treatment,7,1,211.7,0,3.0
7062,control,6,0,0.0,1,
7062,control,5,0,0.0,0,
7063,treatment,19,1,171.8,0,1.0
7064,control,11,1,113.6,1,2.0
7065,treatment,14,0,0.0,0,
7066,treatment,17,1,199.2,0,3.0
7066,treatment,18,1,134.4,0,2.0
7066,treatment,7,0,0.0,0,
7067,treatment,21,0,0.0,0,
7068,control,16,0,0.0,0,
7069,treatment,13,0,0.0,0,
7070,treatment,12,0,0.0,0,
7071,treatment,5,1,71.5,0,3.0
7071,treatment,21,0,0.0,0,
7072,treatment,4,0,0.0,1,
7072,treatment,1,0,0.0,0,
7072,treatment,8,0,0.0,0,
7073,control,13,1,200.3,1,1.0
7073,control,18,0,0.0,1,
7073,control,1,1,183.8,0,4.0
7074,treatment,2,1,167.4,0,1.0
7075,control,14,1,197.1,0,3.0
7076,treatment,14,0,0.0,0,
7077,control,8,1,180.2,1,4.0
7077,control,1,0,0.0,1,
7078,control,11,1,205.0,1,1.0
7079,treatment,20,1,202.0,0,1.0
7080,treatment,13,1,191.3,0,4.0
7080,treatment,13,1,298.4,0,1.0
7080,treatment,16,0,0.0,0,
7081,control,8,1,214.0,0,2.0
7081,control,1,0,0.0,0,
7081,control,9,0,0.0,0,
7082,treatment,14,1,182.6,0,1.0
7082,treatment,8,0,0.0,0,
7083,treatment,2,0,0.0,0,
7084,treatment,2,1,164.4,0,1.0
7085,control,9,1,176.6,0,1.0
7085,control,16,0,0.0,1,
7086,treatment,9,1,129.6,0,2.0
7086,treatment,15,0,0.0,0,
7087,treatment,20,1,227.7,0,1.0
7087,treatment,5,0,0.0,1,
7088,treatment,2,0,0.0,0,
7088,treatment,20,1,274.9,0,1.0
7089,control,17,1,74.5,0,3.0
7089,control,7,0,0.0,0,
7089,control,11,0,0.0,0,
7090,treatment,5,0,0.0,0,
7091,control,17,0,0.0,1,
7091,control,15,0,0.0,1,
7092,treatment,7,1,137.2,1,3.0
7092,treatment,14,1,185.7,0,1.0
7093,control,4,1,252.3,0,2.0
7093,control,11,0,0.0,1,
7094,treatment,15,0,0.0,0,
7094,treatment,17,1,153.0,0,1.0
7095,treatment,19,0,0.0,0,
7096,control,18,1,209.0,1,4.0
7097,control,6,0,0.0,1,
7098,control,3,1,86.1,0,3.0
7098,control,19,1,5.0,0,3.0
7099,treatment,19,1,222.8,0,1.0
7100,treatment,17,0,0.0,0,
7100,treatment,12,1,200.9,0,1.0
7100,treatment,16,1,290.5,0,1.0
7101,treatment,3,1,122.5,0,3.0
7101,treatment,14,1,77.3,1,4.0
7102,treatment,7,0,0.0,0,
7102,treatment,20,1,148.6,0,1.0
7102,treatment,18,1,253.8,0,3.0
7103,control,3,0,0.0,0,
7103,control,21,0,0.0,1,
7103,control,3,0,0.0,0,
7104,treatment,11,1,43.4,1,1.0
7105,treatment,5,1,193.1,0,1.0
7105,treatment,16,0,0.0,0,
7105,treatment,7,0,0.0,0,
7106,treatment,1,1,270.9,1,3.0
7106,treatment,4,1,229.4,0,1.0
7106,treatment,16,0,0.0,0,
7107,treatment,19,0,0.0,1,
7108,treatment,15,0,0.0,0,
7108,treatment,20,1,157.2,0,1.0
7108,treatment,14,0,0.0,0,
7109,treatment,15,1,157.5,1,1.0
7110,treatment,20,1,117.1,0,1.0
7111,control,11,0,0.0,1,
7112,treatment,10,1,195.6,0,1.0
7112,treatment,8,1,136.2,0,1.0
7113,treatment,13,1,159.9,0,5.0
7113,treatment,16,1,266.5,1,1.0
7114,treatment,7,1,218.5,0,1.0
7114,treatment,18,0,0.0,0,
7115,treatment,17,0,0.0,0,
7115,treatment,10,1,110.8,0,1.0
7116,control,3,0,0.0,1,
7116,control,15,0,0.0,0,
7116,control,3,0,0.0,0,
7117,control,1,0,0.0,1,
7117,control,11,0,0.0,0,
7117,control,20,1,38.2,0,1.0
7118,control,17,1,195.8,0,4.0
7118,control,17,1,165.7,0,5.0
7118,control,5,1,134.9,1,4.0
7119,control,6,0,0.0,0,
7120,control,20,0,0.0,1,
7120,control,18,0,0.0,0,
7121,control,18,0,0.0,1,
7121,control,10,0,0.0,1,
7122,treatment,15,1,62.6,0,2.0
7122,treatment,21,0,0.0,0,
7123,control,16,0,0.0,0,
7123,control,9,0,0.0,0,
7124,control,5,0,0.0,1,
7125,treatment,13,1,197.1,0,1.0
7126,control,7,0,0.0,1,
7127,treatment,8,1,222.8,1,1.0
7127,treatment,8,0,0.0,1,
7127,treatment,7,0,0.0,0,
7128,treatment,2,0,0.0,0,
7128,treatment,18,1,101.3,0,2.0
7128,treatment,14,1,171.1,0,1.0
7129,control,18,0,0.0,0,
7129,control,16,0,0.0,0,
7130,treatment,7,0,0.0,0,
7130,treatment,12,0,0.0,0,
7130,treatment,17,0,0.0,0,
7131,control,6,0,0.0,1,
7131,control,9,1,242.2,0,1.0
7131,control,13,0,0.0,1,
7132,control,9,0,0.0,1,
7132,control,6,0,0.0,1,
7132,control,21,0,0.0,0,
7133,treatment,4,1,258.9,0,3.0
7133,treatment,15,0,0.0,0,
7133,treatment,18,0,0.0,0,
7134,treatment,15,0,0.0,0,
7134,treatment,19,1,187.6,0,1.0
7135,control,11,0,0.0,1,
7135,control,8,1,137.3,1,3.0
7135,control,8,0,0.0,0,
7136,treatment,15,0,0.0,1,
7136,treatment,16,1,225.8,0,3.0
7136,treatment,12,1,174.0,0,1.0
7137,treatment,11,0,0.0,0,
7137,treatment,15,1,118.2,0,1.0
7137,treatment,1,1,62.4,0,1.0
7138,control,6,1,106.4,0,2.0
7138,control,12,1,234.4,1,1.0
7139,control,12,0,0.0,1,
7139,control,14,1,130.2,0,2.0
7139,control,2,0,0.0,0,
7140,treatment,11,0,0.0,0,
7141,control,4,0,0.0,0,
7141,control,17,1,144.7,0,2.0
7142,control,1,1,224.9,0,1.0
7143,control,14,0,0.0,0,
7143,control,14,0,0.0,0,
7144,control,1,1,275.9,1,3.0
7144,control,17,0,0.0,1,
7144,control,5,0,0.0,0,
7145,control,16,0,0.0,0,
7145,control,6,0,0.0,0,
7146,control,17,0,0.0,0,
7146,control,9,1,147.5,0,4.0
7147,control,2,1,252.9,1,5.0
7147,control,2,1,169.5,0,3.0
7147,control,7,1,46.0,0,1.0
7148,treatment,21,1,185.5,0,1.0
7149,control,18,1,108.1,1,3.0
7149,control,1,0,0.0,1,
7150,treatment,17,0,0.0,0,
7150,treatment,6,0,0.0,0,
7151,treatment,4,0,0.0,0,
7151,treatment,21,0,0.0,0,
7152,treatment,11,0,0.0,0,
7153,control,6,0,0.0,0,
7153,control,16,1,137.2,0,3.0
7154,control,5,1,81.1,0,4.0
7154,control,3,1,112.1,1,3.0
7154,control,17,1,190.4,0,1.0
7155,treatment,11,0,0.0,1,
7156,control,12,0,0.0,1,
7156,control,20,1,68.2,0,3.0
7157,treatment,16,1,281.4,1,3.0
7158,control,7,1,223.3,1,1.0
7159,control,13,1,65.2,0,2.0
7159,control,3,0,0.0,1,
7160,treatment,9,1,222.7,0,2.0
7160,treatment,16,0,0.0,1,
7161,treatment,7,0,0.0,0,
7161,treatment,19,0,0.0,1,
7161,treatment,16,0,0.0,0,
7162,treatment,20,0,0.0,0,
7162,treatment,16,0,0.0,0,
7162,treatment,10,0,0.0,0,
7163,control,16,0,0.0,0,
7163,control,10,0,0.0,0,
7164,treatment,19,0,0.0,0,
7164,treatment,8,0,0.0,0,
7164,treatment,16,1,173.2,0,1.0
7165,control,1,0,0.0,0,
7165,control,7,1,143.8,0,3.0
7165,control,7,0,0.0,1,
7166,control,8,0,0.0,0,
7166,control,7,1,124.1,0,4.0
7167,control,9,0,0.0,0,
7167,control,10,0,0.0,1,
7168,treatment,5,1,210.9,0,3.0
7169,treatment,14,0,0.0,0,
7169,treatment,18,1,165.8,0,2.0
7169,treatment,1,1,145.3,0,1.0
7170,treatment,5,0,0.0,1,
7171,control,2,1,88.2,1,4.0
7171,control,18,1,213.3,0,5.0
7172,control,9,0,0.0,0,
7172,control,5,1,149.3,0,2.0
7172,control,19,0,0.0,0,
7173,treatment,21,0,0.0,1,
7173,treatment,2,0,0.0,0,
7174,control,2,0,0.0,0,
7174,control,15,1,200.1,0,1.0
7175,control,11,1,53.9,1,2.0
7175,control,13,0,0.0,0,
7175,control,8,1,223.2,0,2.0
7176,treatment,12,1,224.7,0,3.0
7176,treatment,15,0,0.0,0,
7176,treatment,9,0,0.0,1,
7177,treatment,5,1,200.1,1,2.0
7177,treatment,11,1,134.7,0,1.0
7178,treatment,8,0,0.0,0,
7178,treatment,15,0,0.0,1,
7178,treatment,13,1,200.0,1,1.0
7179,control,4,0,0.0,0,
7180,control,2,1,178.5,0,1.0
7180,control,11,0,0.0,0,
7180,control,20,0,0.0,1,
7181,control,8,0,0.0,0,
7181,control,15,0,0.0,0,
7181,control,11,0,0.0,1,
7182,control,2,0,0.0,0,
7182,control,15,0,0.0,0,
7183,control,7,1,76.0,0,1.0
7183,control,14,0,0.0,0,
7184,treatment,7,1,192.1,0,1.0
7184,treatment,6,0,0.0,0,
7184,treatment,19,1,265.4,0,3.0
7185,control,12,0,0.0,1,
7185,control,7,0,0.0,0,
7185,control,8,0,0.0,0,
7186,control,1,1,105.0,1,1.0
7187,control,18,1,323.1,1,3.0
7188,treatment,10,1,303.1,0,1.0
7188,treatment,14,0,0.0,1,
7189,treatment,10,0,0.0,0,
7190,treatment,3,1,205.2,0,1.0
7191,control,18,1,258.8,1,1.0
7191,control,21,0,0.0,1,
7192,treatment,13,0,0.0,0,
7192,treatment,7,0,0.0,0,
7193,treatment,11,0,0.0,0,
7194,treatment,2,1,51.9,1,1.0
7195,control,13,1,159.6,0,1.0
7195,control,21,0,0.0,1,
7195,control,16,1,131.8,1,3.0
7196,treatment,18,1,134.7,1,1.0
7197,control,21,0,0.0,0,
7198,control,6,1,124.8,0,2.0
7198,control,10,1,200.9,0,4.0
7199,treatment,9,0,0.0,0,
7199,treatment,6,0,0.0,0,
7200,control,16,1,240.4,1,3.0
7200,control,13,1,107.4,0,1.0
7201,treatment,11,0,0.0,1,
7201,treatment,6,1,191.1,0,2.0
7202,control,5,0,0.0,0,
7203,treatment,6,0,0.0,0,
7203,treatment,19,1,231.9,0,1.0
7204,treatment,13,1,80.8,1,2.0
7204,treatment,12,0,0.0,0,
7204,treatment,10,1,239.9,1,1.0
7205,treatment,3,1,160.5,1,1.0
7205,treatment,8,1,68.1,1,1.0
7206,control,1,1,124.4,0,1.0
7206,control,11,0,0.0,1,
7206,control,9,1,198.5,0,2.0
7207,treatment,14,1,203.4,1,4.0
7207,treatment,9,0,0.0,0,
7207,treatment,3,1,239.7,0,1.0
7208,control,5,0,0.0,1,
7208,control,6,0,0.0,0,
7208,control,20,0,0.0,0,
7209,treatment,19,1,250.6,0,1.0
7209,treatment,11,0,0.0,0,
7210,control,1,0,0.0,1,
7211,control,13,1,200.7,0,4.0
7212,treatment,18,1,193.6,0,1.0
7213,treatment,13,0,0.0,0,
7213,treatment,12,1,154.3,0,1.0
7214,treatment,15,0,0.0,1,
7214,treatment,19,1,234.4,0,2.0
7214,treatment,14,0,0.0,0,
7215,treatment,7,0,0.0,0,
7215,treatment,14,1,173.1,0,1.0
7215,treatment,12,1,215.8,0,3.0
7216,treatment,5,0,0.0,1,
7217,control,2,0,0.0,1,
7218,treatment,10,1,114.0,1,2.0
7218,treatment,2,0,0.0,0,
7219,treatment,7,1,198.4,0,1.0
7219,treatment,8,1,182.3,1,1.0
7219,treatment,20,0,0.0,1,
7220,control,5,0,0.0,1,
7220,control,18,0,0.0,0,
7221,treatment,15,1,153.1,0,1.0
7222,treatment,9,1,172.1,0,1.0
7223,control,3,1,75.9,1,1.0
7223,control,7,0,0.0,1,
7224,treatment,2,0,0.0,0,
7225,treatment,8,1,158.6,0,2.0
7226,treatment,6,1,205.4,0,1.0
7226,treatment,10,1,90.6,0,2.0
7226,treatment,11,1,94.5,0,1.0
7227,control,18,1,146.3,0,4.0
7227,control,11,0,0.0,0,
7227,control,16,1,195.6,0,3.0
7228,treatment,4,1,55.5,0,2.0
7228,treatment,10,0,0.0,0,
7228,treatment,17,1,158.4,1,1.0
7229,control,3,0,0.0,1,
7229,control,13,0,0.0,0,
7229,control,21,0,0.0,0,
7230,treatment,7,0,0.0,0,
7230,treatment,12,1,318.4,1,3.0
7230,treatment,8,1,132.7,0,1.0
7231,control,6,1,154.5,0,1.0
7231,control,4,0,0.0,1,
7231,control,1,0,0.0,0,
7232,treatment,20,1,112.5,0,1.0
7232,treatment,19,0,0.0,1,
7232,treatment,11,1,272.0,0,3.0
7233,control,20,1,220.1,1,1.0
7233,control,18,1,100.3,0,4.0
7234,control,4,0,0.0,1,
7234,control,14,0,0.0,0,
7234,control,2,0,0.0,1,
7235,control,6,1,34.5,1,2.0
7235,control,16,0,0.0,1,
7235,control,9,1,28.6,1,2.0
7236,control,15,0,0.0,0,
7236,control,21,1,90.6,1,1.0
7236,control,14,0,0.0,0,
7237,control,16,0,0.0,1,
7237,control,12,1,81.4,1,2.0
7238,control,20,1,188.0,0,2.0
7239,treatment,12,0,0.0,0,
7240,treatment,11,1,223.0,1,1.0
7241,control,15,0,0.0,0,
7241,control,14,1,126.9,1,4.0
7242,control,9,1,89.8,0,1.0
7242,control,13,1,160.0,0,1.0
7243,control,21,0,0.0,0,
7244,control,2,1,191.1,1,2.0
7244,control,18,1,69.1,0,1.0
7245,treatment,3,1,315.9,0,1.0
7245,treatment,2,1,222.4,0,2.0
7246,control,2,0,0.0,1,
7247,treatment,5,0,0.0,0,
7247,treatment,6,0,0.0,0,
7248,treatment,9,1,173.2,0,1.0
7249,control,8,1,5.0,0,1.0
7249,control,18,0,0.0,1,
7250,control,6,0,0.0,0,
7250,control,16,0,0.0,0,
7250,control,7,0,0.0,1,
7251,treatment,2,1,133.2,1,1.0
7251,treatment,19,0,0.0,0,
7252,treatment,13,1,208.2,0,1.0
7252,treatment,4,1,172.8,0,1.0
7252,treatment,1,1,194.4,1,1.0
7253,control,14,0,0.0,0,
7253,control,19,1,35.0,0,1.0
7253,control,14,0,0.0,0,
7254,control,15,1,234.6,0,2.0
7254,control,18,0,0.0,0,
7254,control,18,0,0.0,0,
7255,control,14,1,221.2,0,1.0
7255,control,1,1,168.8,0,2.0
7255,control,8,0,0.0,1,
7256,treatment,15,0,0.0,1,
7256,treatment,8,1,76.6,0,1.0
7257,treatment,17,1,206.2,0,5.0
7257,treatment,2,1,137.8,0,1.0
7257,treatment,14,1,217.3,1,1.0
7258,control,9,0,0.0,1,
7259,treatment,4,0,0.0,0,
7260,treatment,16,0,0.0,0,
7261,control,6,0,0.0,0,
7261,control,11,0,0.0,0,
7261,control,10,1,206.3,1,2.0
7262,control,19,0,0.0,0,
7262,control,15,1,97.9,1,3.0
7263,treatment,10,0,0.0,0,
7264,treatment,2,1,60.6,0,2.0
7264,treatment,12,1,155.3,1,4.0
7265,control,10,0,0.0,0,
7266,control,5,1,146.3,1,2.0
7266,control,17,0,0.0,1,
7266,control,5,0,0.0,0,
7267,control,21,1,148.5,1,2.0
7268,control,15,0,0.0,0,
7269,control,13,0,0.0,0,
7269,control,19,0,0.0,1,
7270,treatment,7,1,245.1,0,2.0
7270,treatment,11,1,257.3,0,2.0
7271,treatment,2,1,251.6,0,1.0
7272,treatment,16,0,0.0,1,
7272,treatment,17,0,0.0,1,
7273,treatment,15,1,165.3,0,1.0
7273,treatment,13,1,98.9,0,1.0
7274,control,3,0,0.0,0,
7274,control,14,1,133.4,0,1.0
7274,control,8,1,46.3,1,3.0
7275,control,3,0,0.0,0,
7275,control,5,0,0.0,0,
7276,control,14,1,184.0,0,5.0
7276,control,21,0,0.0,0,
7277,treatment,20,1,138.8,0,1.0
7277,treatment,5,0,0.0,0,
7277,treatment,19,0,0.0,0,
7278,treatment,1,1,220.6,0,1.0
7278,treatment,17,1,191.3,0,1.0
7278,treatment,12,1,177.1,0,2.0
7279,treatment,5,0,0.0,1,
7279,treatment,11,1,273.4,0,1.0
7280,control,9,1,137.2,0,1.0
7281,treatment,9,1,236.0,0,1.0
7281,treatment,7,0,0.0,1,
7281,treatment,11,0,0.0,0,
7282,control,17,1,166.7,0,5.0
7283,control,5,1,121.9,0,1.0
7284,control,20,1,140.1,0,3.0
7285,control,9,1,123.0,0,3.0
7286,control,10,1,173.0,0,1.0
7287,control,17,1,233.2,0,1.0
7288,treatment,17,1,134.5,0,1.0
7288,treatment,7,0,0.0,0,
7288,treatment,3,0,0.0,0,
7289,control,6,1,86.6,1,1.0
7290,control,15,0,0.0,0,
7290,control,5,0,0.0,1,
7290,control,10,1,114.5,1,1.0
7291,treatment,5,1,246.7,0,2.0
7292,control,3,0,0.0,0,
7292,control,7,0,0.0,1,
7292,control,15,0,0.0,0,
7293,treatment,3,1,93.6,0,3.0
7294,treatment,16,1,151.8,1,4.0
7294,treatment,17,0,0.0,0,
7294,treatment,16,0,0.0,1,
7295,treatment,8,0,0.0,0,
7295,treatment,6,0,0.0,0,
7296,control,2,0,0.0,0,
7296,control,13,1,237.1,0,4.0
7297,control,2,0,0.0,1,
7298,treatment,11,1,59.7,1,1.0
7299,control,10,0,0.0,0,
7300,control,4,0,0.0,1,
7300,control,11,0,0.0,0,
7301,treatment,7,1,213.0,0,2.0
7301,treatment,18,0,0.0,0,
7302,treatment,16,1,184.4,0,3.0
7303,control,12,0,0.0,1,
7304,treatment,3,0,0.0,0,
7304,treatment,16,1,112.1,0,3.0
7305,treatment,2,0,0.0,0,
7306,treatment,10,0,0.0,0,
7307,control,12,0,0.0,1,
7307,control,10,0,0.0,0,
7307,control,20,1,183.5,1,4.0
7308,control,15,0,0.0,0,
7308,control,12,0,0.0,0,
7308,control,3,0,0.0,0,
7309,control,4,0,0.0,1,
7309,control,9,0,0.0,0,
7310,treatment,7,1,210.0,1,1.0
7311,control,6,0,0.0,0,
7312,treatment,6,0,0.0,0,
7313,control,3,1,239.5,1,3.0
7314,control,18,1,173.9,1,3.0
7314,control,7,1,150.0,1,2.0
7314,control,19,1,243.8,0,2.0
7315,treatment,18,1,255.3,0,1.0
7316,control,7,1,146.3,0,1.0
7316,control,8,0,0.0,0,
7316,control,5,1,104.4,0,1.0
7317,treatment,7,1,167.7,0,2.0
7318,control,12,1,170.0,1,1.0
7318,control,2,1,167.5,1,2.0
7318,control,17,1,252.6,1,1.0
7319,control,7,1,243.3,0,2.0
7320,treatment,6,1,115.7,1,1.0
7320,treatment,7,0,0.0,0,
7320,treatment,5,1,137.9,0,1.0
7321,treatment,12,0,0.0,1,
7321,treatment,4,0,0.0,0,
7321,treatment,11,1,165.8,0,1.0
7322,treatment,16,0,0.0,0,
7322,treatment,14,1,129.0,1,2.0
7323,control,20,1,286.8,0,3.0
7323,control,5,0,0.0,0,
7324,control,15,1,156.7,0,3.0
7324,control,11,0,0.0,0,
7325,control,4,0,0.0,1,
7325,control,15,1,228.6,0,2.0
7326,treatment,16,1,146.4,0,1.0
7327,treatment,3,1,220.3,0,1.0
7327,treatment,9,1,127.1,0,1.0
7327,treatment,17,0,0.0,0,
7328,treatment,20,0,0.0,1,
7328,treatment,7,1,279.3,0,4.0
7329,control,12,1,147.5,1,1.0
7330,control,18,0,0.0,1,
7330,control,10,0,0.0,1,
7330,control,15,0,0.0,0,
7331,treatment,3,0,0.0,0,
7332,control,10,0,0.0,0,
7332,control,4,0,0.0,0,
7333,treatment,8,1,185.5,0,1.0
7333,treatment,4,0,0.0,0,
7333,treatment,2,1,189.2,0,1.0
7334,control,13,0,0.0,0,
7334,control,2,0,0.0,0,
7334,control,10,1,170.6,0,4.0
7335,control,19,0,0.0,1,
7335,control,16,0,0.0,1,
7335,control,18,1,191.6,0,3.0
7336,treatment,2,1,307.4,1,1.0
7336,treatment,2,0,0.0,0,
7336,treatment,21,1,240.3,0,2.0
7337,control,3,0,0.0,1,
7337,control,20,1,200.8,0,2.0
7337,control,14,0,0.0,0,
7338,control,15,0,0.0,0,
7338,control,3,1,194.7,0,2.0
7338,control,1,1,250.4,0,1.0
7339,treatment,2,1,199.5,0,1.0
7340,treatment,19,0,0.0,1,
7341,control,20,1,116.2,1,4.0
7341,control,10,0,0.0,0,
7341,control,19,0,0.0,0,
7342,treatment,10,0,0.0,0,
7342,treatment,12,1,57.8,0,1.0
7343,control,5,1,216.6,1,2.0
7343,control,20,0,0.0,0,
7343,control,18,0,0.0,0,
7344,treatment,21,0,0.0,0,
7345,control,4,1,28.7,1,1.0
7345,control,11,1,182.7,0,1.0
7345,control,1,0,0.0,1,
7346,control,17,1,207.0,0,3.0
7346,control,20,0,0.0,0,
7347,treatment,16,1,309.4,0,1.0
7348,control,11,0,0.0,1,
7349,control,20,0,0.0,0,
7349,control,13,0,0.0,0,
7350,treatment,1,0,0.0,0,
7350,treatment,14,1,151.6,0,1.0
7350,treatment,9,0,0.0,1,
7351,treatment,8,1,246.4,0,2.0
7352,control,4,1,112.1,1,2.0
7352,control,19,1,171.0,0,3.0
7352,control,3,1,131.0,0,2.0
7353,treatment,4,1,252.6,0,5.0
7353,treatment,6,0,0.0,0,
7354,treatment,14,1,201.5,0,2.0
7354,treatment,20,1,198.2,0,1.0
7354,treatment,13,1,260.6,0,1.0
7355,control,15,0,0.0,1,
7355,control,19,0,0.0,0,
7356,control,13,1,114.5,1,1.0
7357,treatment,13,1,133.0,0,1.0
7358,treatment,2,1,92.1,0,1.0
7358,treatment,17,1,108.0,1,1.0
7358,treatment,3,1,183.1,0,1.0
7359,treatment,6,1,102.9,0,3.0
7359,treatment,8,1,145.8,1,2.0
7360,control,12,1,250.2,0,2.0
7361,control,9,1,151.0,0,3.0
7361,control,13,1,185.7,1,4.0
7362,control,6,1,118.9,0,1.0
7362,control,16,1,153.0,0,1.0
7363,control,12,1,201.8,0,2.0
7363,control,5,0,0.0,1,
7363,control,6,1,173.4,0,2.0
7364,control,18,1,161.7,0,4.0
7364,control,5,1,124.9,1,2.0
7365,control,6,1,162.6,0,1.0
7365,control,2,1,182.9,1,1.0
7366,control,21,0,0.0,0,
7367,treatment,3,0,0.0,0,
7367,treatment,6,0,0.0,0,
7368,treatment,17,1,129.8,0,1.0
7368,treatment,15,0,0.0,0,
7368,treatment,11,1,203.4,1,5.0
7369,control,10,1,232.2,0,5.0
7370,control,12,0,0.0,0,
7371,control,9,0,0.0,0,
7371,control,21,1,92.9,1,1.0
7372,treatment,20,1,305.0,0,1.0
7372,treatment,7,0,0.0,0,
7373,control,20,0,0.0,0,
7373,control,1,1,185.1,0,3.0
7373,control,12,1,149.2,0,1.0
7374,treatment,13,0,0.0,1,
7375,treatment,10,1,121.3,0,3.0
7376,treatment,4,1,187.9,0,1.0
7377,treatment,5,1,149.7,1,1.0
7378,treatment,6,0,0.0,0,
7378,treatment,18,1,149.2,0,1.0
7378,treatment,14,0,0.0,1,
7379,control,9,1,221.3,0,1.0
7380,control,16,0,0.0,0,
7380,control,7,0,0.0,0,
7380,control,20,0,0.0,0,
7381,treatment,13,1,102.6,1,2.0
7381,treatment,7,1,159.4,1,1.0
7381,treatment,4,0,0.0,0,
7382,control,11,1,130.3,0,2.0
7382,control,6,1,101.0,0,2.0
7382,control,12,0,0.0,0,
7383,treatment,14,1,233.5,0,4.0
7384,treatment,21,0,0.0,1,
7385,control,19,1,168.1,0,4.0
7385,control,8,1,130.2,0,1.0
7385,control,1,0,0.0,0,
7386,control,12,0,0.0,0,
7386,control,9,1,144.9,0,4.0
7386,control,11,0,0.0,0,
7387,control,15,1,132.8,0,2.0
7387,control,8,1,123.5,0,1.0
7387,control,14,1,218.9,0,2.0
7388,control,4,0,0.0,1,
7388,control,10,1,85.4,0,3.0
7389,control,14,1,162.3,0,1.0
7390,treatment,2,1,118.4,0,1.0
7391,control,3,1,207.7,0,1.0
7391,control,3,0,0.0,1,
7391,control,6,0,0.0,0,
7392,control,9,0,0.0,0,
7392,control,14,1,134.4,0,3.0
7393,control,8,0,0.0,1,
7393,control,15,0,0.0,1,
7393,control,13,1,156.5,0,2.0
7394,treatment,1,0,0.0,1,
7394,treatment,6,1,230.5,0,1.0
7394,treatment,5,0,0.0,1,
7395,control,1,1,63.0,1,1.0
7396,treatment,6,0,0.0,0,
7397,control,7,1,160.2,1,2.0
7397,control,8,1,57.6,0,3.0
7398,control,17,1,200.3,1,1.0
7399,treatment,14,0,0.0,0,
7399,treatment,1,0,0.0,0,
7400,control,2,0,0.0,0,
7400,control,7,0,0.0,0,
7401,control,19,1,119.0,1,5.0
7401,control,3,1,153.4,0,3.0
7402,treatment,10,1,249.6,0,5.0
7402,treatment,5,0,0.0,0,
7403,control,16,0,0.0,0,
7403,control,1,0,0.0,0,
7403,control,18,1,108.9,0,2.0
7404,treatment,10,0,0.0,0,
7404,treatment,20,1,136.9,0,1.0
7405,treatment,3,1,218.0,0,5.0
7405,treatment,3,1,242.3,1,5.0
7405,treatment,19,1,173.4,0,1.0
7406,treatment,12,1,206.5,0,3.0
7406,treatment,9,1,162.9,1,2.0
7407,treatment,21,1,99.5,0,1.0
7408,treatment,12,0,0.0,1,
7408,treatment,3,1,242.0,0,5.0
7409,control,10,1,70.1,1,3.0
7409,control,15,0,0.0,0,
7410,control,15,0,0.0,1,
7410,control,5,0,0.0,0,
7411,control,18,0,0.0,0,
7411,control,3,0,0.0,1,
7411,control,4,0,0.0,1,
7412,treatment,20,0,0.0,0,
7412,treatment,4,1,193.4,0,4.0
7413,treatment,4,0,0.0,0,
7414,treatment,19,0,0.0,1,
7414,treatment,18,1,88.8,0,1.0
7415,treatment,8,1,159.1,0,1.0
7415,treatment,11,1,197.1,0,4.0
7415,treatment,16,0,0.0,1,
7416,control,13,0,0.0,0,
7417,control,10,0,0.0,0,
7417,control,8,1,122.7,1,4.0
7418,treatment,16,0,0.0,0,
7418,treatment,6,1,101.6,0,4.0
7418,treatment,16,0,0.0,0,
7419,treatment,19,0,0.0,1,
7419,treatment,8,1,217.4,0,3.0
7419,treatment,8,0,0.0,1,
7420,control,5,0,0.0,0,
7421,treatment,13,1,249.2,1,4.0
7421,treatment,11,1,127.2,0,1.0
7422,treatment,9,0,0.0,0,
7422,treatment,13,1,195.6,1,1.0
7423,treatment,16,0,0.0,0,
7424,control,9,0,0.0,0,
7424,control,16,1,106.7,0,1.0
7424,control,13,1,79.6,0,1.0
7425,control,14,1,299.6,0,1.0
7425,control,1,1,123.4,0,3.0
7425,control,16,0,0.0,0,
7426,treatment,4,1,214.3,0,1.0
7427,control,1,0,0.0,1,
7427,control,5,0,0.0,0,
7427,control,7,1,259.5,0,2.0
7428,treatment,9,0,0.0,0,
7428,treatment,14,0,0.0,1,
7429,treatment,20,0,0.0,0,
7430,control,7,1,36.6,0,5.0
7430,control,9,0,0.0,1,
7430,control,20,1,176.0,1,1.0
7431,treatment,19,0,0.0,0,
7432,treatment,5,0,0.0,1,
7432,treatment,19,1,211.0,0,5.0
7433,control,3,1,201.1,0,2.0
7434,treatment,6,1,170.5,1,1.0
7434,treatment,12,0,0.0,0,
7435,treatment,11,1,139.5,0,1.0
7435,treatment,9,1,267.1,0,1.0
7436,treatment,2,1,216.2,0,3.0
7436,treatment,6,1,238.7,0,1.0
7436,treatment,5,0,0.0,0,
7437,control,2,1,64.4,0,3.0
7437,control,13,1,83.5,0,2.0
7438,treatment,14,0,0.0,0,
7438,treatment,17,1,107.3,0,1.0
7439,control,4,0,0.0,1,
7440,treatment,20,1,95.9,0,1.0
7441,treatment,1,1,176.9,1,1.0
7441,treatment,1,0,0.0,0,
7442,treatment,5,1,208.2,0,1.0
7443,treatment,21,1,93.9,1,1.0
7444,control,2,0,0.0,0,
7444,control,19,0,0.0,0,
7444,control,16,1,255.0,1,1.0
7445,control,5,1,250.6,1,1.0
7446,treatment,14,0,0.0,1,
7446,treatment,19,0,0.0,0,
7447,treatment,4,0,0.0,0,
7447,treatment,7,0,0.0,0,
7447,treatment,1,1,117.4,0,1.0
7448,treatment,3,0,0.0,1,
7449,treatment,10,0,0.0,0,
7449,treatment,8,1,87.5,0,2.0
7450,treatment,20,0,0.0,1,
7450,treatment,20,1,194.1,0,1.0
7451,treatment,12,0,0.0,0,
7452,treatment,16,0,0.0,0,
7452,treatment,1,0,0.0,1,
7453,treatment,8,0,0.0,0,
7453,treatment,2,0,0.0,0,
7454,control,7,1,5.0,1,1.0
7454,control,13,1,229.5,0,1.0
7455,control,15,0,0.0,1,
7455,control,1,0,0.0,0,
7456,control,16,0,0.0,1,
7456,control,11,0,0.0,0,
7456,control,2,1,217.4,0,2.0
7457,treatment,15,0,0.0,0,
7458,treatment,17,0,0.0,1,
7458,treatment,15,1,190.8,1,4.0
7459,treatment,11,1,195.6,0,5.0
7459,treatment,21,1,179.1,1,2.0
7460,control,3,1,133.8,1,2.0
7461,treatment,6,0,0.0,0,
7461,treatment,1,0,0.0,0,
7462,control,7,1,67.0,0,2.0
7463,treatment,11,0,0.0,0,
7464,control,12,1,155.7,1,2.0
7464,control,1,0,0.0,0,
7465,control,14,0,0.0,0,
7465,control,5,0,0.0,1,
7466,control,1,0,0.0,0,
7466,control,17,1,100.2,1,1.0
7467,treatment,8,0,0.0,0,
7467,treatment,7,0,0.0,0,
7467,treatment,7,1,177.0,0,1.0
7468,control,4,1,214.2,1,1.0
7468,control,3,0,0.0,0,
7469,treatment,4,0,0.0,0,
7469,treatment,12,0,0.0,1,
7469,treatment,20,1,171.8,0,1.0
7470,treatment,9,0,0.0,0,
7471,treatment,3,1,239.3,1,4.0
7471,treatment,9,0,0.0,0,
7472,treatment,5,0,0.0,0,
7473,treatment,21,1,165.2,0,1.0
7473,treatment,5,1,178.3,0,1.0
7473,treatment,9,1,227.1,0,2.0
7474,control,2,1,129.3,0,3.0
7474,control,9,1,124.4,1,2.0
7474,control,18,0,0.0,1,
7475,treatment,20,1,124.0,0,1.0
7475,treatment,2,1,163.4,0,1.0
7476,treatment,11,1,153.6,1,4.0
7477,treatment,1,0,0.0,0,
7477,treatment,13,1,309.9,1,4.0
7478,treatment,14,0,0.0,0,
7479,treatment,7,1,148.6,0,1.0
7480,control,7,0,0.0,0,
7481,control,13,1,85.3,0,5.0
7482,treatment,16,1,314.0,1,4.0
7482,treatment,12,0,0.0,0,
7482,treatment,6,0,0.0,0,
7483,control,2,1,171.9,0,1.0
7483,control,5,0,0.0,0,
7483,control,17,0,0.0,1,
7484,control,2,1,91.4,0,2.0
7484,control,12,0,0.0,0,
7485,treatment,18,0,0.0,0,
7485,treatment,8,0,0.0,0,
7485,treatment,2,1,174.3,1,1.0
7486,control,12,1,57.3,0,2.0
7486,control,2,1,171.9,0,1.0
7486,control,7,1,211.6,0,1.0
7487,treatment,10,1,202.0,1,4.0
7487,treatment,11,1,229.3,0,1.0
7487,treatment,9,1,144.2,0,1.0
7488,control,7,0,0.0,0,
7488,control,12,0,0.0,1,
7489,control,19,0,0.0,1,
7489,control,5,0,0.0,0,
7490,control,6,0,0.0,0,
7490,control,16,1,142.8,1,2.0
7490,control,21,1,249.9,0,4.0
7491,treatment,15,0,0.0,0,
7491,treatment,17,1,113.1,0,1.0
7492,control,3,0,0.0,0,
7492,control,21,1,298.1,0,2.0
7492,control,11,0,0.0,1,
7493,control,7,0,0.0,1,
7494,treatment,10,0,0.0,0,
7494,treatment,1,1,101.7,0,2.0
7494,treatment,10,0,0.0,0,
7495,treatment,21,0,0.0,0,
7495,treatment,9,0,0.0,0,
7496,control,14,0,0.0,0,
7497,treatment,11,1,212.7,1,1.0
7497,treatment,19,1,226.2,1,2.0
7497,treatment,15,1,128.8,0,3.0
7498,control,7,1,146.8,0,4.0
7498,control,5,1,181.3,0,2.0
7498,control,21,1,238.4,0,1.0
7499,control,5,1,167.6,1,2.0
7500,treatment,5,1,53.8,1,1.0
7501,treatment,1,0,0.0,0,
7501,treatment,21,0,0.0,0,
7501,treatment,6,0,0.0,1,
7502,treatment,21,0,0.0,0,
7503,control,15,1,71.0,0,2.0
7503,control,2,1,69.1,1,2.0
7503,control,19,1,232.0,1,1.0
7504,treatment,3,0,0.0,1,
7505,control,4,1,162.8,0,1.0
7505,control,1,1,152.7,0,5.0
7506,treatment,14,1,296.3,0,1.0
7506,treatment,20,1,137.5,0,1.0
7506,treatment,6,1,177.8,0,1.0
7507,control,20,0,0.0,0,
7507,control,5,1,174.5,0,1.0
7508,treatment,17,1,204.6,0,2.0
7508,treatment,2,0,0.0,1,
7508,treatment,9,0,0.0,0,
7509,control,7,0,0.0,1,
7509,control,17,0,0.0,0,
7509,control,20,0,0.0,0,
7510,treatment,12,1,169.3,0,5.0
7511,control,6,0,0.0,0,
7512,treatment,16,0,0.0,0,
7512,treatment,11,1,124.2,0,3.0
7512,treatment,3,1,156.6,0,2.0
7513,treatment,18,1,161.5,0,1.0
7513,treatment,18,1,143.5,0,1.0
7513,treatment,10,0,0.0,0,
7514,control,13,0,0.0,0,
7515,treatment,18,0,0.0,0,
7515,treatment,21,1,177.9,0,5.0
7516,control,12,1,162.0,0,3.0
7516,control,11,1,155.7,1,1.0
7517,control,13,1,85.2,1,1.0
7517,control,21,1,91.0,0,1.0
7518,treatment,5,0,0.0,0,
7518,treatment,21,0,0.0,0,
7519,control,12,0,0.0,0,
7520,treatment,21,1,142.1,0,4.0
7520,treatment,19,1,144.3,0,1.0
7520,treatment,5,1,170.1,0,1.0
7521,treatment,6,1,180.3,0,3.0
7521,treatment,4,1,155.7,1,1.0
7522,control,12,0,0.0,0,
7523,treatment,8,0,0.0,0,
7523,treatment,8,1,277.0,0,3.0
7523,treatment,20,1,221.2,0,4.0
7524,control,11,0,0.0,1,
7524,control,18,0,0.0,1,
7524,control,6,1,115.8,0,3.0
7525,control,21,1,145.7,1,2.0
7525,control,10,1,228.7,0,2.0
7525,control,15,1,104.4,0,4.0
7526,treatment,11,0,0.0,0,
7526,treatment,20,0,0.0,0,
7526,treatment,5,1,281.3,0,1.0
7527,treatment,1,0,0.0,0,
7527,treatment,7,0,0.0,0,
7528,control,16,0,0.0,0,
7528,control,3,0,0.0,1,
7528,control,4,1,155.8,0,3.0
7529,control,21,0,0.0,0,
7529,control,17,1,187.6,0,2.0
7530,treatment,2,1,155.6,0,5.0
7530,treatment,3,1,290.4,0,1.0
7531,treatment,6,0,0.0,0,
7531,treatment,6,1,94.6,1,2.0
7531,treatment,21,1,355.5,0,3.0
7532,treatment,17,0,0.0,0,
7533,treatment,19,1,148.1,0,1.0
7533,treatment,2,0,0.0,0,
7533,treatment,9,0,0.0,0,
7534,control,4,1,126.8,0,1.0
7535,treatment,4,0,0.0,0,
7536,control,7,0,0.0,1,
7537,control,2,0,0.0,0,
7538,treatment,7,1,201.5,1,2.0
7539,control,16,0,0.0,0,
7540,treatment,14,0,0.0,1,
7540,treatment,21,0,0.0,0,
7541,control,18,1,158.9,1,2.0
7541,control,16,0,0.0,1,
7542,treatment,11,1,205.0,0,1.0
7543,control,5,1,140.2,0,3.0
7544,control,12,0,0.0,1,
7545,treatment,13,1,132.8,0,1.0
7546,treatment,1,0,0.0,0,
7546,treatment,4,1,213.1,0,1.0
7546,treatment,4,1,196.4,0,2.0
7547,control,20,1,164.5,0,1.0
7547,control,4,0,0.0,0,
7548,control,7,0,0.0,0,
7549,treatment,15,1,5.0,0,1.0
7549,treatment,1,0,0.0,1,
7549,treatment,11,0,0.0,0,
7550,control,15,1,46.5,0,1.0
7551,treatment,7,1,200.6,0,1.0
7552,control,18,0,0.0,0,
7552,control,16,0,0.0,0,
7552,control,10,0,0.0,0,
7553,treatment,9,0,0.0,0,
7554,control,8,0,0.0,0,
7554,control,1,1,164.4,1,2.0
7555,treatment,15,1,153.1,0,3.0
7555,treatment,8,0,0.0,0,
7555,treatment,5,1,278.1,1,3.0
7556,treatment,18,1,183.2,1,4.0
7556,treatment,16,0,0.0,0,
7557,control,16,0,0.0,1,
7557,control,8,1,86.1,0,1.0
7558,treatment,8,1,214.7,1,1.0
7558,treatment,4,0,0.0,1,
7558,treatment,8,1,203.4,1,1.0
7559,control,16,1,213.1,0,3.0
7559,control,20,0,0.0,0,
7559,control,18,0,0.0,0,
7560,treatment,11,0,0.0,0,
7560,treatment,20,1,212.9,0,2.0
7561,treatment,10,0,0.0,0,
7562,treatment,3,1,190.6,0,1.0
7562,treatment,8,0,0.0,0,
7563,control,17,1,75.0,0,1.0
7564,treatment,21,1,32.0,0,2.0
7564,treatment,19,0,0.0,0,
7564,treatment,19,0,0.0,0,
7565,control,18,0,0.0,0,
7565,control,5,0,0.0,0,
7566,treatment,20,0,0.0,0,
7567,control,7,0,0.0,0,
7568,control,18,1,98.8,1,3.0
7569,control,14,0,0.0,0,
7569,control,3,1,110.9,0,2.0
7569,control,18,1,141.6,0,1.0
7570,treatment,12,0,0.0,1,
7571,control,1,0,0.0,0,
7571,control,14,1,142.4,0,2.0
7572,treatment,18,1,109.0,0,1.0
7573,control,15,1,80.0,0,5.0
7573,control,3,1,228.6,0,1.0
7573,control,8,0,0.0,0,
7574,control,4,1,170.9,1,2.0
7574,control,2,1,146.1,1,1.0
7574,control,1,0,0.0,1,
7575,control,10,1,125.0,1,1.0
7576,control,14,1,119.2,1,5.0
7576,control,3,1,128.6,0,1.0
7577,treatment,21,0,0.0,0,
7577,treatment,19,0,0.0,0,
7578,control,3,1,213.5,0,1.0
7578,control,11,1,187.3,0,1.0
7579,control,18,1,97.6,0,1.0
7579,control,18,0,0.0,0,
7580,treatment,19,0,0.0,1,
7580,treatment,1,0,0.0,0,
7581,control,14,1,220.5,0,4.0
7581,control,12,0,0.0,0,
7581,control,6,1,93.9,0,2.0
7582,control,2,1,250.8,0,1.0
7582,control,1,1,106.1,1,1.0
7582,control,19,1,205.6,0,1.0
7583,control,16,1,146.0,0,3.0
7583,control,15,1,184.0,0,1.0
7584,control,1,0,0.0,0,
7585,treatment,20,1,106.0,0,1.0
7586,treatment,5,1,187.7,1,5.0
7587,control,15,0,0.0,0,
7588,treatment,5,0,0.0,0,
7589,treatment,16,0,0.0,0,
7589,treatment,15,1,257.5,1,2.0
7589,treatment,19,1,178.6,0,1.0
7590,control,21,0,0.0,0,
7590,control,4,0,0.0,1,
7590,control,10,0,0.0,1,
7591,treatment,12,1,136.0,1,1.0
7591,treatment,6,0,0.0,0,
7592,control,7,0,0.0,0,
7592,control,15,1,187.8,0,2.0
7593,treatment,8,0,0.0,0,
7593,treatment,17,1,176.4,1,1.0
7594,treatment,3,0,0.0,0,
7594,treatment,3,0,0.0,1,
7594,treatment,9,0,0.0,0,
7595,treatment,15,1,230.4,0,1.0
7596,control,11,0,0.0,1,
7596,control,9,0,0.0,1,
7597,treatment,20,1,214.8,0,1.0
7597,treatment,10,0,0.0,1,
7598,control,11,1,156.1,1,3.0
7598,control,10,1,78.6,0,3.0
7598,control,9,0,0.0,1,
7599,control,19,0,0.0,0,
7600,treatment,7,1,188.5,0,1.0
7600,treatment,7,1,206.0,0,1.0
7601,control,19,1,280.9,0,1.0
7602,treatment,1,0,0.0,0,
7602,treatment,7,1,207.1,1,1.0
7602,treatment,7,1,257.4,1,4.0
7603,control,4,0,0.0,0,
7603,control,3,1,175.8,1,1.0
7603,control,4,1,183.1,0,3.0
7604,control,13,1,163.7,1,4.0
7604,control,19,0,0.0,1,
7605,treatment,7,1,262.4,1,2.0
7605,treatment,3,1,196.3,0,1.0
7605,treatment,7,0,0.0,0,
7606,treatment,21,1,182.9,0,2.0
7606,treatment,9,1,220.2,0,1.0
7606,treatment,9,1,181.8,0,1.0
7607,treatment,4,1,200.6,0,2.0
7607,treatment,20,0,0.0,1,
7608,treatment,4,1,253.5,1,4.0
7608,treatment,18,1,234.4,0,1.0
7609,control,14,0,0.0,0,
7609,control,5,1,35.4,0,3.0
7610,control,11,0,0.0,0,
7611,control,16,1,77.9,0,3.0
7611,control,3,0,0.0,0,
7612,treatment,18,1,123.5,1,5.0
7613,control,20,1,105.4,0,2.0
7613,control,9,0,0.0,0,
7614,treatment,7,1,270.7,0,3.0
7614,treatment,3,1,176.4,0,1.0
7615,control,11,0,0.0,0,
7615,control,21,0,0.0,0,
7616,treatment,3,0,0.0,0,
7616,treatment,1,1,155.9,1,3.0
7616,treatment,16,1,206.2,0,3.0
7617,control,17,0,0.0,0,
7617,control,8,0,0.0,1,
7617,control,15,0,0.0,0,
7618,control,10,1,76.6,1,5.0
7619,treatment,12,1,102.0,0,2.0
7620,control,10,1,137.4,0,3.0
7620,control,6,1,101.4,1,1.0
7621,treatment,14,0,0.0,0,
7622,control,21,0,0.0,0,
7622,control,8,0,0.0,0,
7622,control,1,0,0.0,1,
7623,control,3,0,0.0,0,
7624,treatment,6,0,0.0,0,
7625,treatment,1,1,226.9,1,3.0
7625,treatment,4,1,111.7,0,3.0
7626,control,7,0,0.0,0,
7627,control,17,1,120.4,1,1.0
7627,control,14,1,87.0,1,3.0
7627,control,11,0,0.0,0,
7628,control,21,0,0.0,0,
7629,control,14,0,0.0,0,
7629,control,15,1,141.3,1,1.0
7630,control,12,1,148.0,0,1.0
7630,control,5,1,222.2,0,1.0
7631,control,2,0,0.0,0,
7631,control,18,0,0.0,1,
7632,treatment,7,0,0.0,0,
7632,treatment,5,1,279.0,0,2.0
7633,treatment,9,0,0.0,0,
7633,treatment,14,0,0.0,0,
7634,treatment,11,1,282.0,1,3.0
7634,treatment,10,1,173.8,0,1.0
7635,control,14,1,193.6,0,3.0
7636,control,15,0,0.0,1,
7637,control,6,0,0.0,0,
7637,control,20,0,0.0,0,
7638,treatment,3,1,157.7,0,1.0
7639,treatment,10,0,0.0,0,
7640,control,8,0,0.0,0,
7640,control,2,0,0.0,1,
7640,control,10,0,0.0,1,
7641,control,3,0,0.0,1,
7641,control,7,0,0.0,1,
7642,treatment,15,1,220.2,1,1.0
7642,treatment,9,1,185.0,0,3.0
7642,treatment,14,0,0.0,0,
7643,treatment,17,0,0.0,0,
7643,treatment,16,0,0.0,1,
7643,treatment,11,1,212.9,0,1.0
7644,treatment,7,1,177.7,0,1.0
7644,treatment,3,1,236.8,0,3.0
7645,control,12,0,0.0,0,
7646,control,8,1,205.0,0,1.0
7647,control,20,1,171.8,1,2.0
7648,treatment,16,1,123.8,0,5.0
7648,treatment,19,1,186.7,0,1.0
7649,treatment,13,0,0.0,1,
7650,control,11,1,125.9,0,1.0
7651,control,10,0,0.0,0,
7651,control,21,0,0.0,0,
7651,control,18,0,0.0,0,
7652,treatment,15,1,194.4,1,1.0
7653,control,13,1,29.7,1,3.0
7653,control,21,0,0.0,0,
7654,treatment,7,0,0.0,0,
7654,treatment,1,1,183.2,0,1.0
7655,treatment,19,1,159.2,0,4.0
7655,treatment,10,0,0.0,0,
7655,treatment,11,0,0.0,0,
7656,control,8,0,0.0,0,
7656,control,19,1,193.9,0,1.0
7657,treatment,20,1,116.0,1,3.0
7658,control,6,1,136.4,0,2.0
7659,treatment,13,1,180.4,0,1.0
7659,treatment,10,0,0.0,0,
7659,treatment,1,1,114.1,1,5.0
7660,treatment,18,1,293.7,0,2.0
7660,treatment,19,1,126.5,0,1.0
7660,treatment,12,1,195.0,0,1.0
7661,control,10,1,82.6,0,2.0
7661,control,19,1,217.4,0,2.0
7662,treatment,7,1,279.7,0,2.0
7662,treatment,2,1,193.9,0,2.0
7662,treatment,15,0,0.0,0,
7663,control,10,0,0.0,1,
7663,control,10,1,115.2,0,3.0
7663,control,14,1,192.2,0,2.0
7664,control,3,1,184.7,0,2.0
7665,treatment,21,0,0.0,0,
7665,treatment,10,0,0.0,0,
7665,treatment,16,1,218.7,0,1.0
7666,control,1,0,0.0,0,
7666,control,19,1,147.1,0,4.0
7666,control,3,1,203.3,1,5.0
7667,control,7,0,0.0,0,
7667,control,19,0,0.0,0,
7668,control,8,0,0.0,1,
7669,control,8,1,127.4,0,1.0
7669,control,11,0,0.0,1,
7670,control,2,0,0.0,0,
7670,control,9,1,140.7,1,2.0
7670,control,19,0,0.0,1,
7671,control,13,0,0.0,1,
7672,treatment,10,0,0.0,0,
7672,treatment,21,1,198.9,1,3.0
7672,treatment,15,1,205.1,0,2.0
7673,control,14,0,0.0,1,
7673,control,13,1,177.9,1,2.0
7673,control,9,0,0.0,0,
7674,treatment,21,1,196.2,1,1.0
7675,treatment,9,1,150.0,1,1.0
7675,treatment,7,1,102.6,1,1.0
7676,control,13,0,0.0,1,
7677,treatment,13,1,171.4,1,1.0
7677,treatment,17,1,97.7,0,1.0
7678,treatment,2,1,180.6,0,1.0
7678,treatment,21,0,0.0,0,
7679,control,1,0,0.0,0,
7680,control,16,1,82.5,0,2.0
7680,control,14,1,156.5,0,2.0
7680,control,15,0,0.0,0,
7681,control,4,1,183.1,0,1.0
7681,control,6,0,0.0,1,
7682,treatment,19,1,237.6,0,1.0
7682,treatment,17,1,216.7,0,2.0
7682,treatment,13,0,0.0,1,
7683,treatment,8,1,200.0,0,1.0
7683,treatment,10,1,121.6,0,1.0
7684,control,5,0,0.0,1,
7684,control,4,0,0.0,0,
7685,control,7,1,94.6,0,1.0
7685,control,13,1,232.4,0,4.0
7685,control,11,0,0.0,1,
7686,treatment,8,0,0.0,1,
7687,treatment,7,1,189.9,1,2.0
7688,treatment,12,0,0.0,0,
7689,treatment,17,1,197.3,1,1.0
7689,treatment,9,1,256.0,0,4.0
7690,control,21,1,159.6,0,5.0
7691,treatment,11,0,0.0,0,
7691,treatment,19,0,0.0,1,
7692,treatment,18,0,0.0,1,
7693,treatment,9,1,267.0,0,4.0
7693,treatment,12,1,149.0,1,1.0
7693,treatment,18,1,187.9,1,1.0
7694,treatment,12,1,118.9,1,1.0
7694,treatment,12,1,241.9,1,4.0
7694,treatment,3,0,0.0,0,
7695,control,8,1,253.8,0,4.0
7696,control,11,1,197.1,1,2.0
7696,control,9,0,0.0,1,
7697,treatment,1,0,0.0,0,
7697,treatment,20,1,184.3,1,1.0
7697,treatment,21,0,0.0,0,
7698,treatment,3,1,179.5,1,2.0
7698,treatment,13,1,213.6,0,5.0
7698,treatment,15,0,0.0,1,
7699,control,7,1,185.3,0,1.0
7700,control,5,1,193.7,1,1.0
7700,control,6,0,0.0,1,
7700,control,17,0,0.0,1,
7701,treatment,5,1,221.8,1,1.0
7701,treatment,9,1,170.4,1,1.0
7701,treatment,12,1,288.4,0,2.0
7702,treatment,21,1,186.1,0,5.0
7703,control,16,1,181.5,0,1.0
7704,control,4,0,0.0,1,
7704,control,3,0,0.0,0,
7705,control,13,1,123.2,0,1.0
7706,control,10,1,74.4,0,1.0
7706,control,11,0,0.0,1,
7707,control,7,0,0.0,0,
7707,control,18,1,130.5,0,3.0
7707,control,9,0,0.0,1,
7708,control,21,1,115.9,1,5.0
7708,control,12,0,0.0,0,
7708,control,9,1,113.4,1,1.0
7709,treatment,3,1,296.5,1,2.0
7709,treatment,17,0,0.0,0,
7710,control,10,0,0.0,0,
7711,control,11,1,166.8,0,3.0
7711,control,1,0,0.0,0,
7711,control,13,1,218.0,0,4.0
7712,control,6,0,0.0,1,
7712,control,11,1,114.5,0,5.0
7712,control,6,1,125.3,1,1.0
7713,control,14,1,95.0,1,3.0
7713,control,13,1,98.6,0,1.0
7714,treatment,20,1,181.7,0,1.0
7715,treatment,2,1,185.9,0,4.0
7716,control,12,0,0.0,0,
7717,treatment,21,1,112.1,0,1.0
7718,treatment,8,0,0.0,0,
7718,treatment,14,1,212.4,0,3.0
7719,treatment,8,0,0.0,0,
7720,treatment,16,1,233.5,0,1.0
7720,treatment,12,1,102.5,0,1.0
7720,treatment,1,1,181.9,0,1.0
7721,treatment,12,1,255.0,0,1.0
7722,treatment,4,0,0.0,0,
7722,treatment,15,1,297.5,1,1.0
7723,control,7,1,107.6,1,3.0
7724,control,6,1,154.5,0,3.0
7724,control,3,1,185.5,0,2.0
7724,control,19,0,0.0,0,
7725,control,19,1,178.5,1,1.0
7725,control,9,1,97.2,1,3.0
7726,control,10,1,121.4,1,1.0
7726,control,1,0,0.0,0,
7727,control,21,0,0.0,1,
7728,treatment,2,1,161.7,0,1.0
7728,treatment,8,0,0.0,0,
7729,control,3,0,0.0,1,
7729,control,11,1,143.0,0,1.0
7730,control,3,1,53.0,0,3.0
7730,control,5,1,43.6,1,1.0
7731,treatment,16,1,105.6,0,2.0
7732,treatment,19,0,0.0,0,
7733,control,12,0,0.0,0,
7734,treatment,8,0,0.0,0,
7735,treatment,19,0,0.0,1,
7736,treatment,12,0,0.0,0,
7736,treatment,1,0,0.0,0,
7737,treatment,12,0,0.0,0,
7738,control,17,0,0.0,0,
7738,control,18,0,0.0,1,
7738,control,9,0,0.0,0,
7739,treatment,15,1,207.1,0,2.0
7740,control,3,0,0.0,1,
7740,control,10,1,174.5,0,2.0
7741,control,16,0,0.0,0,
7741,control,18,1,137.3,0,1.0
7741,control,19,0,0.0,0,
7742,treatment,4,1,136.2,0,1.0
7742,treatment,21,1,57.5,0,3.0
7742,treatment,2,1,87.7,0,1.0
7743,treatment,11,1,98.5,0,1.0
7743,treatment,12,0,0.0,1,
7743,treatment,19,1,121.3,0,1.0
7744,treatment,13,0,0.0,1,
7745,control,12,1,27.4,0,1.0
7746,treatment,10,1,186.1,0,1.0
7746,treatment,17,0,0.0,1,
7747,treatment,19,1,301.4,0,3.0
7747,treatment,10,0,0.0,0,
7747,treatment,15,1,288.0,1,2.0
7748,treatment,21,1,188.4,0,1.0
7749,treatment,4,1,132.1,0,1.0
7749,treatment,15,0,0.0,1,
7750,treatment,9,0,0.0,0,
7750,treatment,7,0,0.0,1,
7751,control,16,0,0.0,0,
7751,control,5,1,186.4,0,1.0
7752,treatment,7,0,0.0,0,
7752,treatment,20,1,156.4,0,2.0
7753,treatment,3,1,168.1,0,1.0
7754,treatment,1,0,0.0,0,
7754,treatment,13,0,0.0,0,
7755,control,8,0,0.0,0,
7755,control,19,1,110.1,0,3.0
7756,treatment,1,0,0.0,0,
7756,treatment,15,1,220.6,1,1.0
7756,treatment,12,1,175.9,0,1.0
7757,control,12,1,104.8,0,4.0
7758,control,13,1,132.1,0,5.0
7758,control,8,1,73.4,0,1.0
7758,control,20,1,20.8,0,1.0
7759,treatment,14,0,0.0,1,
7759,treatment,10,0,0.0,1,
7760,treatment,18,1,211.8,1,1.0
7761,treatment,12,0,0.0,0,
7761,treatment,21,1,168.9,0,1.0
7762,control,1,0,0.0,1,
7762,control,5,1,207.5,0,1.0
7763,control,2,0,0.0,1,
7764,control,20,1,92.0,1,1.0
7764,control,18,1,56.9,0,2.0
7765,control,21,1,187.4,0,3.0
7766,control,10,0,0.0,1,
7767,control,15,0,0.0,1,
7767,control,10,1,174.9,1,2.0
7767,control,11,0,0.0,0,
7768,treatment,5,1,197.7,0,1.0
7769,treatment,16,1,214.3,0,1.0
7770,control,18,0,0.0,0,
7770,control,2,1,210.1,1,2.0
7771,treatment,14,1,188.9,1,1.0
7772,treatment,2,1,174.5,0,2.0
7773,control,6,1,99.2,0,4.0
7774,control,2,0,0.0,1,
7774,control,18,0,0.0,1,
7775,treatment,4,0,0.0,0,
7775,treatment,7,1,203.2,0,3.0
7776,control,11,0,0.0,0,
7776,control,11,0,0.0,0,
7776,control,8,1,207.3,1,5.0
7777,control,16,0,0.0,0,
7777,control,4,0,0.0,0,
7778,treatment,3,1,66.3,0,1.0
7778,treatment,4,1,175.4,0,4.0
7779,control,6,1,179.8,1,2.0
7779,control,15,0,0.0,1,
7780,treatment,14,1,154.4,1,1.0
7780,treatment,8,1,114.4,0,1.0
7780,treatment,21,0,0.0,1,
7781,treatment,9,0,0.0,1,
7782,treatment,11,0,0.0,0,
7783,treatment,1,1,178.7,0,1.0
7784,treatment,11,0,0.0,1,
7784,treatment,10,1,158.7,0,1.0
7784,treatment,1,0,0.0,0,
7785,control,18,1,118.5,0,1.0
7785,control,3,0,0.0,0,
7785,control,11,0,0.0,1,
7786,control,7,1,199.1,0,4.0
7787,control,18,1,43.7,0,1.0
7787,control,7,0,0.0,0,
7787,control,10,1,177.5,0,2.0
7788,control,6,1,31.6,1,4.0
7788,control,14,1,129.5,0,1.0
7788,control,2,0,0.0,1,
7789,treatment,12,0,0.0,0,
7789,treatment,9,0,0.0,0,
7790,treatment,3,1,191.9,0,3.0
7790,treatment,5,0,0.0,1,
7790,treatment,5,0,0.0,0,
7791,control,8,1,170.0,1,1.0
7792,treatment,7,1,206.8,0,2.0
7792,treatment,3,0,0.0,0,
7793,control,11,0,0.0,0,
7793,control,11,0,0.0,0,
7794,control,7,0,0.0,0,
7794,control,19,1,91.6,0,1.0
7795,control,8,1,99.1,0,1.0
7795,control,10,1,218.6,1,1.0
7795,control,21,0,0.0,0,
7796,treatment,7,0,0.0,1,
7796,treatment,21,1,197.2,1,1.0
7797,treatment,11,1,283.8,1,3.0
7798,treatment,6,1,181.2,0,3.0
7798,treatment,21,1,124.0,0,1.0
7798,treatment,12,0,0.0,0,
7799,treatment,19,0,0.0,0,
7800,control,2,1,116.9,1,1.0
7800,control,12,0,0.0,1,
7801,treatment,15,0,0.0,0,
7801,treatment,10,0,0.0,1,
7802,treatment,18,0,0.0,1,
7803,treatment,9,1,141.1,0,1.0
7804,control,4,1,105.1,0,5.0
7804,control,14,0,0.0,1,
7805,control,5,1,80.5,1,4.0
7805,control,13,0,0.0,0,
7805,control,3,1,121.8,0,4.0
7806,treatment,13,0,0.0,1,
7806,treatment,2,1,316.4,0,1.0
7807,treatment,6,0,0.0,0,
7807,treatment,12,1,134.8,0,2.0
7808,treatment,10,1,233.2,0,1.0
7809,treatment,3,1,130.5,0,1.0
7810,control,7,0,0.0,1,
7810,control,20,0,0.0,0,
7810,control,9,0,0.0,1,
7811,treatment,6,1,130.8,0,1.0
7811,treatment,4,1,141.6,1,1.0
7812,treatment,19,1,272.3,0,1.0
7812,treatment,1,1,165.7,0,2.0
7813,treatment,2,0,0.0,0,
7814,control,17,0,0.0,0,
7814,control,12,0,0.0,0,
7815,control,15,0,0.0,0,
7816,treatment,1,1,163.6,0,1.0
7816,treatment,3,1,215.3,0,5.0
7816,treatment,7,1,261.1,0,3.0
7817,treatment,9,0,0.0,1,
7818,treatment,6,1,165.6,0,3.0
7819,treatment,8,0,0.0,0,
7819,treatment,11,1,59.9,0,1.0
7820,treatment,3,0,0.0,1,
7820,treatment,7,1,223.6,0,1.0
7820,treatment,21,0,0.0,0,
7821,control,10,1,85.2,1,1.0
7822,control,17,0,0.0,1,
7822,control,17,1,182.5,1,3.0
7822,control,5,1,113.9,0,2.0
7823,control,7,1,124.1,0,2.0
7823,control,11,1,202.6,0,3.0
7824,treatment,13,1,135.9,1,1.0
7825,control,12,1,236.9,0,1.0
7825,control,20,1,177.3,0,1.0
7826,control,5,1,185.8,0,3.0
7826,control,19,1,188.5,0,3.0
7827,control,20,0,0.0,0,
7828,treatment,11,1,184.6,0,4.0
7828,treatment,14,1,148.5,0,2.0
7829,treatment,9,0,0.0,1,
7830,control,11,0,0.0,0,
7831,treatment,13,1,212.5,0,2.0
7832,control,20,1,136.2,0,2.0
7833,control,5,0,0.0,0,
7834,control,9,0,0.0,0,
7835,control,1,1,79.9,0,1.0
7835,control,3,0,0.0,0,
7835,control,12,0,0.0,0,
7836,treatment,17,1,214.4,0,1.0
7836,treatment,7,1,108.7,0,1.0
7836,treatment,14,1,304.6,0,5.0
7837,treatment,18,1,10.7,0,3.0
7838,treatment,17,0,0.0,0,
7838,treatment,17,0,0.0,0,
7838,treatment,17,0,0.0,1,
7839,treatment,4,1,84.4,1,1.0
7839,treatment,1,1,98.7,0,1.0
7839,treatment,16,1,229.8,0,1.0
7840,control,7,0,0.0,0,
7841,treatment,5,0,0.0,1,
7842,control,11,1,102.4,0,5.0
7843,treatment,13,1,98.7,0,1.0
7844,treatment,4,1,193.1,1,2.0
7844,treatment,11,1,224.3,0,1.0
7845,treatment,18,1,152.3,0,1.0
7845,treatment,7,1,162.6,0,1.0
7845,treatment,15,0,0.0,0,
7846,control,10,1,92.5,0,2.0
7846,control,19,1,74.0,0,3.0
7847,control,12,0,0.0,0,
7847,control,8,1,287.7,0,2.0
7847,control,13,0,0.0,0,
7848,control,13,1,121.2,0,4.0
7848,control,11,1,111.4,0,3.0
7848,control,1,1,139.3,0,3.0
7849,control,7,1,184.8,0,3.0
7850,treatment,8,0,0.0,0,
7850,treatment,6,0,0.0,1,
7850,treatment,14,1,284.9,0,2.0
7851,control,7,0,0.0,0,
7851,control,15,1,63.1,0,1.0
7851,control,3,0,0.0,0,
7852,control,16,1,157.3,0,1.0
7852,control,2,0,0.0,1,
7853,treatment,5,1,150.5,0,1.0
7853,treatment,16,0,0.0,1,
7853,treatment,21,0,0.0,1,
7854,treatment,20,1,108.2,1,1.0
7855,control,20,1,101.5,1,1.0
7855,control,4,1,134.7,1,1.0
7855,control,1,1,158.6,0,2.0
7856,treatment,6,0,0.0,0,
7856,treatment,13,1,185.4,0,2.0
7856,treatment,2,0,0.0,1,
7857,control,20,1,207.5,1,2.0
7857,control,17,1,144.3,1,2.0
7857,control,4,0,0.0,0,
7858,treatment,9,1,248.0,0,1.0
7858,treatment,9,0,0.0,1,
7859,control,2,1,84.8,0,5.0
7860,control,4,0,0.0,0,
7860,control,3,0,0.0,0,
7861,control,11,0,0.0,0,
7862,control,11,1,164.2,1,4.0
7863,control,3,1,5.0,0,1.0
7863,control,4,1,121.0,1,3.0
7863,control,11,0,0.0,1,
7864,treatment,9,0,0.0,1,
7865,control,5,1,44.8,0,3.0
7865,control,5,1,156.4,0,2.0
7866,control,10,1,190.0,0,1.0
7866,control,6,1,100.5,1,4.0
7867,control,21,1,244.1,0,1.0
7867,control,13,0,0.0,0,
7868,control,2,0,0.0,0,
7868,control,20,1,159.4,0,3.0
7868,control,7,0,0.0,0,
7869,control,1,1,52.2,0,1.0
7869,control,13,1,50.7,0,2.0
7870,treatment,12,0,0.0,0,
7870,treatment,5,1,198.7,0,2.0
7871,treatment,2,1,140.9,1,1.0
7872,control,10,1,173.1,1,1.0
7873,treatment,19,1,254.9,0,1.0
7873,treatment,15,1,153.1,0,3.0
7873,treatment,15,0,0.0,0,
7874,control,9,1,135.6,0,1.0
7875,treatment,18,1,146.5,0,1.0
7876,treatment,8,1,232.2,1,1.0
7877,control,11,1,176.0,1,5.0
7877,control,9,1,239.0,0,3.0
7878,treatment,10,0,0.0,1,
7878,treatment,5,0,0.0,1,
7879,treatment,20,0,0.0,0,
7879,treatment,3,1,247.9,0,1.0
7880,control,16,0,0.0,0,
7881,control,19,1,184.0,0,5.0
7882,treatment,3,0,0.0,1,
7882,treatment,5,1,56.4,0,1.0
7882,treatment,21,1,315.9,1,2.0
7883,treatment,11,1,135.8,0,1.0
7883,treatment,8,0,0.0,1,
7883,treatment,4,1,216.6,0,5.0
7884,treatment,5,0,0.0,0,
7884,treatment,8,1,299.0,0,5.0
7884,treatment,14,1,129.5,0,2.0
7885,control,11,1,64.7,1,1.0
7886,treatment,10,1,62.0,0,2.0
7887,treatment,20,1,134.5,0,2.0
7887,treatment,2,1,298.7,0,1.0
7887,treatment,9,1,110.0,0,4.0
7888,treatment,17,0,0.0,0,
7888,treatment,8,0,0.0,1,
7888,treatment,13,1,276.9,0,1.0
7889,control,14,0,0.0,0,
7889,control,14,1,147.2,0,2.0
7890,control,13,1,161.5,0,3.0
7891,control,13,0,0.0,0,
7891,control,1,1,127.8,0,2.0
7891,control,21,1,79.3,1,3.0
7892,control,12,0,0.0,0,
7892,control,2,1,184.5,1,2.0
7892,control,8,0,0.0,1,
7893,treatment,13,1,150.0,0,1.0
7893,treatment,14,1,274.8,0,1.0
7893,treatment,7,1,155.2,0,1.0
7894,control,18,0,0.0,0,
7894,control,1,0,0.0,0,
7894,control,19,0,0.0,0,
7895,treatment,17,0,0.0,0,
7895,treatment,4,0,0.0,1,
7896,treatment,12,1,190.2,0,1.0
7896,treatment,8,1,188.9,0,4.0
7896,treatment,17,0,0.0,0,
7897,treatment,3,0,0.0,0,
7897,treatment,9,0,0.0,0,
7897,treatment,5,1,141.0,0,1.0
7898,treatment,5,1,177.1,1,3.0
7898,treatment,15,0,0.0,0,
7898,treatment,15,1,174.5,0,2.0
7899,control,10,1,183.3,0,3.0
7899,control,20,1,161.8,1,4.0
7900,control,11,0,0.0,1,
7901,control,10,0,0.0,1,
7901,control,10,1,124.7,1,5.0
7902,control,12,0,0.0,1,
7903,control,8,0,0.0,0,
7903,control,14,0,0.0,0,
7904,treatment,15,1,97.9,1,1.0
7904,treatment,21,1,230.0,0,1.0
7904,treatment,4,1,175.5,0,3.0
7905,control,21,0,0.0,0,
7905,control,12,1,152.9,0,4.0
7906,control,18,0,0.0,0,
7907,control,16,1,151.5,0,5.0
7907,control,12,1,92.6,0,1.0
7908,control,10,0,0.0,0,
7909,treatment,18,1,149.9,0,1.0
7909,treatment,10,1,245.0,0,2.0
7909,treatment,13,0,0.0,1,
7910,treatment,11,0,0.0,0,
7911,treatment,2,1,148.4,0,2.0
7911,treatment,1,1,127.9,1,1.0
7911,treatment,10,1,136.0,0,1.0
7912,treatment,1,1,177.7,0,1.0
7912,treatment,7,0,0.0,0,
7913,treatment,3,1,293.4,1,3.0
7913,treatment,14,1,191.5,1,1.0
7914,control,9,0,0.0,0,
7914,control,16,0,0.0,0,
7914,control,14,1,179.6,0,2.0
7915,treatment,5,1,275.8,0,1.0
7915,treatment,16,1,276.5,0,1.0
7916,treatment,13,0,0.0,0,
7916,treatment,12,0,0.0,0,
7916,treatment,8,1,151.4,0,1.0
7917,treatment,16,0,0.0,0,
7918,control,20,0,0.0,0,
7918,control,2,0,0.0,0,
7919,control,20,0,0.0,1,
7919,control,10,1,102.7,0,2.0
7920,treatment,16,0,0.0,0,
7920,treatment,13,0,0.0,1,
7920,treatment,8,1,187.6,0,1.0
7921,control,9,1,196.5,0,1.0
7921,control,13,0,0.0,0,
7921,control,1,1,119.7,0,2.0
7922,control,18,0,0.0,1,
7923,treatment,16,1,213.5,0,1.0
7924,control,7,0,0.0,0,
7924,control,1,1,206.4,1,2.0
7925,control,21,1,310.4,1,3.0
7925,control,5,0,0.0,0,
7925,control,6,0,0.0,0,
7926,control,14,1,170.2,1,1.0
7927,treatment,19,1,117.9,1,1.0
7927,treatment,6,1,67.1,0,2.0
7927,treatment,19,0,0.0,1,
7928,treatment,7,1,172.5,0,1.0
7928,treatment,13,0,0.0,1,
7928,treatment,20,0,0.0,0,
7929,treatment,6,0,0.0,0,
7929,treatment,20,1,82.2,0,5.0
7929,treatment,15,1,14.9,0,1.0
7930,control,3,1,158.6,1,1.0
7930,control,1,0,0.0,1,
7930,control,10,1,237.0,1,3.0
7931,treatment,19,1,193.8,0,2.0
7931,treatment,14,1,223.2,0,1.0
7931,treatment,21,0,0.0,0,
7932,control,13,0,0.0,1,
7932,control,13,1,112.8,0,3.0
7933,control,16,0,0.0,1,
7934,control,21,1,306.1,0,4.0
7934,control,17,1,139.8,0,2.0
7935,treatment,9,1,259.0,0,1.0
7936,treatment,19,0,0.0,1,
7936,treatment,2,1,243.3,1,1.0
7937,treatment,13,1,190.5,1,1.0
7937,treatment,1,1,190.7,1,1.0
7937,treatment,19,0,0.0,0,
7938,treatment,18,1,221.2,0,1.0
7938,treatment,21,1,138.1,0,3.0
7939,control,16,1,47.9,1,2.0
7939,control,14,0,0.0,0,
7940,treatment,13,0,0.0,0,
7941,control,15,1,108.3,0,1.0
7941,control,6,1,212.8,1,1.0
7941,control,12,0,0.0,0,
7942,treatment,14,1,138.8,0,2.0
7943,treatment,16,1,207.7,1,1.0
7943,treatment,21,0,0.0,0,
7944,treatment,5,1,116.2,0,5.0
7945,control,18,0,0.0,0,
7945,control,3,0,0.0,0,
7945,control,13,1,132.7,0,2.0
7946,control,10,0,0.0,0,
7946,control,15,0,0.0,0,
7946,control,20,1,122.8,0,5.0
7947,control,1,1,163.2,0,2.0
7947,control,14,0,0.0,0,
7947,control,4,0,0.0,0,
7948,control,6,1,109.0,0,1.0
7948,control,5,1,118.0,0,1.0
7948,control,10,1,71.6,0,1.0
7949,control,19,0,0.0,0,
7950,treatment,6,1,208.5,0,3.0
7951,control,1,1,134.1,1,1.0
7951,control,16,1,89.5,0,1.0
7952,control,9,0,0.0,1,
7953,control,10,1,154.6,1,1.0
7953,control,7,1,152.4,1,1.0
7954,control,14,0,0.0,0,
7955,treatment,9,0,0.0,0,
7955,treatment,18,0,0.0,1,
7956,control,20,1,223.5,1,4.0
7956,control,13,0,0.0,0,
7956,control,1,0,0.0,0,
7957,treatment,20,1,183.5,1,3.0
7958,treatment,1,0,0.0,0,
7959,treatment,19,0,0.0,1,
7959,treatment,12,0,0.0,1,
7960,control,5,1,248.7,0,5.0
7960,control,2,1,95.7,1,1.0
7960,control,13,0,0.0,0,
7961,treatment,20,1,244.4,0,5.0
7962,control,2,0,0.0,0,
7962,control,14,1,64.1,0,3.0
7962,control,11,0,0.0,1,
7963,control,18,1,5.0,0,2.0
7963,control,4,1,251.8,1,2.0
7964,control,8,1,183.0,0,2.0
7965,control,4,1,76.2,0,4.0
7966,control,6,1,233.3,0,1.0
7966,control,21,0,0.0,0,
7967,treatment,1,0,0.0,0,
7967,treatment,1,1,241.8,0,3.0
7967,treatment,15,0,0.0,0,
7968,treatment,14,0,0.0,1,
7968,treatment,17,1,190.2,0,2.0
7969,control,16,0,0.0,0,
7969,control,13,0,0.0,0,
7970,treatment,14,1,184.1,1,1.0
7970,treatment,8,1,139.9,0,2.0
7970,treatment,18,1,184.4,0,2.0
7971,control,9,0,0.0,0,
7972,treatment,2,1,157.9,0,1.0
7972,treatment,9,1,198.7,0,1.0
7973,treatment,18,0,0.0,0,
7974,treatment,2,1,61.0,0,1.0
7974,treatment,20,0,0.0,0,
7974,treatment,14,1,180.5,1,1.0
7975,treatment,6,1,190.7,1,2.0
7975,treatment,3,1,199.4,0,1.0
7975,treatment,6,0,0.0,0,
7976,treatment,13,1,161.5,0,1.0
7976,treatment,16,1,149.0,0,1.0
7976,treatment,17,1,179.9,1,1.0
7977,control,19,1,241.1,0,1.0
7977,control,20,0,0.0,0,
7978,control,7,1,198.1,0,1.0
7979,treatment,20,1,166.9,0,1.0
7980,control,1,0,0.0,0,
7980,control,10,1,142.5,1,1.0
7981,treatment,17,0,0.0,0,
7982,control,17,0,0.0,0,
7983,treatment,16,0,0.0,0,
7983,treatment,7,0,0.0,0,
7983,treatment,16,1,131.9,1,1.0
7984,treatment,10,0,0.0,0,
7984,treatment,12,0,0.0,1,
7985,treatment,10,1,223.9,0,2.0
7986,control,2,1,159.3,1,3.0
7986,control,16,0,0.0,1,
7986,control,12,1,151.2,0,4.0
7987,control,8,1,160.7,1,3.0
7987,control,9,1,173.1,0,2.0
7987,control,20,0,0.0,1,
7988,treatment,7,1,268.3,0,3.0
7988,treatment,16,1,190.6,0,1.0
7988,treatment,20,1,153.0,1,1.0
7989,treatment,17,1,227.9,0,1.0
7989,treatment,11,0,0.0,1,
7990,control,2,1,82.1,1,1.0
7990,control,7,0,0.0,0,
7990,control,12,0,0.0,0,
7991,control,5,1,136.7,0,4.0
7992,control,8,0,0.0,1,
7993,control,12,0,0.0,1,
7993,control,12,1,84.9,1,4.0
7993,control,15,0,0.0,1,
7994,control,11,0,0.0,1,
7995,treatment,2,1,278.5,0,1.0
7995,treatment,18,1,193.5,0,1.0
7995,treatment,2,0,0.0,0,
7996,control,6,0,0.0,0,
7996,control,16,0,0.0,0,
7997,treatment,16,1,196.9,0,1.0
7997,treatment,2,0,0.0,0,
7997,treatment,15,1,237.8,0,5.0
7998,treatment,15,1,189.2,0,1.0
7998,treatment,10,1,50.2,1,1.0
7998,treatment,11,0,0.0,0,
7999,control,9,1,90.8,0,1.0
8000,control,18,0,0.0,1,
8000,control,11,0,0.0,0,
8001,treatment,4,1,245.6,1,1.0
8002,control,11,1,199.3,0,1.0
8002,control,18,0,0.0,0,
8002,control,7,1,204.0,0,3.0
8003,treatment,5,1,135.9,0,2.0
8003,treatment,10,0,0.0,0,
8004,control,10,1,264.2,1,4.0
8005,control,14,1,198.8,1,3.0
8005,control,17,0,0.0,0,
8006,control,17,0,0.0,0,
8006,control,9,1,110.8,1,1.0
8007,treatment,4,0,0.0,0,
8007,treatment,19,0,0.0,0,
8007,treatment,3,1,128.4,1,3.0
8008,control,21,0,0.0,0,
8009,treatment,5,1,199.9,0,1.0
8009,treatment,15,0,0.0,0,
8010,control,1,0,0.0,1,
8010,control,2,1,108.4,1,1.0
8011,treatment,2,1,231.1,0,1.0
8011,treatment,15,0,0.0,1,
8011,treatment,12,0,0.0,0,
8012,control,16,0,0.0,1,
8012,control,21,0,0.0,1,
8013,treatment,11,0,0.0,0,
8014,treatment,11,0,0.0,1,
8015,treatment,16,0,0.0,0,
8015,treatment,9,1,202.0,0,1.0
8015,treatment,7,1,145.1,1,1.0
8016,treatment,18,0,0.0,1,
8017,treatment,2,0,0.0,0,
8018,treatment,5,0,0.0,0,
8018,treatment,7,1,184.5,0,1.0
8018,treatment,20,0,0.0,0,
8019,control,12,1,197.7,0,3.0
8019,control,10,1,99.3,1,3.0
8020,treatment,12,0,0.0,0,
8020,treatment,3,1,190.1,0,1.0
8021,treatment,5,1,145.7,0,1.0
8022,treatment,3,0,0.0,1,
8022,treatment,13,1,54.0,1,1.0
8022,treatment,9,0,0.0,1,
8023,control,21,1,241.8,0,1.0
8023,control,5,1,152.6,0,1.0
8024,control,3,0,0.0,0,
8024,control,14,1,320.0,0,4.0
8024,control,1,0,0.0,0,
8025,control,2,0,0.0,0,
8026,treatment,16,1,235.0,0,2.0
8026,treatment,7,1,114.7,1,1.0
8026,treatment,3,1,225.6,1,5.0
8027,control,2,0,0.0,0,
8028,control,10,0,0.0,1,
8029,treatment,12,0,0.0,0,
8029,treatment,1,0,0.0,0,
8029,treatment,12,0,0.0,0,
8030,treatment,7,1,156.5,0,2.0
8031,control,10,1,113.5,0,5.0
8032,treatment,20,0,0.0,0,
8032,treatment,4,1,158.3,1,1.0
8033,treatment,16,0,0.0,1,
8033,treatment,6,0,0.0,0,
8034,treatment,18,0,0.0,0,
8035,treatment,11,1,107.7,0,3.0
8035,treatment,3,1,126.9,0,2.0
8036,control,14,0,0.0,0,
8036,control,21,0,0.0,0,
8037,treatment,8,0,0.0,0,
8038,control,19,1,77.9,1,4.0
8038,control,13,1,169.5,0,2.0
8038,control,8,0,0.0,0,
8039,control,10,0,0.0,1,
8040,control,7,1,163.9,0,1.0
8040,control,5,0,0.0,0,
8041,control,12,1,226.5,0,1.0
8041,control,2,1,125.2,0,1.0
8042,treatment,21,1,173.1,0,4.0
8043,treatment,1,0,0.0,0,
8043,treatment,5,0,0.0,1,
8043,treatment,19,1,298.8,0,3.0
8044,treatment,21,0,0.0,0,
8045,control,17,1,60.1,1,1.0
8045,control,16,1,128.1,0,2.0
8045,control,9,0,0.0,0,
8046,control,13,1,124.3,1,2.0
8047,control,11,1,153.8,0,5.0
8047,control,14,1,151.5,0,2.0
8048,treatment,10,1,120.5,0,4.0
8049,control,7,0,0.0,0,
8049,control,7,1,49.9,0,1.0
8049,control,17,0,0.0,0,
8050,treatment,16,0,0.0,0,
8050,treatment,8,1,172.7,0,1.0
8051,treatment,13,1,174.0,0,1.0
8051,treatment,1,1,136.6,0,2.0
8051,treatment,9,0,0.0,0,
8052,treatment,13,1,190.2,1,3.0
8052,treatment,2,0,0.0,0,
8053,treatment,17,1,178.0,0,1.0
8053,treatment,17,1,174.9,0,1.0
8053,treatment,20,0,0.0,1,
8054,control,3,0,0.0,0,
8054,control,14,1,61.9,0,2.0
8055,treatment,1,0,0.0,0,
8055,treatment,19,0,0.0,0,
8056,control,10,0,0.0,0,
8057,treatment,11,1,136.8,0,1.0
8057,treatment,8,1,200.2,0,2.0
8058,control,10,0,0.0,0,
8059,control,4,1,72.7,0,3.0
8059,control,6,1,219.4,0,3.0
8060,treatment,17,0,0.0,0,
8060,treatment,15,1,223.3,0,1.0
8061,treatment,4,0,0.0,1,
8062,treatment,15,1,251.3,0,1.0
8063,control,9,0,0.0,0,
8064,treatment,5,1,206.6,1,1.0
8065,treatment,21,0,0.0,0,
8066,control,2,0,0.0,0,
8066,control,16,1,107.6,0,3.0
8066,control,2,0,0.0,0,
8067,treatment,1,0,0.0,0,
8068,control,15,1,117.7,0,4.0
8068,control,19,0,0.0,1,
8069,treatment,5,1,320.9,0,1.0
8069,treatment,8,0,0.0,1,
8070,control,5,0,0.0,1,
8070,control,11,0,0.0,1,
8070,control,12,1,214.5,1,2.0
8071,control,18,1,85.9,0,2.0
8071,control,5,0,0.0,1,
8072,treatment,21,1,148.6,1,1.0
8073,control,11,0,0.0,0,
8073,control,4,1,241.9,1,4.0
8074,treatment,18,1,113.6,1,1.0
8074,treatment,18,1,120.8,0,2.0
8074,treatment,1,1,228.6,0,2.0
8075,treatment,3,1,279.8,1,1.0
8075,treatment,14,0,0.0,0,
8076,control,9,0,0.0,0,
8076,control,17,1,120.0,0,1.0
8077,treatment,16,1,137.2,1,2.0
8077,treatment,8,1,131.3,0,1.0
8077,treatment,3,1,147.5,0,1.0
8078,control,18,0,0.0,1,
8078,control,21,1,148.5,1,1.0
8079,control,9,1,97.0,0,3.0
8080,control,15,1,33.9,1,1.0
8080,control,16,0,0.0,0,
8081,control,8,1,93.1,0,1.0
8081,control,18,0,0.0,1,
8082,control,6,0,0.0,0,
8083,control,14,0,0.0,0,
8083,control,18,0,0.0,1,
8084,control,5,1,203.0,0,2.0
8085,control,6,1,122.8,1,1.0
8086,treatment,3,1,225.9,0,2.0
8087,treatment,9,1,107.1,0,3.0
8087,treatment,14,1,243.7,1,2.0
8087,treatment,13,0,0.0,0,
8088,control,2,0,0.0,0,
8088,control,20,0,0.0,0,
8089,treatment,16,0,0.0,0,
8089,treatment,9,0,0.0,0,
8089,treatment,2,1,188.7,1,1.0
8090,treatment,9,1,180.0,1,1.0
8090,treatment,15,1,278.4,0,1.0
8090,treatment,1,0,0.0,1,
8091,treatment,10,0,0.0,1,
8091,treatment,15,1,244.8,0,4.0
8091,treatment,1,1,266.9,0,1.0
8092,treatment,18,0,0.0,0,
8092,treatment,3,1,66.3,1,1.0
8092,treatment,3,0,0.0,1,
8093,treatment,4,0,0.0,0,
8094,treatment,9,1,156.5,1,2.0
8095,control,6,0,0.0,0,
8095,control,18,0,0.0,1,
8095,control,10,1,73.4,0,2.0
8096,treatment,2,1,209.9,0,4.0
8097,treatment,16,1,166.2,0,1.0
8097,treatment,16,1,227.4,0,1.0
8098,treatment,14,0,0.0,0,
8099,treatment,19,1,92.0,1,1.0
8099,treatment,20,0,0.0,0,
8099,treatment,14,1,115.0,0,2.0
8100,control,18,0,0.0,1,
8100,control,3,0,0.0,0,
8101,control,18,0,0.0,0,
8102,control,11,1,76.3,1,1.0
8103,control,10,1,75.4,0,2.0
8104,treatment,10,1,197.9,0,1.0
8104,treatment,20,1,218.6,0,1.0
8104,treatment,15,1,225.7,0,2.0
8105,control,14,0,0.0,0,
8105,control,13,0,0.0,0,
8106,control,5,1,160.1,1,2.0
8107,control,11,0,0.0,0,
8107,control,3,0,0.0,1,
8108,control,16,1,147.2,0,1.0
8108,control,6,0,0.0,0,
8108,control,9,0,0.0,0,
8109,treatment,16,0,0.0,0,
8109,treatment,18,1,207.4,0,1.0
8110,control,3,0,0.0,0,
8111,treatment,21,1,209.0,0,1.0
8111,treatment,4,0,0.0,0,
8112,control,12,1,249.2,0,4.0
8112,control,13,0,0.0,0,
8112,control,2,1,150.9,0,5.0
8113,treatment,20,0,0.0,0,
8113,treatment,21,0,0.0,1,
8114,treatment,15,1,143.1,0,4.0
8114,treatment,11,0,0.0,0,
8115,control,1,1,150.8,0,4.0
8115,control,11,0,0.0,0,
8115,control,1,0,0.0,1,
8116,control,9,0,0.0,1,
8117,control,13,0,0.0,0,
8118,control,14,1,254.2,0,3.0
8118,control,3,0,0.0,1,
8119,treatment,10,0,0.0,0,
8119,treatment,2,1,130.0,0,5.0
8120,treatment,14,1,251.2,1,1.0
8120,treatment,20,0,0.0,0,
8120,treatment,3,0,0.0,1,
8121,control,11,1,185.0,1,1.0
8121,control,15,1,128.6,0,5.0
8122,control,4,1,197.8,0,4.0
8123,treatment,19,1,217.4,1,4.0
8124,control,19,1,42.7,1,2.0
8124,control,19,1,136.6,0,2.0
8124,control,3,0,0.0,1,
8125,treatment,19,1,176.1,1,3.0
8125,treatment,8,0,0.0,1,
8125,treatment,7,1,207.3,0,1.0
8126,control,14,0,0.0,1,
8127,treatment,17,0,0.0,0,
8127,treatment,5,1,192.4,0,1.0
8128,treatment,1,1,186.0,0,1.0
8128,treatment,3,1,229.9,0,2.0
8129,treatment,9,1,205.4,1,2.0
8130,treatment,15,1,127.6,0,4.0
8130,treatment,19,0,0.0,0,
8130,treatment,12,1,217.6,0,1.0
8131,treatment,8,1,296.1,0,2.0
8131,treatment,11,1,155.2,1,2.0
8132,control,13,0,0.0,1,
8133,treatment,13,1,176.4,0,3.0
8133,treatment,15,1,108.0,0,1.0
8133,treatment,6,0,0.0,0,
8134,control,3,1,95.7,0,5.0
8135,treatment,17,0,0.0,0,
8135,treatment,20,1,194.5,0,1.0
8136,treatment,1,1,80.1,1,1.0
8136,treatment,21,0,0.0,0,
8136,treatment,5,0,0.0,0,
8137,control,13,1,231.2,0,1.0
8137,control,19,1,201.4,0,1.0
8137,control,4,1,58.4,0,4.0
8138,control,21,0,0.0,0,
8139,control,20,0,0.0,1,
8140,control,3,1,147.2,0,1.0
8140,control,5,1,174.9,0,5.0
8140,control,18,1,164.4,1,2.0
8141,treatment,7,0,0.0,1,
8141,treatment,6,0,0.0,0,
8142,control,20,0,0.0,1,
8142,control,2,1,146.8,0,3.0
8143,treatment,18,0,0.0,0,
8144,control,19,0,0.0,1,
8144,control,15,1,208.9,1,5.0
8144,control,3,1,217.3,0,1.0
8145,control,4,0,0.0,0,
8145,control,14,0,0.0,1,
8145,control,14,1,163.7,0,2.0
8146,treatment,13,1,129.9,1,1.0
8146,treatment,11,0,0.0,0,
8147,treatment,15,0,0.0,0,
8147,treatment,8,1,150.7,1,1.0
8147,treatment,5,1,110.1,0,2.0
8148,control,10,0,0.0,0,
8148,control,18,1,183.8,1,2.0
8148,control,1,0,0.0,0,
8149,treatment,10,0,0.0,0,
8149,treatment,19,0,0.0,1,
8150,treatment,17,1,106.6,0,1.0
8150,treatment,4,1,190.5,0,1.0
8150,treatment,4,1,181.7,0,1.0
8151,treatment,11,1,232.0,1,3.0
8151,treatment,1,1,155.8,0,5.0
8151,treatment,3,0,0.0,0,
8152,treatment,18,1,174.0,0,1.0
8152,treatment,20,1,171.8,1,1.0
8153,treatment,4,1,152.2,0,1.0
8153,treatment,12,1,106.5,0,1.0
8153,treatment,12,0,0.0,0,
8154,treatment,18,1,56.8,1,2.0
8154,treatment,9,1,200.0,1,1.0
8155,treatment,20,1,79.4,0,2.0
8155,treatment,3,0,0.0,0,
8156,treatment,12,1,78.5,0,2.0
8156,treatment,19,1,95.9,0,1.0
8156,treatment,13,1,178.6,1,3.0
8157,control,17,0,0.0,0,
8157,control,5,0,0.0,0,
8157,control,13,0,0.0,1,
8158,treatment,13,0,0.0,0,
8158,treatment,20,1,152.0,0,2.0
8159,control,4,1,186.5,0,1.0
8159,control,11,1,90.0,1,1.0
8159,control,7,1,141.2,0,1.0
8160,treatment,13,1,176.2,0,1.0
8160,treatment,10,1,110.1,0,2.0
8160,treatment,8,0,0.0,0,
8161,treatment,7,1,202.3,0,1.0
8162,treatment,14,1,131.6,1,1.0
8162,treatment,21,1,179.3,1,1.0
8163,treatment,11,1,279.7,0,3.0
8164,control,12,0,0.0,0,
8164,control,3,1,174.8,0,1.0
8164,control,3,1,145.2,0,1.0
8165,control,17,0,0.0,0,
8165,control,9,1,204.1,1,1.0
8166,treatment,18,0,0.0,1,
8166,treatment,15,0,0.0,0,
8166,treatment,3,0,0.0,0,
8167,control,11,1,142.4,0,1.0
8167,control,8,1,148.7,0,3.0
8167,control,10,1,138.5,1,1.0
8168,treatment,5,1,234.1,0,2.0
8168,treatment,5,0,0.0,0,
8168,treatment,14,0,0.0,0,
8169,treatment,12,0,0.0,0,
8170,control,2,0,0.0,0,
8170,control,21,0,0.0,1,
8170,control,19,1,121.2,0,2.0
8171,control,12,1,189.2,1,4.0
8172,treatment,15,1,154.1,0,5.0
8172,treatment,9,1,176.4,0,1.0
8173,treatment,21,0,0.0,1,
8173,treatment,9,1,178.3,0,4.0
8173,treatment,1,1,220.0,0,2.0
8174,control,20,0,0.0,0,
8174,control,10,0,0.0,0,
8174,control,12,1,90.1,1,1.0
8175,treatment,19,1,38.1,0,1.0
8176,control,13,0,0.0,1,
8177,treatment,17,1,226.0,0,1.0
8178,treatment,2,1,139.0,0,2.0
8178,treatment,1,0,0.0,0,
8179,control,20,0,0.0,0,
8179,control,20,1,113.2,0,3.0
8180,control,8,0,0.0,0,
8180,control,12,0,0.0,0,
8181,control,7,0,0.0,0,
8181,control,6,1,72.5,0,1.0
8181,control,12,0,0.0,0,
8182,treatment,9,0,0.0,0,
8182,treatment,14,0,0.0,1,
8182,treatment,6,1,189.1,0,4.0
8183,treatment,20,1,151.2,0,1.0
8183,treatment,20,0,0.0,1,
8183,treatment,21,0,0.0,1,
8184,treatment,13,1,263.2,0,1.0
8184,treatment,15,1,265.6,0,4.0
8185,treatment,12,1,166.1,0,1.0
8185,treatment,19,0,0.0,0,
8185,treatment,20,1,215.2,0,1.0
8186,control,21,1,110.3,0,4.0
8187,treatment,3,0,0.0,0,
8188,treatment,4,0,0.0,1,
8188,treatment,6,1,212.5,1,5.0
8189,treatment,9,1,210.1,0,4.0
8189,treatment,14,1,152.4,0,1.0
8190,control,1,1,18.5,0,2.0
8191,treatment,11,0,0.0,0,
8192,treatment,5,0,0.0,1,
8192,treatment,7,1,117.2,0,4.0
8193,control,8,1,76.5,0,2.0
8193,control,19,1,98.5,0,1.0
8194,treatment,7,0,0.0,0,
8194,treatment,4,1,286.7,0,3.0
8194,treatment,5,1,254.4,0,1.0
8195,treatment,9,0,0.0,0,
8196,control,20,1,246.3,0,3.0
8196,control,11,0,0.0,1,
8197,treatment,5,1,84.6,1,1.0
8198,treatment,12,1,187.6,1,1.0
8198,treatment,5,0,0.0,0,
8198,treatment,7,0,0.0,0,
8199,treatment,8,0,0.0,0,
8199,treatment,3,0,0.0,0,
8199,treatment,18,1,239.0,0,4.0
8200,control,12,1,219.3,1,5.0
8200,control,5,0,0.0,1,
8200,control,18,1,202.1,0,2.0
8201,treatment,17,1,204.7,1,1.0
8201,treatment,18,1,211.7,0,1.0
8201,treatment,9,1,195.4,1,2.0
8202,treatment,2,1,161.8,0,2.0
8203,control,17,1,129.8,0,1.0
8203,control,12,1,220.9,1,2.0
8204,control,19,1,177.5,1,3.0
8204,control,13,0,0.0,0,
8205,treatment,16,1,226.9,0,1.0
8205,treatment,2,1,180.6,1,1.0
8206,treatment,20,0,0.0,0,
8206,treatment,5,0,0.0,0,
8206,treatment,8,1,146.6,1,2.0
8207,treatment,12,1,40.4,1,1.0
8207,treatment,3,1,183.2,0,1.0
8208,treatment,14,1,231.4,0,1.0
8208,treatment,16,1,114.5,0,1.0
8208,treatment,15,0,0.0,0,
8209,control,8,1,86.8,1,1.0
8209,control,16,0,0.0,0,
8209,control,8,1,171.8,0,1.0
8210,treatment,18,1,178.7,0,1.0
8210,treatment,19,0,0.0,0,
8211,control,20,1,141.8,0,1.0
8211,control,10,1,225.3,0,1.0
8211,control,3,1,192.8,0,3.0
8212,control,6,0,0.0,1,
8213,treatment,13,0,0.0,0,
8213,treatment,9,0,0.0,1,
8213,treatment,8,1,224.3,0,2.0
8214,treatment,11,1,187.4,0,1.0
8215,control,10,1,269.0,0,1.0
8215,control,13,1,184.9,0,1.0
8215,control,2,1,81.0,0,1.0
8216,control,1,0,0.0,0,
8217,treatment,4,0,0.0,0,
8217,treatment,5,0,0.0,0,
8217,treatment,12,0,0.0,0,
8218,control,8,0,0.0,0,
8218,control,11,0,0.0,0,
8219,treatment,5,0,0.0,0,
8220,treatment,3,0,0.0,0,
8220,treatment,20,0,0.0,0,
8220,treatment,21,0,0.0,0,
8221,control,17,1,5.0,0,1.0
8221,control,13,1,84.3,0,2.0
8221,control,7,1,99.4,1,2.0
8222,control,2,1,200.4,0,1.0
8222,control,8,1,103.5,0,1.0
8223,treatment,2,1,209.2,0,1.0
8223,treatment,13,0,0.0,0,
8224,control,17,1,155.0,0,1.0
8225,treatment,1,1,205.6,1,1.0
8225,treatment,5,0,0.0,0,
8226,treatment,12,0,0.0,0,
8227,treatment,19,1,129.9,0,2.0
8228,control,10,1,166.4,1,4.0
8228,control,17,0,0.0,0,
8228,control,5,0,0.0,0,
8229,treatment,20,1,251.2,1,4.0
8230,treatment,7,1,203.4,0,2.0
8230,treatment,21,0,0.0,0,
8231,treatment,2,0,0.0,1,
8231,treatment,17,1,109.0,0,2.0
8232,treatment,7,0,0.0,0,
8233,treatment,9,0,0.0,0,
8233,treatment,12,1,284.7,0,4.0
8234,treatment,21,0,0.0,0,
8234,treatment,5,1,71.3,0,1.0
8234,treatment,6,0,0.0,0,
8235,treatment,21,0,0.0,0,
8236,treatment,8,1,208.4,1,1.0
8236,treatment,16,1,248.4,0,1.0
8237,treatment,12,0,0.0,0,
8237,treatment,9,1,122.1,0,1.0
8237,treatment,6,0,0.0,1,
8238,treatment,15,1,168.8,0,1.0
8238,treatment,15,1,250.4,0,1.0
8238,treatment,8,0,0.0,0,
8239,treatment,5,1,220.4,0,2.0
8239,treatment,5,0,0.0,0,
8239,treatment,18,1,134.0,1,1.0
8240,control,16,1,237.9,1,1.0
8240,control,1,1,186.5,1,3.0
8240,control,3,1,209.1,0,4.0
8241,treatment,13,0,0.0,0,
8241,treatment,19,0,0.0,0,
8241,treatment,14,1,54.0,1,1.0
8242,treatment,21,0,0.0,1,
8242,treatment,16,0,0.0,0,
8242,treatment,5,1,157.8,0,1.0
8243,treatment,19,1,145.3,0,1.0
8243,treatment,13,1,63.0,1,3.0
8243,treatment,11,1,142.7,0,5.0
8244,control,12,0,0.0,1,
8244,control,14,1,185.0,0,3.0
8244,control,14,1,138.9,0,3.0
8245,treatment,5,1,157.3,0,1.0
8245,treatment,12,0,0.0,0,
8245,treatment,12,1,140.3,0,2.0
8246,control,14,0,0.0,0,
8246,control,14,1,112.0,1,1.0
8247,treatment,13,1,138.5,1,4.0
8248,treatment,19,0,0.0,0,
8249,control,11,0,0.0,1,
8249,control,7,1,162.7,0,4.0
8249,control,17,1,246.3,1,5.0
8250,treatment,1,0,0.0,0,
8250,treatment,10,0,0.0,0,
8250,treatment,8,1,119.3,0,2.0
8251,control,8,0,0.0,0,
8251,control,18,1,112.2,0,4.0
8251,control,8,0,0.0,1,
8252,control,9,0,0.0,0,
8252,control,21,1,84.6,0,1.0
8252,control,21,1,37.4,0,1.0
8253,treatment,2,1,212.5,0,1.0
8254,treatment,12,1,142.3,0,3.0
8254,treatment,15,1,134.5,0,1.0
8254,treatment,16,1,127.6,0,1.0
8255,treatment,1,0,0.0,0,
8255,treatment,16,0,0.0,0,
8255,treatment,3,1,231.6,0,3.0
8256,treatment,4,1,208.3,0,1.0
8257,control,8,0,0.0,1,
8258,control,13,1,181.5,1,4.0
8259,treatment,2,1,123.3,0,1.0
8260,control,20,0,0.0,0,
8260,control,2,1,168.7,0,3.0
8261,control,19,0,0.0,0,
8261,control,12,0,0.0,1,
8262,treatment,19,1,159.2,0,5.0
8262,treatment,9,1,151.0,0,1.0
8263,control,20,0,0.0,1,
8264,control,18,0,0.0,0,
8264,control,14,0,0.0,1,
8264,control,10,1,182.7,0,1.0
8265,treatment,4,1,133.0,0,1.0
8265,treatment,12,1,132.0,0,1.0
8265,treatment,11,1,121.9,1,1.0
8266,control,17,0,0.0,1,
8266,control,14,0,0.0,0,
8266,control,11,0,0.0,1,
8267,treatment,4,0,0.0,0,
8267,treatment,13,0,0.0,1,
8267,treatment,10,0,0.0,1,
8268,control,13,0,0.0,0,
8268,control,21,0,0.0,0,
8268,control,10,0,0.0,0,
8269,treatment,6,1,149.8,0,1.0
8270,control,20,0,0.0,0,
8271,control,3,1,62.3,0,2.0
8271,control,20,1,174.1,1,4.0
8272,treatment,10,0,0.0,0,
8272,treatment,2,0,0.0,0,
8272,treatment,9,0,0.0,0,
8273,treatment,17,1,200.1,0,1.0
8274,treatment,8,1,184.0,0,1.0
8275,treatment,6,0,0.0,0,
8276,control,2,0,0.0,1,
8276,control,7,1,49.9,0,3.0
8276,control,5,0,0.0,0,
8277,control,19,1,108.9,1,4.0
8277,control,2,0,0.0,1,
8278,control,7,0,0.0,0,
8279,treatment,4,0,0.0,0,
8279,treatment,17,1,167.5,0,1.0
8280,control,9,0,0.0,1,
8280,control,12,1,277.7,0,2.0
8280,control,5,0,0.0,0,
8281,control,20,0,0.0,0,
8281,control,3,1,315.1,0,3.0
8282,treatment,14,1,188.6,1,1.0
8282,treatment,16,1,230.5,0,3.0
8282,treatment,9,0,0.0,1,
8283,treatment,16,1,121.5,0,2.0
8283,treatment,10,0,0.0,1,
8284,control,5,0,0.0,0,
8284,control,5,0,0.0,0,
8285,treatment,15,1,289.0,0,1.0
8286,control,8,0,0.0,0,
8286,control,19,1,188.8,0,5.0
8287,control,2,1,165.0,1,5.0
8287,control,17,0,0.0,0,
8288,treatment,14,1,105.5,0,5.0
8289,control,6,0,0.0,1,
8289,control,15,1,160.2,1,1.0
8290,treatment,7,1,161.9,0,3.0
8290,treatment,19,1,230.0,1,1.0
8290,treatment,10,1,169.2,0,1.0
8291,treatment,1,0,0.0,1,
8292,control,4,1,47.8,1,2.0
8292,control,16,0,0.0,0,
8292,control,16,1,284.7,0,5.0
8293,control,7,1,215.6,0,3.0
8293,control,18,0,0.0,0,
8294,control,12,1,218.4,0,2.0
8295,treatment,21,1,303.9,0,1.0
8295,treatment,13,0,0.0,0,
8296,control,3,0,0.0,1,
8296,control,1,0,0.0,1,
8297,treatment,10,0,0.0,0,
8297,treatment,1,1,171.8,0,2.0
8298,treatment,10,1,163.3,0,3.0
8299,control,9,1,257.1,0,1.0
8299,control,1,0,0.0,0,
8300,treatment,7,1,188.7,0,2.0
8300,treatment,11,1,103.0,0,1.0
8301,control,11,1,8.7,0,1.0
8302,control,1,0,0.0,0,
8303,control,6,1,210.3,0,1.0
8304,control,19,1,235.3,0,1.0
8304,control,1,0,0.0,1,
8305,control,18,0,0.0,1,
8305,control,4,0,0.0,1,
8306,control,7,0,0.0,1,
8307,control,20,0,0.0,1,
8307,control,20,1,31.8,0,2.0
8308,treatment,16,1,287.7,0,2.0
8308,treatment,6,0,0.0,0,
8308,treatment,5,1,158.6,0,1.0
8309,control,10,1,23.8,0,1.0
8309,control,13,0,0.0,0,
8310,treatment,5,1,167.2,0,2.0
8311,treatment,12,1,200.6,1,1.0
8311,treatment,15,1,165.1,0,1.0
8311,treatment,8,1,173.6,0,3.0
8312,treatment,4,1,169.5,1,2.0
8313,control,1,0,0.0,1,
8314,treatment,5,1,131.2,0,1.0
8314,treatment,5,0,0.0,1,
8314,treatment,12,0,0.0,0,
8315,treatment,2,1,106.4,0,1.0
8316,control,17,1,146.3,1,2.0
8316,control,11,0,0.0,1,
8317,control,6,0,0.0,1,
8318,treatment,2,0,0.0,0,
8318,treatment,14,0,0.0,0,
8319,control,15,1,46.8,1,1.0
8320,control,1,0,0.0,0,
8320,control,15,0,0.0,1,
8320,control,2,0,0.0,0,
8321,control,15,0,0.0,0,
8321,control,13,1,30.8,1,2.0
8322,control,2,1,156.2,0,1.0
8322,control,20,0,0.0,1,
8323,treatment,15,0,0.0,0,
8324,control,14,1,121.6,0,4.0
8324,control,12,1,261.4,0,5.0
8324,control,18,0,0.0,1,
8325,control,16,0,0.0,0,
8325,control,5,1,127.6,0,3.0
8326,control,9,0,0.0,0,
8326,control,13,0,0.0,1,
8326,control,6,1,134.6,0,3.0
8327,treatment,1,1,148.0,0,3.0
8327,treatment,15,1,221.2,1,1.0
8328,treatment,8,1,211.9,0,2.0
8328,treatment,8,1,147.2,1,1.0
8328,treatment,8,1,292.8,1,3.0
8329,control,16,0,0.0,0,
8329,control,3,1,141.1,1,1.0
8329,control,2,1,305.7,1,3.0
8330,control,14,1,155.6,1,4.0
8331,treatment,5,0,0.0,0,
8332,control,17,0,0.0,0,
8332,control,21,1,202.1,1,1.0
8332,control,3,1,164.1,0,3.0
8333,control,1,1,162.7,0,4.0
8334,treatment,20,0,0.0,0,
8335,control,14,1,138.0,0,2.0
8336,control,15,1,266.2,1,3.0
8337,treatment,11,1,172.5,0,2.0
8337,treatment,19,0,0.0,0,
8338,treatment,18,1,146.0,0,2.0
8339,control,20,1,210.2,0,4.0
8340,treatment,21,0,0.0,1,
8341,control,19,0,0.0,1,
8342,control,13,0,0.0,1,
8342,control,11,1,71.0,0,5.0
8343,control,16,1,166.2,1,1.0
8344,treatment,10,1,239.1,0,1.0
8345,treatment,19,1,202.3,0,1.0
8345,treatment,15,1,188.8,0,1.0
8345,treatment,3,0,0.0,0,
8346,control,21,1,212.5,0,1.0
8346,control,11,0,0.0,1,
8347,control,4,0,0.0,0,
8348,treatment,1,1,214.7,0,1.0
8348,treatment,11,1,124.0,0,1.0
8349,treatment,17,0,0.0,1,
8349,treatment,14,1,127.1,0,4.0
8349,treatment,18,0,0.0,0,
8350,treatment,5,1,171.9,1,1.0
8351,control,12,1,168.7,1,4.0
8352,treatment,19,1,264.8,0,1.0
8352,treatment,3,1,215.2,0,2.0
8353,treatment,18,1,157.3,0,1.0
8354,control,17,0,0.0,0,
8354,control,21,1,150.2,1,5.0
8355,control,12,1,122.0,0,2.0
8355,control,6,0,0.0,1,
8356,control,10,0,0.0,1,
8357,treatment,5,0,0.0,1,
8358,control,10,0,0.0,0,
8359,control,17,0,0.0,0,
8360,control,10,0,0.0,0,
8360,control,19,0,0.0,0,
8361,control,8,1,108.5,0,2.0
8361,control,2,0,0.0,0,
8362,treatment,2,1,134.7,1,4.0
8362,treatment,14,0,0.0,0,
8362,treatment,4,1,117.9,1,2.0
8363,control,11,0,0.0,0,
8363,control,14,0,0.0,0,
8363,control,12,1,155.6,0,1.0
8364,treatment,19,0,0.0,0,
8365,treatment,19,1,176.6,1,1.0
8365,treatment,15,1,255.3,0,5.0
8365,treatment,10,0,0.0,0,
8366,treatment,14,0,0.0,0,
8366,treatment,21,1,204.5,0,1.0
8367,control,5,0,0.0,0,
8367,control,10,1,217.2,0,5.0
8368,treatment,1,0,0.0,0,
8368,treatment,14,1,206.8,0,1.0
8368,treatment,3,1,95.6,0,1.0
8369,control,16,1,183.6,0,3.0
8370,control,1,1,223.0,0,2.0
8370,control,21,1,116.4,1,1.0
8370,control,9,0,0.0,1,
8371,control,21,0,0.0,0,
8371,control,21,1,223.9,0,1.0
8371,control,8,0,0.0,0,
8372,treatment,1,1,190.4,0,1.0
8372,treatment,21,1,254.6,0,1.0
8372,treatment,7,0,0.0,0,
8373,control,6,0,0.0,0,
8373,control,9,0,0.0,0,
8374,control,21,1,124.1,1,1.0
8374,control,12,1,148.8,0,2.0
8374,control,1,0,0.0,0,
8375,control,17,0,0.0,0,
8375,control,1,1,200.1,0,4.0
8375,control,3,1,190.9,1,2.0
8376,treatment,21,1,202.6,0,4.0
8376,treatment,18,1,132.4,0,1.0
8376,treatment,12,1,220.4,0,2.0
8377,treatment,6,0,0.0,0,
8377,treatment,9,0,0.0,0,
8378,treatment,21,0,0.0,0,
8378,treatment,9,1,106.5,0,1.0
8378,treatment,14,1,105.6,0,2.0
8379,control,9,0,0.0,0,
8379,control,11,0,0.0,0,
8379,control,19,1,186.7,1,5.0
8380,treatment,2,0,0.0,0,
8380,treatment,19,1,187.6,1,1.0
8380,treatment,21,0,0.0,0,
8381,control,6,0,0.0,1,
8382,control,17,1,169.6,0,1.0
8382,control,1,0,0.0,0,
8383,treatment,10,1,210.4,0,1.0
8383,treatment,11,1,138.1,1,1.0
8384,control,12,1,149.2,0,1.0
8384,control,4,0,0.0,0,
8385,treatment,15,0,0.0,0,
8385,treatment,5,1,180.5,0,2.0
8385,treatment,8,0,0.0,0,
8386,control,19,1,44.1,1,2.0
8386,control,17,1,141.5,1,2.0
8387,treatment,20,0,0.0,1,
8387,treatment,10,1,103.5,0,1.0
8387,treatment,15,1,187.0,0,2.0
8388,control,11,0,0.0,1,
8389,control,3,1,240.5,1,3.0
8389,control,12,0,0.0,1,
8389,control,2,1,151.6,0,4.0
8390,control,9,1,71.4,0,2.0
8390,control,6,0,0.0,0,
8391,control,3,1,141.6,0,3.0
8392,control,4,0,0.0,1,
8393,treatment,15,0,0.0,1,
8394,control,10,0,0.0,0,
8394,control,1,0,0.0,0,
8395,treatment,4,0,0.0,1,
8395,treatment,20,0,0.0,0,
8395,treatment,4,0,0.0,0,
8396,treatment,12,1,81.3,0,2.0
8396,treatment,19,0,0.0,0,
8396,treatment,21,1,219.2,1,1.0
8397,treatment,7,1,298.1,0,2.0
8397,treatment,14,0,0.0,0,
8398,control,12,1,186.6,0,5.0
8399,control,12,0,0.0,0,
8400,control,6,0,0.0,0,
8400,control,12,1,215.6,1,4.0
8400,control,8,1,182.7,0,1.0
8401,treatment,11,1,238.2,0,1.0
8401,treatment,19,1,111.1,1,1.0
8401,treatment,7,1,113.1,0,1.0
8402,control,21,0,0.0,0,
8403,control,6,0,0.0,0,
8403,control,14,0,0.0,0,
8403,control,17,0,0.0,0,
8404,treatment,12,0,0.0,0,
8405,treatment,14,0,0.0,0,
8405,treatment,4,1,212.0,0,4.0
8406,treatment,18,1,116.1,0,1.0
8407,treatment,14,0,0.0,0,
8407,treatment,15,0,0.0,0,
8408,treatment,11,1,156.7,1,1.0
8409,treatment,20,0,0.0,0,
8409,treatment,3,0,0.0,0,
8410,control,17,1,120.0,1,3.0
8410,control,10,0,0.0,0,
8410,control,3,0,0.0,0,
8411,treatment,17,1,184.6,0,3.0
8411,treatment,3,0,0.0,0,
8411,treatment,19,1,295.2,1,5.0
8412,control,9,0,0.0,0,
8412,control,14,1,120.2,0,1.0
8412,control,8,0,0.0,0,
8413,control,3,0,0.0,0,
8414,control,14,1,135.1,1,2.0
8414,control,10,0,0.0,0,
8415,treatment,19,0,0.0,0,
8416,control,7,1,142.1,0,1.0
8416,control,1,1,302.0,0,2.0
8417,treatment,12,0,0.0,0,
8418,treatment,10,1,252.8,0,1.0
8418,treatment,2,0,0.0,1,
8418,treatment,16,1,16.1,0,2.0
8419,control,7,0,0.0,0,
8420,treatment,14,1,293.8,1,1.0
8421,control,19,1,145.8,0,5.0
8421,control,15,0,0.0,0,
8421,control,18,0,0.0,0,
8422,control,6,1,227.4,1,2.0
8422,control,3,1,114.0,0,3.0
8423,treatment,13,0,0.0,1,
8423,treatment,5,1,145.3,1,3.0
8423,treatment,21,0,0.0,1,
8424,control,19,0,0.0,0,
8425,control,15,1,225.9,1,2.0
8426,control,11,0,0.0,1,
8426,control,1,1,166.7,0,2.0
8426,control,15,1,106.7,1,1.0
8427,treatment,20,0,0.0,1,
8427,treatment,10,1,179.6,0,1.0
8428,control,19,0,0.0,0,
8428,control,13,1,254.4,0,2.0
8428,control,8,1,198.0,0,5.0
8429,treatment,8,1,73.4,1,1.0
8430,treatment,8,0,0.0,0,
8430,treatment,4,0,0.0,0,
8431,control,4,0,0.0,1,
8431,control,5,0,0.0,1,
8431,control,9,1,81.5,0,4.0
8432,control,18,1,104.5,1,3.0
8432,control,6,1,149.3,0,3.0
8432,control,11,0,0.0,0,
8433,treatment,5,0,0.0,1,
8434,treatment,21,0,0.0,1,
8434,treatment,18,0,0.0,0,
8435,control,15,1,234.6,0,2.0
8436,control,13,0,0.0,0,
8437,treatment,11,0,0.0,0,
8438,treatment,14,0,0.0,0,
8439,treatment,18,0,0.0,0,
8439,treatment,16,1,162.4,0,4.0
8439,treatment,2,1,170.9,0,2.0
8440,treatment,4,0,0.0,1,
8440,treatment,4,1,221.0,0,1.0
8441,treatment,18,0,0.0,0,
8441,treatment,2,1,208.7,0,1.0
8442,control,6,0,0.0,1,
8442,control,17,1,100.1,1,5.0
8443,treatment,3,1,203.4,1,4.0
8443,treatment,13,1,96.4,0,2.0
8444,treatment,18,0,0.0,1,
8444,treatment,9,0,0.0,1,
8445,control,3,1,159.6,1,1.0
8446,control,6,0,0.0,1,
8446,control,19,1,102.1,0,5.0
8446,control,18,1,5.0,0,2.0
8447,treatment,15,1,132.9,0,3.0
8447,treatment,12,1,166.3,0,1.0
8447,treatment,4,0,0.0,0,
8448,treatment,7,1,218.3,0,1.0
8448,treatment,8,1,203.8,0,2.0
8448,treatment,10,0,0.0,0,
8449,control,9,1,237.1,0,4.0
8449,control,11,1,191.3,0,4.0
8449,control,12,1,130.2,1,4.0
8450,treatment,13,1,140.1,0,1.0
8451,treatment,18,0,0.0,0,
8452,control,2,1,166.9,0,3.0
8453,treatment,8,1,80.8,0,3.0
8454,control,10,0,0.0,0,
8454,control,15,0,0.0,0,
8455,control,9,0,0.0,0,
8455,control,15,0,0.0,1,
8455,control,4,0,0.0,0,
8456,control,17,0,0.0,0,
8456,control,15,0,0.0,1,
8456,control,3,1,139.3,0,3.0
8457,control,9,1,133.2,0,2.0
8458,treatment,19,0,0.0,0,
8458,treatment,11,0,0.0,0,
8458,treatment,2,0,0.0,1,
8459,control,2,1,189.3,0,5.0
8460,treatment,1,0,0.0,1,
8460,treatment,9,1,103.2,0,3.0
8461,treatment,2,1,162.5,1,1.0
8462,treatment,16,1,225.4,0,2.0
8462,treatment,21,0,0.0,0,
8462,treatment,18,0,0.0,0,
8463,treatment,3,0,0.0,0,
8463,treatment,12,0,0.0,0,
8463,treatment,11,0,0.0,0,
8464,treatment,16,0,0.0,0,
8465,control,5,1,265.7,0,4.0
8465,control,10,0,0.0,1,
8465,control,12,0,0.0,0,
8466,control,5,0,0.0,1,
8467,control,18,0,0.0,1,
8468,control,9,0,0.0,1,
8469,treatment,12,0,0.0,0,
8470,control,20,1,157.9,0,1.0
8470,control,13,1,145.4,1,3.0
8470,control,17,0,0.0,0,
8471,treatment,5,0,0.0,0,
8471,treatment,19,1,144.8,0,1.0
8471,treatment,3,0,0.0,1,
8472,treatment,1,1,103.3,0,3.0
8472,treatment,19,0,0.0,0,
8472,treatment,13,0,0.0,0,
8473,control,7,1,148.8,0,3.0
8473,control,11,1,128.1,0,1.0
8474,control,13,1,122.3,1,1.0
8475,control,21,1,130.1,0,3.0
8475,control,21,1,117.3,1,5.0
8475,control,20,0,0.0,1,
8476,control,6,1,241.8,0,1.0
8476,control,14,1,59.3,0,3.0
8477,treatment,4,1,98.2,0,1.0
8477,treatment,14,0,0.0,1,
8477,treatment,14,0,0.0,0,
8478,treatment,17,1,223.4,0,4.0
8478,treatment,9,1,146.6,0,1.0
8479,control,17,0,0.0,0,
8479,control,18,1,169.5,1,1.0
8480,treatment,10,0,0.0,0,
8480,treatment,5,0,0.0,1,
8481,treatment,7,0,0.0,1,
8481,treatment,7,0,0.0,0,
8482,treatment,8,1,163.4,0,4.0
8482,treatment,15,0,0.0,0,
8483,control,17,0,0.0,1,
8483,control,17,0,0.0,0,
8484,treatment,9,1,155.8,0,2.0
8485,control,1,0,0.0,0,
8486,control,13,1,193.8,1,3.0
8486,control,20,0,0.0,1,
8486,control,6,0,0.0,0,
8487,treatment,10,1,230.9,1,1.0
8488,treatment,15,1,146.4,1,1.0
8489,control,20,0,0.0,0,
8489,control,16,0,0.0,0,
8489,control,7,1,178.0,0,2.0
8490,treatment,21,0,0.0,0,
8490,treatment,15,1,233.2,1,2.0
8491,treatment,20,1,284.1,1,2.0
8491,treatment,2,1,165.4,1,2.0
8491,treatment,10,1,176.2,0,4.0
8492,control,17,1,37.7,0,1.0
8492,control,5,0,0.0,0,
8492,control,6,0,0.0,0,
8493,control,15,0,0.0,0,
8494,control,2,0,0.0,1,
8495,control,5,0,0.0,1,
8495,control,8,0,0.0,0,
8496,treatment,10,0,0.0,1,
8496,treatment,5,1,211.2,0,5.0
8496,treatment,3,0,0.0,1,
8497,treatment,21,0,0.0,0,
8497,treatment,9,0,0.0,0,
8497,treatment,4,0,0.0,0,
8498,control,13,1,208.8,0,2.0
8498,control,4,1,142.2,0,1.0
8498,control,17,1,180.4,0,1.0
8499,control,17,1,117.2,1,2.0
8500,control,21,0,0.0,0,
8500,control,19,0,0.0,1,
8501,treatment,15,1,204.2,0,1.0
8501,treatment,7,0,0.0,0,
8502,control,20,0,0.0,0,
8502,control,21,1,289.8,0,2.0
8502,control,15,0,0.0,1,
8503,treatment,12,1,219.7,0,4.0
8504,control,8,1,69.6,1,1.0
8505,control,2,0,0.0,1,
8505,control,21,0,0.0,0,
8505,control,4,1,171.6,1,1.0
8506,control,13,1,125.4,0,2.0
8506,control,1,1,254.7,0,1.0
8507,treatment,18,1,161.3,0,1.0
8507,treatment,3,0,0.0,0,
8507,treatment,6,0,0.0,0,
8508,treatment,9,1,214.9,0,5.0
8509,treatment,17,0,0.0,0,
8509,treatment,17,0,0.0,0,
8509,treatment,8,1,212.9,0,2.0
8510,control,18,1,164.0,0,2.0
8510,control,20,1,234.6,0,4.0
8510,control,11,0,0.0,0,
8511,treatment,5,1,179.4,0,1.0
8511,treatment,16,0,0.0,0,
8512,treatment,19,1,224.5,1,2.0
8512,treatment,4,1,30.8,0,1.0
8513,control,19,0,0.0,0,
8513,control,13,0,0.0,0,
8514,control,7,0,0.0,0,
8514,control,11,1,85.1,0,1.0
8514,control,12,1,300.7,0,2.0
8515,treatment,16,1,108.7,0,2.0
8515,treatment,7,0,0.0,0,
8515,treatment,13,1,134.8,0,1.0
8516,treatment,12,1,161.7,1,3.0
8516,treatment,18,1,163.3,0,1.0
8516,treatment,20,0,0.0,0,
8517,treatment,9,0,0.0,0,
8517,treatment,4,0,0.0,0,
8517,treatment,11,0,0.0,0,
8518,treatment,15,0,0.0,1,
8518,treatment,21,1,148.4,0,1.0
8518,treatment,12,0,0.0,1,
8519,control,15,0,0.0,0,
8520,control,20,1,191.8,0,2.0
8520,control,8,1,162.0,0,4.0
8521,control,21,1,127.0,0,3.0
8521,control,4,1,164.2,1,2.0
8521,control,1,1,195.8,0,3.0
8522,treatment,16,1,188.5,1,3.0
8522,treatment,1,0,0.0,0,
8522,treatment,5,1,212.0,0,2.0
8523,treatment,16,0,0.0,0,
8523,treatment,3,1,175.8,0,1.0
8524,control,3,0,0.0,1,
8525,control,16,0,0.0,0,
8525,control,19,0,0.0,0,
8526,treatment,1,0,0.0,0,
8526,treatment,8,1,38.4,0,2.0
8527,treatment,20,1,150.1,0,1.0
8527,treatment,3,0,0.0,0,
8527,treatment,11,0,0.0,1,
8528,control,17,0,0.0,0,
8528,control,11,0,0.0,0,
8529,control,6,0,0.0,1,
8529,control,3,0,0.0,0,
8529,control,4,0,0.0,0,
8530,control,19,1,134.8,0,1.0
8530,control,19,1,210.6,0,2.0
8531,treatment,10,0,0.0,0,
8531,treatment,4,1,221.4,0,2.0
8532,treatment,11,0,0.0,1,
8533,treatment,20,1,228.2,1,1.0
8534,treatment,17,0,0.0,0,
8534,treatment,18,1,212.1,1,1.0
8534,treatment,2,0,0.0,0,
8535,treatment,8,0,0.0,1,
8536,treatment,12,0,0.0,1,
8537,control,13,0,0.0,1,
8537,control,9,0,0.0,1,
8538,control,1,1,119.4,0,1.0
8538,control,1,0,0.0,0,
8538,control,8,0,0.0,0,
8539,treatment,4,1,139.7,0,2.0
8539,treatment,18,1,137.9,0,1.0
8540,control,5,1,51.5,0,1.0
8540,control,2,1,99.0,0,1.0
8541,treatment,18,0,0.0,0,
8541,treatment,7,1,133.6,0,4.0
8542,control,2,1,169.3,0,1.0
8542,control,4,0,0.0,1,
8542,control,10,0,0.0,0,
8543,treatment,3,1,207.6,1,4.0
8543,treatment,16,1,118.3,0,1.0
8544,control,8,0,0.0,0,
8545,control,17,1,108.6,0,2.0
8545,control,21,0,0.0,0,
8545,control,7,1,165.0,1,1.0
8546,treatment,10,1,127.0,0,2.0
8546,treatment,9,1,150.3,1,1.0
8546,treatment,6,0,0.0,0,
8547,treatment,8,0,0.0,0,
8547,treatment,13,0,0.0,0,
8547,treatment,21,0,0.0,1,
8548,control,8,0,0.0,0,
8548,control,3,0,0.0,1,
8548,control,2,1,101.8,0,5.0
8549,control,18,1,98.2,0,1.0
8550,treatment,16,1,117.9,0,1.0
8551,control,2,1,80.4,1,4.0
8551,control,10,0,0.0,0,
8552,treatment,8,1,75.8,1,3.0
8553,treatment,2,1,168.0,1,2.0
8553,treatment,15,0,0.0,1,
8554,control,16,0,0.0,1,
8554,control,13,0,0.0,0,
8555,treatment,9,0,0.0,1,
8555,treatment,9,0,0.0,1,
8556,control,21,0,0.0,1,
8557,control,20,0,0.0,0,
8557,control,1,0,0.0,0,
8557,control,8,0,0.0,1,
8558,treatment,3,0,0.0,0,
8558,treatment,15,0,0.0,1,
8558,treatment,10,0,0.0,1,
8559,control,13,0,0.0,1,
8559,control,4,1,211.3,0,1.0
8560,treatment,14,1,82.9,0,2.0
8560,treatment,17,0,0.0,0,
8560,treatment,12,1,251.7,0,2.0
8561,treatment,14,0,0.0,1,
8562,treatment,13,1,205.4,1,1.0
8563,control,15,1,119.4,0,2.0
8563,control,14,1,172.8,0,4.0
8563,control,19,0,0.0,0,
8564,treatment,17,0,0.0,0,
8564,treatment,12,1,148.7,0,1.0
8564,treatment,20,0,0.0,0,
8565,control,6,0,0.0,1,
8565,control,19,1,158.0,0,1.0
8565,control,3,0,0.0,0,
8566,treatment,9,1,134.7,0,1.0
8567,treatment,18,1,223.2,1,1.0
8567,treatment,8,1,218.4,0,3.0
8568,treatment,12,0,0.0,0,
8569,control,6,1,164.4,0,5.0
8569,control,4,1,76.6,1,3.0
8570,control,14,1,187.8,0,1.0
8570,control,18,1,280.8,0,3.0
8570,control,10,1,72.4,1,1.0
8571,treatment,16,0,0.0,0,
8572,treatment,4,1,182.9,0,1.0
8572,treatment,5,0,0.0,0,
8572,treatment,7,1,272.0,0,1.0
8573,control,2,0,0.0,0,
8573,control,12,0,0.0,0,
8573,control,17,0,0.0,1,
8574,control,15,0,0.0,0,
8574,control,8,1,93.2,0,3.0
8575,control,11,0,0.0,0,
8575,control,21,1,135.2,1,1.0
8576,treatment,8,0,0.0,0,
8576,treatment,10,1,111.3,1,1.0
8577,control,19,1,181.7,1,5.0
8577,control,1,0,0.0,1,
8577,control,9,1,247.3,0,4.0
8578,treatment,7,0,0.0,0,
8578,treatment,1,1,229.8,0,2.0
8579,control,9,1,46.5,0,3.0
8579,control,13,0,0.0,0,
8580,treatment,8,0,0.0,0,
8581,treatment,4,1,201.7,0,2.0
8581,treatment,17,1,152.8,1,1.0
8582,treatment,7,0,0.0,0,
8582,treatment,3,0,0.0,0,
8583,control,17,1,94.1,1,3.0
8583,control,7,1,189.4,1,1.0
8584,control,8,1,110.7,0,1.0
8584,control,7,0,0.0,1,
8585,control,3,0,0.0,0,
8586,treatment,8,1,208.5,0,4.0
8586,treatment,17,0,0.0,0,
8586,treatment,6,1,118.0,0,1.0
8587,treatment,15,1,185.6,0,2.0
8587,treatment,20,1,105.3,0,1.0
8588,control,10,0,0.0,0,
8588,control,14,0,0.0,0,
8588,control,20,0,0.0,0,
8589,treatment,1,1,133.9,1,1.0
8590,treatment,13,0,0.0,1,
8590,treatment,7,0,0.0,0,
8590,treatment,21,1,120.3,1,1.0
8591,treatment,20,0,0.0,0,
8591,treatment,11,0,0.0,1,
8592,control,1,1,145.6,0,4.0
8593,treatment,16,0,0.0,0,
8593,treatment,14,0,0.0,0,
8594,control,16,1,130.5,1,3.0
8594,control,7,1,103.0,0,1.0
8594,control,3,1,120.8,0,1.0
8595,control,4,0,0.0,0,
8595,control,6,0,0.0,0,
8596,control,9,0,0.0,0,
8597,control,21,1,281.6,1,3.0
8597,control,8,1,184.4,0,4.0
8597,control,8,1,76.7,1,5.0
8598,control,17,0,0.0,1,
8598,control,14,0,0.0,0,
8599,treatment,12,0,0.0,0,
8599,treatment,18,0,0.0,0,
8600,control,7,1,109.4,1,4.0
8600,control,19,1,110.2,0,3.0
8601,control,10,0,0.0,0,
8602,control,21,1,211.9,0,1.0
8602,control,8,1,73.4,0,2.0
8602,control,21,0,0.0,0,
8603,treatment,10,1,238.6,1,1.0
8603,treatment,14,1,249.2,0,1.0
8604,treatment,9,1,280.1,0,1.0
8605,treatment,5,1,222.6,0,1.0
8605,treatment,18,1,181.6,0,1.0
8605,treatment,8,1,234.2,1,1.0
8606,treatment,15,1,280.9,1,1.0
8607,control,17,1,132.0,0,1.0
8607,control,1,1,180.5,0,1.0
8607,control,21,0,0.0,0,
8608,control,2,0,0.0,1,
8609,treatment,16,0,0.0,1,
8610,treatment,15,0,0.0,0,
8610,treatment,2,1,321.2,0,1.0
8611,treatment,13,1,98.8,0,1.0
8612,treatment,9,0,0.0,0,
8612,treatment,20,1,215.4,0,1.0
8613,control,6,0,0.0,0,
8613,control,10,0,0.0,0,
8614,treatment,13,0,0.0,0,
8614,treatment,15,0,0.0,0,
8615,treatment,4,1,206.4,0,2.0
8615,treatment,14,1,167.1,0,1.0
8615,treatment,10,0,0.0,0,
8616,treatment,19,1,231.3,0,1.0
8616,treatment,9,1,211.1,0,2.0
8617,treatment,20,1,249.5,1,2.0
8618,treatment,6,0,0.0,0,
8618,treatment,8,0,0.0,0,
8618,treatment,9,0,0.0,0,
8619,treatment,19,0,0.0,1,
8619,treatment,7,0,0.0,1,
8619,treatment,1,1,203.7,0,1.0
8620,treatment,14,1,156.9,0,5.0
8620,treatment,17,0,0.0,0,
8621,control,7,0,0.0,1,
8621,control,3,0,0.0,1,
8622,control,14,0,0.0,1,
8622,control,2,1,48.9,1,2.0
8622,control,10,1,178.2,0,1.0
8623,control,10,1,129.5,0,1.0
8623,control,14,0,0.0,0,
8623,control,15,1,269.7,1,2.0
8624,control,19,0,0.0,0,
8625,control,4,0,0.0,0,
8626,control,10,1,308.0,0,5.0
8626,control,14,0,0.0,1,
8626,control,9,0,0.0,0,
8627,treatment,5,1,152.4,0,1.0
8627,treatment,17,1,282.0,0,4.0
8627,treatment,11,0,0.0,0,
8628,treatment,21,1,286.2,0,1.0
8628,treatment,10,1,264.8,0,1.0
8629,control,13,0,0.0,0,
8629,control,9,0,0.0,0,
8630,treatment,12,1,217.9,0,2.0
8630,treatment,12,1,20.9,0,4.0
8631,control,4,1,43.2,0,2.0
8631,control,15,1,172.0,0,4.0
8631,control,15,0,0.0,1,
8632,treatment,16,1,86.0,0,2.0
8633,treatment,14,1,228.5,0,1.0
8633,treatment,20,0,0.0,0,
8633,treatment,21,1,180.9,1,1.0
8634,treatment,8,1,288.6,0,3.0
8634,treatment,11,0,0.0,1,
8634,treatment,1,0,0.0,1,
8635,treatment,16,0,0.0,0,
8635,treatment,17,0,0.0,1,
8635,treatment,18,0,0.0,1,
8636,treatment,5,1,106.3,0,2.0
8636,treatment,6,0,0.0,0,
8636,treatment,1,1,164.3,1,1.0
8637,treatment,14,1,223.2,0,1.0
8638,control,18,1,308.5,1,3.0
8638,control,2,1,140.9,1,2.0
8638,control,20,0,0.0,1,
8639,control,16,0,0.0,0,
8639,control,13,1,108.2,0,2.0
8639,control,1,1,87.6,1,1.0
8640,treatment,13,0,0.0,0,
8640,treatment,15,0,0.0,1,
8640,treatment,9,0,0.0,0,
8641,control,12,0,0.0,0,
8642,treatment,16,1,103.0,0,1.0
8642,treatment,3,0,0.0,1,
8643,control,13,0,0.0,0,
8643,control,7,1,5.0,0,2.0
8644,treatment,21,0,0.0,0,
8645,control,4,0,0.0,0,
8645,control,4,1,181.3,0,1.0
8645,control,16,1,106.3,1,2.0
8646,treatment,17,1,224.6,0,4.0
8647,control,12,1,259.3,1,1.0
8647,control,15,1,131.7,0,1.0
8648,treatment,14,1,154.5,0,1.0
8648,treatment,8,0,0.0,0,
8648,treatment,10,0,0.0,1,
8649,control,14,0,0.0,0,
8649,control,5,0,0.0,0,
8650,treatment,8,0,0.0,0,
8650,treatment,19,0,0.0,0,
8651,treatment,5,0,0.0,0,
8652,treatment,21,1,147.4,1,1.0
8652,treatment,7,1,217.9,0,1.0
8652,treatment,6,1,126.0,0,2.0
8653,control,21,1,107.6,1,3.0
8653,control,2,1,34.0,0,3.0
8653,control,4,0,0.0,1,
8654,control,9,1,129.7,0,1.0
8654,control,12,0,0.0,0,
8655,control,5,1,80.1,0,2.0
8655,control,19,0,0.0,0,
8656,treatment,11,0,0.0,0,
8656,treatment,1,0,0.0,0,
8656,treatment,19,0,0.0,1,
8657,control,11,1,189.0,1,2.0
8658,treatment,17,0,0.0,0,
8659,control,11,0,0.0,1,
8660,control,9,0,0.0,0,
8660,control,5,0,0.0,0,
8660,control,13,0,0.0,1,
8661,control,20,0,0.0,0,
8661,control,18,0,0.0,0,
8662,control,4,1,181.7,0,4.0
8662,control,14,1,119.1,0,3.0
8663,treatment,14,1,281.1,0,1.0
8664,control,4,1,168.5,0,4.0
8664,control,21,1,143.4,1,1.0
8664,control,17,1,194.2,1,1.0
8665,control,5,0,0.0,1,
8665,control,3,1,5.0,1,4.0
8665,control,17,1,125.5,0,2.0
8666,treatment,12,1,36.2,0,1.0
8666,treatment,5,0,0.0,0,
8666,treatment,13,0,0.0,0,
8667,treatment,15,1,197.6,0,2.0
8667,treatment,15,1,253.1,0,1.0
8668,control,11,0,0.0,0,
8669,control,20,1,168.5,0,4.0
8670,treatment,8,1,152.9,0,1.0
8671,treatment,18,1,134.5,0,1.0
8671,treatment,1,1,141.0,1,1.0
8671,treatment,1,1,318.9,0,4.0
8672,treatment,18,0,0.0,1,
8672,treatment,13,1,221.9,1,1.0
8673,control,18,0,0.0,1,
8673,control,1,1,141.5,1,2.0
8673,control,9,0,0.0,0,
8674,control,11,1,211.9,1,5.0
8674,control,17,0,0.0,1,
8674,control,12,0,0.0,0,
8675,control,9,0,0.0,1,
8675,control,2,0,0.0,0,
8675,control,16,1,60.7,1,1.0
8676,treatment,4,1,131.7,0,1.0
8677,treatment,10,0,0.0,0,
8677,treatment,10,0,0.0,0,
8678,treatment,8,1,131.6,0,4.0
8678,treatment,11,1,114.0,0,4.0
8679,control,8,1,194.2,0,1.0
8679,control,16,0,0.0,1,
8679,control,13,1,133.3,1,3.0
8680,treatment,13,1,112.8,0,1.0
8680,treatment,17,1,177.7,0,3.0
8681,control,1,1,110.7,0,3.0
8681,control,21,1,5.0,0,4.0
8681,control,19,1,154.9,1,4.0
8682,treatment,12,1,188.4,0,1.0
8682,treatment,19,1,189.4,0,1.0
8682,treatment,14,1,204.5,0,2.0
8683,control,4,0,0.0,0,
8683,control,2,1,139.6,0,2.0
8684,control,19,0,0.0,1,
8684,control,19,0,0.0,0,
8685,treatment,14,0,0.0,0,
8685,treatment,6,0,0.0,0,
8686,control,3,1,204.7,0,5.0
8686,control,13,0,0.0,0,
8686,control,16,1,60.7,0,1.0
8687,treatment,14,0,0.0,0,
8688,control,7,0,0.0,0,
8688,control,21,0,0.0,0,
8689,treatment,20,1,134.4,0,1.0
8689,treatment,12,1,177.3,1,2.0
8690,treatment,10,0,0.0,0,
8690,treatment,12,1,191.3,0,1.0
8690,treatment,14,0,0.0,0,
8691,control,15,0,0.0,0,
8691,control,6,0,0.0,0,
8691,control,21,0,0.0,0,
8692,treatment,13,0,0.0,0,
8692,treatment,21,0,0.0,0,
8692,treatment,14,1,100.3,0,1.0
8693,control,14,0,0.0,1,
8693,control,12,0,0.0,1,
8693,control,6,1,46.5,0,1.0
8694,treatment,17,0,0.0,1,
8694,treatment,10,1,149.2,0,1.0
8695,treatment,19,1,230.6,0,1.0
8695,treatment,16,1,200.7,0,2.0
8695,treatment,14,0,0.0,1,
8696,treatment,16,1,110.0,0,1.0
8697,treatment,8,1,186.8,0,1.0
8697,treatment,19,0,0.0,1,
8698,control,13,1,217.5,1,1.0
8699,treatment,5,0,0.0,0,
8700,treatment,9,0,0.0,0,
8700,treatment,12,1,142.6,0,1.0
8701,control,5,1,152.6,0,2.0
8701,control,20,1,52.4,0,1.0
8701,control,7,0,0.0,0,
8702,control,9,0,0.0,0,
8703,control,7,1,143.1,0,1.0
8704,control,8,0,0.0,1,
8705,control,1,0,0.0,0,
8705,control,18,0,0.0,1,
8705,control,20,0,0.0,0,
8706,control,9,0,0.0,0,
8707,treatment,19,1,129.3,1,1.0
8708,control,17,1,245.8,0,1.0
8709,treatment,11,1,220.7,1,1.0
8709,treatment,12,1,143.3,0,3.0
8710,control,5,0,0.0,0,
8710,control,12,0,0.0,1,
8710,control,21,1,192.6,1,1.0
8711,treatment,3,1,172.3,0,1.0
8711,treatment,9,1,161.2,0,1.0
8711,treatment,11,1,23.5,1,2.0
8712,treatment,14,0,0.0,1,
8713,treatment,7,0,0.0,0,
8713,treatment,8,1,233.9,0,4.0
8713,treatment,17,0,0.0,1,
8714,control,4,0,0.0,1,
8714,control,16,0,0.0,0,
8715,control,16,0,0.0,1,
8716,control,15,1,123.6,0,5.0
8716,control,4,0,0.0,0,
8716,control,2,1,176.6,1,1.0
8717,control,13,0,0.0,0,
8717,control,2,0,0.0,0,
8717,control,7,0,0.0,1,
8718,treatment,5,0,0.0,0,
8719,control,2,0,0.0,1,
8719,control,5,1,206.5,0,1.0
8720,treatment,14,1,101.0,1,1.0
8721,treatment,8,0,0.0,0,
8721,treatment,15,1,227.5,0,1.0
8722,control,2,1,5.0,0,2.0
8722,control,18,0,0.0,0,
8722,control,11,1,248.2,0,1.0
8723,control,10,1,160.8,1,1.0
8723,control,18,1,114.9,0,2.0
8724,control,12,0,0.0,0,
8724,control,5,0,0.0,0,
8725,treatment,1,1,349.0,0,1.0
8725,treatment,1,1,242.2,1,1.0
8725,treatment,15,0,0.0,1,
8726,control,11,1,68.3,0,1.0
8727,treatment,7,0,0.0,0,
8728,control,9,1,185.1,0,5.0
8728,control,8,0,0.0,0,
8728,control,17,0,0.0,1,
8729,treatment,1,0,0.0,0,
8729,treatment,9,0,0.0,0,
8729,treatment,7,0,0.0,0,
8730,control,11,0,0.0,1,
8730,control,19,1,145.5,0,1.0
8730,control,11,0,0.0,1,
8731,control,21,0,0.0,1,
8732,treatment,6,0,0.0,0,
8733,control,8,0,0.0,1,
8733,control,21,1,155.4,0,4.0
8733,control,2,1,176.5,1,1.0
8734,control,15,0,0.0,1,
8734,control,11,0,0.0,1,
8735,control,13,1,79.0,1,1.0
8735,control,18,1,59.4,1,2.0
8735,control,12,1,157.0,0,2.0
8736,control,16,0,0.0,0,
8736,control,5,1,185.4,1,1.0
8737,control,17,0,0.0,0,
8738,control,3,1,167.9,1,2.0
8739,control,18,0,0.0,1,
8739,control,11,0,0.0,0,
8739,control,16,1,197.0,1,4.0
8740,treatment,9,1,195.8,0,1.0
8740,treatment,18,1,275.6,1,3.0
8740,treatment,13,0,0.0,0,
8741,treatment,3,1,24.0,0,1.0
8741,treatment,17,1,187.7,0,2.0
8742,control,15,0,0.0,1,
8742,control,2,1,142.8,0,2.0
8742,control,1,1,259.2,0,3.0
8743,control,7,0,0.0,0,
8744,control,8,0,0.0,1,
8745,treatment,20,1,171.5,1,3.0
8746,treatment,19,1,235.1,1,3.0
8747,control,10,1,233.9,1,1.0
8748,treatment,8,1,119.6,0,1.0
8748,treatment,5,0,0.0,0,
8748,treatment,18,1,238.1,1,4.0
8749,control,10,1,174.9,1,3.0
8749,control,9,1,118.8,0,2.0
8749,control,15,1,176.4,0,3.0
8750,control,20,1,147.8,0,1.0
8750,control,8,0,0.0,0,
8751,control,8,0,0.0,1,
8752,control,11,1,152.9,0,1.0
8753,treatment,19,1,156.8,0,1.0
8753,treatment,9,1,267.5,0,1.0
8754,treatment,12,0,0.0,1,
8754,treatment,2,0,0.0,0,
8755,control,1,0,0.0,0,
8756,treatment,20,0,0.0,1,
8756,treatment,9,1,224.2,0,1.0
8757,treatment,18,1,195.4,0,1.0
8758,control,19,1,225.8,0,1.0
8758,control,11,1,244.9,0,1.0
8758,control,8,0,0.0,1,
8759,treatment,1,0,0.0,0,
8759,treatment,8,1,174.7,0,3.0
8760,control,9,0,0.0,0,
8760,control,18,0,0.0,0,
8760,control,8,0,0.0,1,
8761,control,4,1,115.4,1,1.0
8762,control,7,1,290.3,1,1.0
8763,control,21,1,194.8,0,2.0
8764,treatment,20,0,0.0,0,
8764,treatment,8,0,0.0,0,
8765,control,15,1,241.5,0,5.0
8766,treatment,16,1,234.0,1,4.0
8766,treatment,9,0,0.0,1,
8766,treatment,15,1,185.2,0,1.0
8767,control,12,1,130.6,0,3.0
8767,control,19,1,122.2,0,1.0
8768,control,10,0,0.0,0,
8768,control,5,0,0.0,0,
8768,control,8,1,217.3,1,2.0
8769,treatment,10,1,114.1,0,2.0
8769,treatment,9,1,172.3,0,1.0
8770,control,12,0,0.0,0,
8770,control,21,1,82.9,0,2.0
8770,control,6,0,0.0,0,
8771,treatment,8,1,173.1,0,1.0
8771,treatment,9,0,0.0,0,
8771,treatment,2,0,0.0,0,
8772,treatment,3,0,0.0,0,
8772,treatment,15,0,0.0,1,
8773,control,14,0,0.0,0,
8773,control,3,0,0.0,0,
8773,control,5,1,122.3,0,2.0
8774,control,5,1,195.3,1,3.0
8774,control,10,1,127.1,0,4.0
8774,control,13,0,0.0,0,
8775,control,15,1,195.1,1,4.0
8775,control,2,0,0.0,0,
8776,control,12,1,213.5,0,4.0
8777,control,16,0,0.0,0,
8777,control,1,1,53.9,0,3.0
8778,control,21,0,0.0,1,
8778,control,2,0,0.0,0,
8779,treatment,4,1,265.6,1,1.0
8779,treatment,8,1,141.1,1,1.0
8780,treatment,4,1,124.8,0,3.0
8781,control,17,1,214.1,0,2.0
8781,control,9,0,0.0,0,
8781,control,15,1,121.3,1,1.0
8782,treatment,16,1,105.3,0,3.0
8782,treatment,14,0,0.0,0,
8782,treatment,17,0,0.0,0,
8783,treatment,13,1,233.5,1,1.0
8784,control,7,1,166.7,1,2.0
8784,control,3,1,96.3,1,1.0
8784,control,15,1,30.2,1,1.0
8785,control,3,1,120.1,1,2.0
8785,control,10,0,0.0,0,
8785,control,16,1,207.4,0,1.0
8786,treatment,6,1,233.0,0,3.0
8786,treatment,14,1,95.0,1,2.0
8786,treatment,7,1,168.4,1,2.0
8787,control,13,0,0.0,1,
8787,control,15,1,181.7,1,5.0
8788,treatment,12,1,197.9,1,1.0
8789,control,14,1,146.6,0,3.0
8789,control,10,1,209.3,0,2.0
8790,treatment,1,1,54.7,0,1.0
8790,treatment,17,0,0.0,0,
8791,treatment,13,1,165.8,0,1.0
8792,treatment,9,0,0.0,1,
8792,treatment,21,0,0.0,0,
8793,treatment,18,0,0.0,0,
8794,control,16,1,123.3,0,1.0
8794,control,10,0,0.0,0,
8795,control,17,1,205.3,1,1.0
8795,control,4,0,0.0,0,
8796,treatment,4,1,201.1,0,3.0
8796,treatment,17,0,0.0,0,
8796,treatment,19,1,92.8,0,3.0
8797,treatment,13,0,0.0,0,
8797,treatment,4,0,0.0,1,
8797,treatment,7,1,317.3,0,1.0
8798,control,7,1,165.2,1,3.0
8798,control,16,0,0.0,1,
8799,control,21,1,205.3,0,2.0
8799,control,13,0,0.0,0,
8800,treatment,20,0,0.0,0,
8800,treatment,21,0,0.0,0,
8801,treatment,8,1,68.0,0,5.0
8801,treatment,6,0,0.0,0,
8802,treatment,17,0,0.0,0,
8803,treatment,13,1,181.2,0,1.0
8803,treatment,5,0,0.0,0,
8804,treatment,5,1,216.4,1,5.0
8804,treatment,10,0,0.0,0,
8805,control,11,1,208.2,0,3.0
8806,treatment,4,1,142.9,0,1.0
8806,treatment,18,1,118.2,0,1.0
8806,treatment,5,1,247.4,1,1.0
8807,control,8,0,0.0,0,
8808,control,18,0,0.0,1,
8808,control,21,1,232.7,0,3.0
8809,control,13,0,0.0,0,
8809,control,6,1,41.5,0,3.0
8809,control,8,1,147.4,0,5.0
8810,treatment,15,0,0.0,1,
8811,control,12,0,0.0,1,
8811,control,17,0,0.0,1,
8812,control,17,0,0.0,0,
8812,control,7,0,0.0,0,
8812,control,8,0,0.0,1,
8813,control,8,1,164.3,1,2.0
8814,control,14,1,215.0,0,1.0
8814,control,9,1,63.4,0,1.0
8814,control,19,1,150.9,0,1.0
8815,treatment,15,0,0.0,0,
8815,treatment,10,1,126.2,0,1.0
8815,treatment,3,1,246.9,0,4.0
8816,treatment,11,0,0.0,0,
8817,control,9,1,241.7,0,2.0
8818,control,17,0,0.0,0,
8818,control,17,0,0.0,1,
8818,control,13,0,0.0,0,
8819,treatment,9,0,0.0,0,
8819,treatment,17,1,131.5,1,2.0
8819,treatment,21,1,175.2,1,1.0
8820,treatment,9,0,0.0,0,
8820,treatment,4,1,263.2,0,1.0
8821,treatment,20,0,0.0,0,
8821,treatment,21,1,5.0,0,1.0
8821,treatment,11,0,0.0,0,
8822,control,21,0,0.0,0,
8822,control,3,1,210.6,0,1.0
8823,treatment,21,0,0.0,1,
8823,treatment,13,1,207.3,0,3.0
8823,treatment,16,0,0.0,0,
8824,control,17,0,0.0,0,
8825,control,8,0,0.0,0,
8826,treatment,2,0,0.0,1,
8827,control,8,1,118.1,0,5.0
8827,control,15,1,192.6,0,2.0
8828,treatment,1,0,0.0,0,
8828,treatment,16,0,0.0,0,
8828,treatment,7,1,33.6,0,2.0
8829,control,12,1,144.0,1,2.0
8829,control,20,1,130.5,1,1.0
8830,treatment,6,1,213.7,1,2.0
8830,treatment,3,1,185.7,0,1.0
8830,treatment,20,1,242.2,1,2.0
8831,control,10,1,113.5,1,4.0
8831,control,21,0,0.0,0,
8832,control,2,0,0.0,0,
8832,control,1,1,210.3,1,5.0
8833,treatment,15,0,0.0,1,
8833,treatment,14,1,221.9,0,1.0
8833,treatment,18,1,114.2,0,5.0
8834,treatment,9,0,0.0,1,
8834,treatment,13,0,0.0,1,
8834,treatment,7,1,162.5,1,2.0
8835,treatment,11,0,0.0,0,
8836,treatment,13,0,0.0,0,
8837,control,14,0,0.0,0,
8838,treatment,15,1,133.4,0,1.0
8838,treatment,8,0,0.0,1,
8839,treatment,20,1,167.3,0,2.0
8839,treatment,10,0,0.0,1,
8840,control,5,0,0.0,0,
8841,treatment,17,1,97.5,0,5.0
8841,treatment,8,1,26.1,1,2.0
8842,treatment,4,1,232.7,0,1.0
8842,treatment,2,0,0.0,0,
8843,control,5,0,0.0,1,
8843,control,11,1,202.7,0,4.0
8844,treatment,9,1,210.6,0,1.0
8844,treatment,1,1,173.6,0,1.0
8844,treatment,17,1,147.5,0,1.0
8845,treatment,1,0,0.0,1,
8845,treatment,1,0,0.0,1,
8845,treatment,21,1,165.7,1,3.0
8846,treatment,13,1,171.9,0,3.0
8847,treatment,21,0,0.0,0,
8847,treatment,1,1,104.1,0,2.0
8847,treatment,11,1,210.9,0,1.0
8848,treatment,4,0,0.0,0,
8848,treatment,16,1,104.1,0,5.0
8849,treatment,12,1,108.9,0,1.0
8849,treatment,7,0,0.0,1,
8849,treatment,19,1,146.4,0,5.0
8850,control,4,1,187.9,1,4.0
8850,control,21,0,0.0,1,
8851,treatment,3,1,236.4,0,1.0
8851,treatment,6,1,228.2,0,1.0
8851,treatment,10,0,0.0,1,
8852,control,21,0,0.0,0,
8852,control,9,1,115.6,1,1.0
8852,control,2,0,0.0,0,
8853,control,19,0,0.0,0,
8853,control,13,0,0.0,1,
8854,control,2,1,159.8,0,2.0
8854,control,11,0,0.0,1,
8854,control,11,0,0.0,0,
8855,control,9,0,0.0,1,
8856,treatment,12,0,0.0,0,
8856,treatment,1,0,0.0,0,
8856,treatment,16,0,0.0,0,
8857,treatment,17,0,0.0,0,
8857,treatment,1,1,110.9,1,1.0
8857,treatment,11,0,0.0,1,
8858,treatment,20,0,0.0,0,
8858,treatment,20,1,314.5,0,4.0
8858,treatment,5,0,0.0,0,
8859,control,16,0,0.0,1,
8859,control,18,0,0.0,0,
8859,control,14,1,77.0,1,2.0
8860,treatment,8,0,0.0,1,
8861,treatment,14,1,81.0,0,5.0
8861,treatment,17,1,82.2,0,5.0
8862,treatment,4,0,0.0,0,
8862,treatment,9,0,0.0,0,
8863,control,21,1,183.3,0,1.0
8863,control,14,0,0.0,0,
8863,control,17,1,177.5,0,1.0
8864,control,15,1,233.8,1,3.0
8865,treatment,18,0,0.0,0,
8866,control,2,0,0.0,0,
8866,control,16,0,0.0,0,
8866,control,8,0,0.0,1,
8867,control,21,1,121.5,0,3.0
8867,control,7,1,101.6,0,3.0
8868,treatment,7,1,186.0,0,2.0
8868,treatment,20,1,195.7,1,3.0
8869,control,14,0,0.0,0,
8869,control,17,0,0.0,0,
8870,control,8,1,56.5,0,2.0
8870,control,11,0,0.0,1,
8870,control,18,0,0.0,0,
8871,treatment,4,1,13.4,0,2.0
8871,treatment,13,1,172.7,1,2.0
8871,treatment,10,1,216.0,1,1.0
8872,control,14,0,0.0,0,
8872,control,4,0,0.0,0,
8872,control,16,1,124.9,0,1.0
8873,control,15,1,200.7,0,4.0
8873,control,3,1,266.5,0,1.0
8873,control,17,0,0.0,0,
8874,control,9,1,142.6,0,1.0
8875,control,4,0,0.0,0,
8876,control,20,1,212.5,0,5.0
8876,control,16,0,0.0,0,
8877,control,8,0,0.0,1,
8877,control,21,1,237.5,0,1.0
8878,control,2,0,0.0,0,
8879,control,5,1,76.4,1,1.0
8879,control,4,1,203.6,0,4.0
8880,treatment,16,1,151.7,0,3.0
8881,treatment,7,0,0.0,0,
8881,treatment,7,1,230.0,0,1.0
8881,treatment,4,1,142.7,1,1.0
8882,treatment,18,0,0.0,0,
8883,treatment,19,0,0.0,0,
8884,control,6,0,0.0,0,
8884,control,12,1,124.9,0,4.0
8884,control,21,0,0.0,1,
8885,treatment,18,0,0.0,0,
8886,treatment,17,0,0.0,1,
8887,control,4,0,0.0,1,
8887,control,20,0,0.0,1,
8887,control,3,1,193.6,1,1.0
8888,control,9,1,272.2,0,3.0
8888,control,12,0,0.0,0,
8889,control,10,0,0.0,0,
8889,control,16,0,0.0,0,
8889,control,3,0,0.0,0,
8890,control,18,1,167.1,0,1.0
8890,control,4,1,223.6,0,2.0
8891,control,8,1,124.8,1,2.0
8892,treatment,2,1,218.2,1,2.0
8893,control,14,0,0.0,0,
8894,treatment,7,0,0.0,0,
8894,treatment,8,0,0.0,0,
8895,treatment,3,0,0.0,0,
8895,treatment,11,1,179.4,0,3.0
8895,treatment,3,0,0.0,0,
8896,control,12,0,0.0,0,
8896,control,21,1,238.6,0,2.0
8897,treatment,15,1,49.4,0,3.0
8898,treatment,2,0,0.0,0,
8898,treatment,1,0,0.0,0,
8898,treatment,9,0,0.0,1,
8899,control,12,1,223.0,0,3.0
8899,control,14,0,0.0,0,
8899,control,4,1,151.1,1,1.0
8900,treatment,12,0,0.0,0,
8900,treatment,1,0,0.0,0,
8900,treatment,3,0,0.0,0,
8901,treatment,16,1,253.8,0,1.0
8902,treatment,9,1,174.6,0,4.0
8902,treatment,16,1,188.7,0,2.0
8903,control,7,0,0.0,1,
8903,control,9,1,165.2,0,5.0
8903,control,12,0,0.0,0,
8904,control,10,0,0.0,1,
8905,control,12,0,0.0,1,
8906,treatment,16,1,232.7,1,4.0
8906,treatment,19,0,0.0,0,
8907,control,1,0,0.0,0,
8907,control,12,1,126.5,0,5.0
8907,control,3,0,0.0,1,
8908,treatment,12,0,0.0,0,
8908,treatment,13,1,148.9,0,3.0
8909,control,15,1,174.3,0,4.0
8909,control,15,1,61.6,1,2.0
8909,control,18,0,0.0,1,
8910,treatment,18,1,190.9,0,3.0
8910,treatment,10,1,147.4,0,2.0
8911,control,20,0,0.0,1,
8912,control,4,0,0.0,0,
8913,treatment,17,0,0.0,0,
8913,treatment,18,1,243.2,0,4.0
8913,treatment,11,0,0.0,0,
8914,control,8,1,207.5,1,4.0
8914,control,4,1,60.5,1,1.0
8915,treatment,20,0,0.0,0,
8915,treatment,7,0,0.0,1,
8915,treatment,21,0,0.0,0,
8916,control,5,0,0.0,0,
8916,control,8,0,0.0,0,
8916,control,11,0,0.0,1,
8917,control,6,0,0.0,0,
8917,control,21,1,124.8,0,1.0
8918,treatment,18,1,221.8,0,1.0
8918,treatment,15,0,0.0,0,
8919,treatment,21,1,145.6,0,4.0
8920,treatment,17,1,141.4,0,2.0
8921,control,11,0,0.0,1,
8922,treatment,13,0,0.0,1,
8922,treatment,15,1,128.9,0,5.0
8922,treatment,11,0,0.0,0,
8923,control,3,0,0.0,0,
8923,control,19,0,0.0,1,
8923,control,7,0,0.0,1,
8924,treatment,18,0,0.0,0,
8925,treatment,17,0,0.0,0,
8926,treatment,19,1,110.6,0,1.0
8927,treatment,6,0,0.0,0,
8927,treatment,9,0,0.0,0,
8927,treatment,14,1,96.4,0,2.0
8928,treatment,10,1,221.0,0,1.0
8928,treatment,10,1,153.9,1,1.0
8928,treatment,7,0,0.0,1,
8929,treatment,20,1,189.8,0,1.0
8929,treatment,2,0,0.0,0,
8930,control,8,1,226.7,0,3.0
8930,control,15,0,0.0,1,
8931,treatment,21,0,0.0,0,
8932,control,2,1,171.2,0,1.0
8933,treatment,2,0,0.0,0,
8933,treatment,4,1,246.8,0,3.0
8934,treatment,10,0,0.0,0,
8934,treatment,5,1,184.6,1,1.0
8934,treatment,14,1,219.0,0,3.0
8935,treatment,16,0,0.0,0,
8935,treatment,5,1,180.7,1,1.0
8936,control,20,0,0.0,1,
8937,control,2,0,0.0,1,
8938,treatment,9,1,296.7,0,1.0
8938,treatment,5,0,0.0,1,
8938,treatment,7,0,0.0,0,
8939,control,10,0,0.0,0,
8939,control,10,0,0.0,0,
8940,treatment,20,0,0.0,0,
8941,treatment,18,0,0.0,0,
8942,control,2,0,0.0,0,
8942,control,14,1,71.3,1,2.0
8943,control,3,1,138.4,0,2.0
8944,control,21,0,0.0,0,
8944,control,4,1,156.4,1,5.0
8944,control,2,0,0.0,0,
8945,control,3,0,0.0,0,
8946,treatment,3,0,0.0,0,
8947,control,20,1,130.4,0,1.0
8947,control,15,1,117.4,0,5.0
8947,control,6,1,217.7,0,1.0
8948,control,6,0,0.0,1,
8948,control,4,1,144.6,0,2.0
8949,treatment,13,0,0.0,0,
8949,treatment,10,0,0.0,0,
8950,control,4,1,91.6,1,1.0
8951,control,1,1,165.6,0,5.0
8951,control,1,1,148.6,1,3.0
8952,control,10,1,5.0,0,2.0
8952,control,20,0,0.0,0,
8952,control,11,1,191.8,0,1.0
8953,control,15,0,0.0,0,
8954,treatment,9,0,0.0,0,
8954,treatment,7,1,56.7,0,1.0
8954,treatment,15,0,0.0,0,
8955,treatment,1,0,0.0,0,
8956,control,11,1,174.4,0,5.0
8956,control,13,0,0.0,0,
8956,control,10,1,212.9,1,1.0
8957,control,10,0,0.0,0,
8958,treatment,20,1,256.6,0,1.0
8959,control,15,1,159.7,0,2.0
8960,control,6,0,0.0,0,
8960,control,9,1,238.1,1,1.0
8960,control,9,1,188.0,0,3.0
8961,control,16,0,0.0,0,
8961,control,19,0,0.0,1,
8961,control,14,0,0.0,0,
8962,control,9,1,192.9,1,3.0
8962,control,8,0,0.0,0,
8963,control,21,0,0.0,1,
8963,control,2,0,0.0,0,
8963,control,17,0,0.0,1,
8964,control,18,0,0.0,0,
8964,control,21,0,0.0,0,
8964,control,2,0,0.0,1,
8965,control,10,1,233.2,0,1.0
8965,control,16,0,0.0,0,
8965,control,20,0,0.0,0,
8966,control,15,0,0.0,0,
8967,control,12,1,173.5,0,1.0
8967,control,11,0,0.0,0,
8967,control,16,0,0.0,1,
8968,treatment,18,0,0.0,0,
8968,treatment,14,0,0.0,0,
8969,treatment,20,0,0.0,0,
8970,treatment,14,0,0.0,0,
8970,treatment,9,0,0.0,1,
8970,treatment,9,0,0.0,1,
8971,control,17,1,192.6,0,1.0
8972,control,10,0,0.0,0,
8972,control,1,1,66.4,0,5.0
8972,control,11,0,0.0,1,
8973,treatment,14,0,0.0,0,
8973,treatment,14,1,227.0,0,1.0
8974,control,19,1,101.8,0,1.0
8974,control,2,1,258.7,0,3.0
8975,treatment,11,0,0.0,0,
8975,treatment,2,0,0.0,1,
8976,control,2,0,0.0,0,
8976,control,20,1,80.3,0,1.0
8976,control,10,1,102.3,1,1.0
8977,treatment,4,1,209.1,0,1.0
8978,treatment,10,0,0.0,0,
8978,treatment,7,1,194.0,0,2.0
8979,treatment,19,1,164.8,1,1.0
8980,control,6,1,209.9,1,4.0
8980,control,7,0,0.0,0,
8980,control,12,1,240.1,1,1.0
8981,treatment,15,0,0.0,0,
8982,control,2,0,0.0,1,
8983,control,21,0,0.0,0,
8984,control,12,0,0.0,0,
8984,control,11,1,167.5,0,2.0
8985,control,12,1,193.4,0,1.0
8985,control,14,0,0.0,1,
8985,control,7,0,0.0,0,
8986,control,2,1,243.7,0,1.0
8986,control,21,0,0.0,0,
8986,control,7,1,205.6,1,4.0
8987,control,18,0,0.0,0,
8987,control,5,0,0.0,0,
8987,control,19,0,0.0,0,
8988,control,1,1,171.7,1,2.0
8988,control,3,0,0.0,0,
8989,treatment,20,0,0.0,1,
8989,treatment,7,1,181.8,1,2.0
8990,treatment,8,1,149.0,1,1.0
8991,treatment,3,1,250.8,0,1.0
8992,control,6,1,125.3,0,1.0
8992,control,2,1,120.5,0,2.0
8992,control,2,0,0.0,1,
8993,control,13,1,101.1,1,1.0
8993,control,5,0,0.0,0,
8993,control,9,0,0.0,1,
8994,control,9,1,157.0,1,1.0
8995,control,11,1,127.3,0,1.0
8995,control,19,0,0.0,0,
8996,treatment,2,0,0.0,0,
8996,treatment,17,0,0.0,0,
8996,treatment,10,0,0.0,0,
8997,control,10,0,0.0,0,
8997,control,1,0,0.0,1,
8998,treatment,5,1,98.7,0,5.0
8999,control,18,1,146.2,0,1.0
8999,control,9,0,0.0,0,
8999,control,10,1,91.6,1,5.0
9000,treatment,11,1,153.2,0,1.0
9000,treatment,18,0,0.0,1,
9000,treatment,5,1,181.8,0,1.0
9001,control,19,1,120.5,0,2.0
9001,control,19,1,139.3,0,1.0
9001,control,11,1,183.5,1,2.0
9002,treatment,13,1,180.9,1,2.0
9002,treatment,14,1,89.1,0,1.0
9003,control,3,1,135.8,0,1.0
9003,control,8,1,186.0,1,1.0
9004,treatment,16,1,187.1,0,3.0
9004,treatment,15,0,0.0,0,
9004,treatment,5,1,148.2,1,1.0
9005,control,10,1,109.7,1,4.0
9005,control,13,1,170.9,1,1.0
9005,control,9,1,172.2,1,2.0
9006,treatment,6,0,0.0,0,
9007,treatment,9,0,0.0,0,
9007,treatment,17,1,247.0,0,2.0
9007,treatment,16,0,0.0,0,
9008,control,2,1,163.9,0,3.0
9008,control,18,1,59.2,0,2.0
9009,treatment,3,0,0.0,1,
9009,treatment,13,1,134.6,0,1.0
9010,control,20,1,124.7,1,2.0
9010,control,9,0,0.0,0,
9011,control,1,0,0.0,1,
9012,control,12,1,252.5,0,1.0
9012,control,11,1,94.3,0,3.0
9012,control,1,1,181.7,1,2.0
9013,treatment,10,0,0.0,0,
9013,treatment,17,1,180.4,1,1.0
9014,treatment,21,0,0.0,0,
9014,treatment,13,0,0.0,1,
9015,control,19,0,0.0,0,
9015,control,16,0,0.0,0,
9016,control,3,0,0.0,0,
9017,treatment,13,1,164.0,0,3.0
9017,treatment,20,1,153.2,0,3.0
9017,treatment,18,1,219.5,1,3.0
9018,treatment,1,0,0.0,0,
9019,treatment,12,1,235.1,1,2.0
9019,treatment,7,0,0.0,0,
9019,treatment,7,1,203.0,0,1.0
9020,control,10,0,0.0,0,
9021,control,13,0,0.0,0,
9021,control,15,1,49.9,1,2.0
9021,control,15,1,152.1,0,1.0
9022,control,13,0,0.0,0,
9022,control,4,0,0.0,0,
9023,control,21,0,0.0,0,
9023,control,7,1,107.7,1,5.0
9024,control,12,0,0.0,0,
9024,control,11,1,246.1,0,5.0
9024,control,3,0,0.0,0,
9025,treatment,3,0,0.0,0,
9025,treatment,13,1,133.3,0,1.0
9026,control,19,0,0.0,0,
9027,treatment,2,0,0.0,0,
9028,treatment,11,0,0.0,0,
9028,treatment,16,0,0.0,0,
9028,treatment,3,1,276.8,1,2.0
9029,control,10,1,246.4,0,1.0
9030,treatment,15,0,0.0,1,
9031,control,15,0,0.0,0,
9031,control,21,1,238.5,0,1.0
9032,treatment,3,1,177.2,1,4.0
9032,treatment,1,0,0.0,0,
9032,treatment,21,0,0.0,0,
9033,control,10,1,183.9,0,5.0
9033,control,18,1,149.8,1,5.0
9034,control,12,1,240.3,1,2.0
9035,treatment,15,0,0.0,1,
9036,control,13,1,85.9,1,4.0
9036,control,4,1,168.3,0,4.0
9036,control,5,0,0.0,1,
9037,treatment,8,0,0.0,0,
9037,treatment,12,0,0.0,0,
9037,treatment,20,1,171.9,0,1.0
9038,control,8,0,0.0,1,
9038,control,16,1,137.6,0,2.0
9038,control,17,0,0.0,0,
9039,control,6,1,275.0,1,2.0
9040,control,2,1,177.0,0,2.0
9040,control,17,0,0.0,0,
9040,control,12,0,0.0,1,
9041,treatment,20,1,177.2,0,2.0
9041,treatment,21,1,159.2,0,2.0
9041,treatment,7,0,0.0,1,
9042,treatment,6,0,0.0,0,
9042,treatment,16,1,169.8,1,1.0
9042,treatment,3,1,150.0,0,1.0
9043,control,8,1,134.5,0,2.0
9043,control,5,0,0.0,1,
9044,treatment,14,1,197.0,1,3.0
9044,treatment,10,1,249.4,0,1.0
9044,treatment,1,0,0.0,0,
9045,control,15,1,161.5,0,1.0
9045,control,21,0,0.0,0,
9046,treatment,10,0,0.0,0,
9046,treatment,14,1,293.7,0,3.0
9047,treatment,2,0,0.0,1,
9048,control,19,1,62.5,1,1.0
9048,control,16,0,0.0,0,
9049,control,5,0,0.0,1,
9050,control,5,1,150.4,0,2.0
9050,control,8,1,43.1,0,1.0
9051,control,17,0,0.0,1,
9051,control,9,1,72.5,0,3.0
9051,control,11,0,0.0,0,
9052,control,11,0,0.0,0,
9053,treatment,16,0,0.0,0,
9053,treatment,8,0,0.0,0,
9053,treatment,15,0,0.0,0,
9054,treatment,12,1,224.7,0,1.0
9054,treatment,13,1,195.7,0,4.0
9054,treatment,2,1,120.5,1,1.0
9055,control,9,0,0.0,0,
9056,control,5,0,0.0,0,
9056,control,3,1,101.3,0,1.0
9056,control,20,0,0.0,1,
9057,control,14,1,139.5,1,3.0
9058,treatment,17,0,0.0,1,
9058,treatment,3,1,129.4,0,4.0
9059,control,12,0,0.0,0,
9060,control,9,0,0.0,0,
9061,treatment,2,1,243.4,0,2.0
9061,treatment,7,1,104.8,1,1.0
9061,treatment,17,0,0.0,0,
9062,treatment,21,1,169.4,0,2.0
9062,treatment,8,1,179.1,0,4.0
9062,treatment,13,1,212.5,1,1.0
9063,treatment,1,0,0.0,1,
9064,treatment,19,0,0.0,0,
9065,control,14,1,274.0,0,5.0
9065,control,4,0,0.0,0,
9065,control,5,0,0.0,1,
9066,treatment,11,1,226.4,0,1.0
9066,treatment,3,0,0.0,0,
9066,treatment,18,0,0.0,0,
9067,treatment,9,1,198.6,0,3.0
9067,treatment,15,1,215.9,0,2.0
9068,control,19,1,92.3,0,1.0
9069,control,5,1,183.6,0,1.0
9070,control,15,0,0.0,0,
9070,control,11,1,190.9,0,4.0
9071,treatment,14,0,0.0,1,
9072,control,7,1,96.8,1,5.0
9073,treatment,21,0,0.0,1,
9074,treatment,10,1,74.9,0,1.0
9075,treatment,10,0,0.0,0,
9075,treatment,9,0,0.0,0,
9075,treatment,21,0,0.0,0,
9076,control,4,0,0.0,1,
9077,treatment,10,0,0.0,0,
9077,treatment,8,1,272.4,0,5.0
9078,control,7,0,0.0,0,
9078,control,16,1,195.5,0,5.0
9078,control,12,0,0.0,0,
9079,control,7,1,182.5,0,2.0
9079,control,20,0,0.0,0,
9079,control,19,0,0.0,0,
9080,control,21,0,0.0,0,
9081,treatment,8,1,234.6,0,2.0
9082,treatment,16,0,0.0,0,
9082,treatment,2,1,92.3,0,1.0
9083,treatment,3,0,0.0,0,
9084,control,17,1,142.0,0,2.0
9084,control,18,0,0.0,1,
9084,control,15,0,0.0,1,
9085,treatment,12,1,207.5,0,1.0
9086,treatment,13,0,0.0,0,
9086,treatment,8,1,156.6,0,2.0
9087,treatment,18,0,0.0,0,
9088,treatment,6,0,0.0,0,
9089,treatment,1,0,0.0,0,
9089,treatment,19,0,0.0,0,
9090,control,3,1,82.6,1,3.0
9090,control,12,1,202.2,0,2.0
9091,control,13,0,0.0,0,
9091,control,8,1,20.3,0,1.0
9092,control,15,1,180.9,1,1.0
9092,control,9,0,0.0,0,
9092,control,13,1,137.6,0,2.0
9093,control,7,0,0.0,1,
9093,control,9,0,0.0,1,
9093,control,15,1,150.2,1,2.0
9094,treatment,11,1,256.7,1,2.0
9094,treatment,11,1,209.6,1,4.0
9095,control,9,0,0.0,0,
9095,control,1,1,145.6,0,1.0
9095,control,13,0,0.0,1,
9096,treatment,11,1,149.8,1,2.0
9097,control,10,0,0.0,0,
9097,control,14,0,0.0,0,
9097,control,15,0,0.0,0,
9098,control,3,0,0.0,0,
9099,control,18,0,0.0,0,
9099,control,19,1,151.3,0,2.0
9099,control,10,1,53.6,0,2.0
9100,treatment,1,1,185.4,0,1.0
9100,treatment,20,0,0.0,1,
9101,treatment,5,0,0.0,0,
9101,treatment,7,1,139.5,0,3.0
9101,treatment,12,1,151.1,0,1.0
9102,control,8,1,5.0,0,2.0
9103,treatment,17,1,168.8,0,3.0
9104,control,8,0,0.0,0,
9104,control,15,1,111.4,1,2.0
9105,control,1,1,137.4,0,1.0
9106,control,17,1,184.1,0,2.0
9106,control,2,0,0.0,0,
9107,treatment,8,1,188.6,1,4.0
9107,treatment,7,0,0.0,0,
9108,control,8,1,103.4,0,2.0
9108,control,13,1,217.4,0,3.0
9109,control,15,1,127.9,0,1.0
9109,control,15,1,77.3,1,3.0
9110,control,8,1,227.5,0,2.0
9111,treatment,14,0,0.0,0,
9112,control,12,0,0.0,0,
9112,control,8,0,0.0,1,
9113,treatment,10,1,317.2,0,4.0
9113,treatment,3,0,0.0,0,
9113,treatment,6,1,308.3,0,4.0
9114,control,2,1,183.4,0,1.0
9114,control,3,1,306.6,0,2.0
9114,control,2,0,0.0,1,
9115,treatment,18,0,0.0,1,
9115,treatment,9,0,0.0,1,
9115,treatment,17,1,236.4,1,2.0
9116,control,21,0,0.0,1,
9116,control,17,1,186.3,1,1.0
9116,control,10,1,87.2,0,2.0
9117,control,13,0,0.0,0,
9117,control,2,0,0.0,0,
9117,control,18,1,78.0,0,5.0
9118,treatment,20,1,231.6,0,3.0
9118,treatment,11,1,181.2,0,4.0
9118,treatment,19,1,51.5,1,1.0
9119,treatment,7,0,0.0,0,
9120,control,20,1,123.3,0,1.0
9120,control,11,0,0.0,0,
9121,treatment,12,0,0.0,1,
9121,treatment,5,0,0.0,0,
9121,treatment,17,1,220.2,0,4.0
9122,control,8,0,0.0,0,
9122,control,13,0,0.0,1,
9123,control,6,1,146.5,0,1.0
9124,control,6,1,8.0,0,1.0
9124,control,7,1,213.6,1,4.0
9125,treatment,14,0,0.0,0,
9126,control,14,0,0.0,1,
9127,treatment,19,0,0.0,1,
9128,control,3,1,123.5,1,1.0
9128,control,6,1,206.5,1,4.0
9129,treatment,6,0,0.0,1,
9129,treatment,12,1,178.2,0,1.0
9129,treatment,16,1,70.4,0,1.0
9130,treatment,9,1,116.0,0,1.0
9130,treatment,17,1,194.6,0,4.0
9131,control,8,1,167.8,0,1.0
9132,treatment,11,1,223.3,0,1.0
9133,control,21,0,0.0,1,
9133,control,1,1,185.2,0,1.0
9133,control,6,1,215.9,0,1.0
9134,control,10,0,0.0,0,
9134,control,8,0,0.0,0,
9134,control,17,1,77.4,0,1.0
9135,control,21,1,95.0,0,2.0
9136,control,2,0,0.0,1,
9137,control,9,1,103.8,0,1.0
9137,control,8,1,167.1,0,4.0
9138,treatment,4,1,277.7,0,1.0
9138,treatment,15,1,92.5,0,1.0
9138,treatment,21,1,187.7,0,1.0
9139,control,10,0,0.0,0,
9139,control,21,0,0.0,0,
9139,control,17,0,0.0,1,
9140,treatment,14,1,234.8,0,1.0
9141,treatment,18,0,0.0,0,
9141,treatment,13,1,125.7,0,1.0
9142,control,15,0,0.0,1,
9143,treatment,10,0,0.0,1,
9143,treatment,2,1,137.9,0,4.0
9143,treatment,20,1,269.3,1,2.0
9144,control,15,0,0.0,0,
9145,treatment,20,1,229.2,1,1.0
9146,treatment,15,1,138.7,0,1.0
9146,treatment,6,0,0.0,1,
9147,treatment,7,1,131.0,0,1.0
9147,treatment,12,1,143.5,0,1.0
9148,control,21,1,216.6,1,1.0
9148,control,21,0,0.0,0,
9149,treatment,9,0,0.0,0,
9149,treatment,17,1,202.5,0,3.0
9149,treatment,14,0,0.0,1,
9150,control,5,0,0.0,0,
9151,treatment,12,0,0.0,0,
9152,treatment,14,1,237.1,0,1.0
9152,treatment,2,0,0.0,0,
9152,treatment,11,0,0.0,0,
9153,treatment,3,1,215.1,0,4.0
9153,treatment,6,1,262.8,0,1.0
9153,treatment,5,0,0.0,1,
9154,treatment,8,1,198.7,0,5.0
9155,control,3,0,0.0,1,
9155,control,7,1,100.0,1,2.0
9156,control,10,1,129.9,0,2.0
9157,treatment,13,1,129.2,0,1.0
9157,treatment,19,1,98.9,1,1.0
9157,treatment,19,1,137.5,0,2.0
9158,treatment,1,0,0.0,0,
9159,control,7,0,0.0,1,
9160,control,20,0,0.0,1,
9161,control,2,0,0.0,0,
9161,control,15,1,91.5,1,4.0
9162,control,13,0,0.0,0,
9162,control,19,1,116.0,0,2.0
9163,treatment,12,0,0.0,1,
9164,treatment,20,0,0.0,0,
9165,control,13,0,0.0,0,
9165,control,8,1,151.9,0,2.0
9166,control,8,0,0.0,0,
9166,control,9,1,99.3,1,3.0
9166,control,12,1,140.2,0,5.0
9167,control,17,1,105.5,0,3.0
9167,control,1,0,0.0,0,
9167,control,10,0,0.0,1,
9168,control,4,1,131.5,0,1.0
9168,control,18,0,0.0,1,
9169,control,21,0,0.0,0,
9169,control,10,0,0.0,0,
9169,control,2,1,119.5,0,2.0
9170,control,3,0,0.0,0,
9170,control,15,0,0.0,0,
9170,control,11,0,0.0,0,
9171,treatment,20,0,0.0,0,
9171,treatment,19,0,0.0,0,
9171,treatment,18,1,138.8,0,4.0
9172,treatment,21,1,176.8,0,2.0
9172,treatment,13,0,0.0,0,
9172,treatment,21,0,0.0,1,
9173,treatment,17,1,117.6,0,2.0
9174,control,10,0,0.0,1,
9175,control,1,0,0.0,0,
9175,control,5,0,0.0,0,
9176,control,13,0,0.0,0,
9176,control,15,1,123.7,1,1.0
9176,control,2,0,0.0,0,
9177,treatment,1,0,0.0,1,
9177,treatment,15,1,170.2,1,1.0
9177,treatment,3,0,0.0,0,
9178,control,5,1,94.9,1,2.0
9178,control,1,1,157.8,0,4.0
9179,control,14,0,0.0,1,
9179,control,12,1,186.2,1,1.0
9179,control,14,0,0.0,1,
9180,treatment,4,1,208.6,0,4.0
9180,treatment,14,0,0.0,0,
9180,treatment,15,1,154.4,0,1.0
9181,control,20,1,231.4,0,2.0
9181,control,3,1,158.1,0,1.0
9182,treatment,15,1,165.4,1,3.0
9182,treatment,17,0,0.0,0,
9183,treatment,10,0,0.0,0,
9184,control,8,0,0.0,0,
9184,control,6,1,158.5,1,1.0
9185,treatment,10,1,122.5,0,5.0
9186,control,17,1,127.7,0,1.0
9187,treatment,17,0,0.0,0,
9188,control,2,0,0.0,1,
9188,control,13,1,146.2,0,4.0
9189,treatment,10,0,0.0,0,
9189,treatment,9,0,0.0,0,
9189,treatment,10,0,0.0,0,
9190,control,6,0,0.0,0,
9190,control,11,0,0.0,1,
9190,control,16,0,0.0,0,
9191,treatment,12,0,0.0,1,
9191,treatment,17,0,0.0,0,
9192,treatment,21,1,162.0,0,1.0
9192,treatment,16,1,226.4,0,3.0
9193,treatment,15,0,0.0,0,
9193,treatment,12,1,108.7,0,2.0
9194,control,5,1,113.2,1,1.0
9195,control,6,1,147.2,0,5.0
9195,control,3,0,0.0,0,
9195,control,8,1,128.1,1,2.0
9196,treatment,15,1,248.1,1,1.0
9197,control,19,1,155.5,0,1.0
9197,control,5,1,236.4,0,2.0
9198,treatment,1,1,117.7,0,1.0
9198,treatment,16,0,0.0,0,
9199,control,2,1,212.0,0,1.0
9199,control,19,1,76.5,0,3.0
9199,control,1,0,0.0,0,
9200,treatment,7,1,52.6,0,2.0
9200,treatment,20,1,211.4,0,1.0
9200,treatment,15,1,222.8,0,1.0
9201,control,7,0,0.0,0,
9202,treatment,7,1,178.5,0,5.0
9203,treatment,12,1,287.1,1,4.0
9203,treatment,21,1,199.9,0,4.0
9203,treatment,12,1,222.8,0,1.0
9204,treatment,10,1,154.9,1,2.0
9204,treatment,13,0,0.0,1,
9205,treatment,15,0,0.0,0,
9205,treatment,18,1,229.0,1,1.0
9206,control,20,1,101.5,0,2.0
9207,treatment,12,1,138.7,1,2.0
9208,control,15,1,119.0,0,1.0
9209,control,11,0,0.0,0,
9209,control,4,1,204.0,0,2.0
9209,control,9,1,138.2,0,2.0
9210,treatment,15,1,190.1,0,1.0
9210,treatment,18,0,0.0,1,
9210,treatment,9,1,172.4,0,1.0
9211,control,10,1,166.6,1,1.0
9211,control,21,0,0.0,0,
9212,control,17,1,57.2,0,5.0
9213,control,15,0,0.0,0,
9213,control,8,1,207.0,1,4.0
9213,control,10,0,0.0,0,
9214,treatment,19,0,0.0,1,
9214,treatment,8,0,0.0,0,
9214,treatment,9,0,0.0,0,
9215,control,8,1,133.3,0,1.0
9216,control,13,1,285.7,0,5.0
9217,treatment,18,1,154.2,1,1.0
9217,treatment,21,0,0.0,0,
9218,treatment,13,1,170.4,0,2.0
9218,treatment,14,1,107.3,0,1.0
9219,control,4,1,161.3,0,4.0
9219,control,8,0,0.0,0,
9219,control,3,1,122.9,1,2.0
9220,treatment,4,0,0.0,0,
9221,control,8,0,0.0,1,
9222,control,12,1,153.1,0,3.0
9222,control,10,0,0.0,0,
9223,control,3,0,0.0,0,
9223,control,9,1,197.5,0,2.0
9223,control,12,0,0.0,1,
9224,treatment,18,1,116.2,1,1.0
9225,control,13,1,122.7,1,2.0
9225,control,2,1,221.9,1,3.0
9225,control,9,1,161.1,1,2.0
9226,treatment,9,1,248.2,0,2.0
9226,treatment,16,1,91.1,0,1.0
9226,treatment,7,0,0.0,0,
9227,treatment,14,0,0.0,0,
9227,treatment,6,1,104.9,0,1.0
9228,control,2,1,108.0,0,2.0
9229,treatment,15,1,88.8,1,1.0
9229,treatment,1,1,315.4,0,2.0
9229,treatment,21,1,252.1,0,1.0
9230,treatment,5,1,199.5,0,3.0
9230,treatment,6,0,0.0,1,
9231,treatment,18,1,212.8,0,1.0
9231,treatment,13,1,189.0,1,3.0
9231,treatment,5,1,160.0,1,2.0
9232,treatment,4,1,262.4,0,2.0
9232,treatment,3,0,0.0,0,
9232,treatment,9,1,123.7,0,4.0
9233,treatment,12,1,212.0,0,1.0
9234,control,21,0,0.0,0,
9234,control,3,1,101.1,0,5.0
9234,control,16,0,0.0,0,
9235,treatment,6,0,0.0,1,
9235,treatment,7,1,209.0,0,2.0
9235,treatment,17,1,181.1,1,1.0
9236,control,16,0,0.0,0,
9236,control,19,1,87.4,1,2.0
9236,control,19,1,50.3,0,1.0
9237,control,16,1,221.8,0,4.0
9237,control,6,0,0.0,0,
9237,control,14,1,106.0,0,5.0
9238,control,16,1,136.3,0,3.0
9238,control,11,0,0.0,0,
9238,control,20,1,162.3,0,4.0
9239,control,15,1,123.7,0,1.0
9239,control,12,0,0.0,1,
9239,control,16,1,89.2,1,2.0
9240,control,21,1,28.3,1,2.0
9240,control,3,1,263.3,1,2.0
9240,control,2,1,235.6,0,1.0
9241,control,10,0,0.0,0,
9242,treatment,11,1,200.2,0,1.0
9242,treatment,1,0,0.0,0,
9242,treatment,16,1,100.8,0,1.0
9243,treatment,15,1,87.8,1,1.0
9244,treatment,12,0,0.0,0,
9244,treatment,9,1,72.4,0,1.0
9244,treatment,21,1,274.8,1,4.0
9245,control,8,0,0.0,1,
9245,control,18,1,153.4,0,2.0
9246,treatment,18,1,266.0,0,1.0
9246,treatment,19,0,0.0,1,
9247,treatment,21,0,0.0,0,
9248,treatment,5,0,0.0,0,
9248,treatment,3,0,0.0,0,
9249,control,21,1,154.3,1,3.0
9249,control,17,1,95.8,0,1.0
9250,treatment,3,1,207.4,0,1.0
9251,control,14,0,0.0,1,
9251,control,21,0,0.0,0,
9252,treatment,19,1,119.3,0,1.0
9252,treatment,12,1,223.3,0,3.0
9253,control,21,0,0.0,0,
9253,control,14,1,79.6,1,1.0
9254,control,13,0,0.0,1,
9254,control,6,0,0.0,0,
9254,control,16,1,251.5,1,1.0
9255,control,14,0,0.0,1,
9255,control,9,0,0.0,0,
9255,control,4,0,0.0,0,
9256,treatment,11,1,246.6,0,1.0
9256,treatment,12,1,243.5,0,1.0
9256,treatment,20,1,210.7,0,3.0
9257,treatment,15,1,239.9,1,3.0
9257,treatment,15,0,0.0,0,
9257,treatment,2,1,114.5,0,4.0
9258,control,5,0,0.0,0,
9258,control,8,0,0.0,0,
9258,control,15,0,0.0,0,
9259,treatment,18,0,0.0,0,
9259,treatment,5,1,207.9,0,3.0
9260,control,17,1,85.7,0,2.0
9260,control,15,0,0.0,0,
9261,control,14,0,0.0,1,
9261,control,10,0,0.0,0,
9261,control,13,0,0.0,0,
9262,treatment,7,1,203.7,1,1.0
9263,treatment,16,0,0.0,1,
9263,treatment,18,1,140.6,0,1.0
9264,treatment,17,0,0.0,0,
9265,control,3,0,0.0,0,
9265,control,9,0,0.0,0,
9265,control,20,0,0.0,0,
9266,control,18,1,64.9,0,2.0
9267,treatment,21,1,237.5,0,1.0
9268,control,6,1,156.9,1,1.0
9269,treatment,4,1,198.6,0,2.0
9269,treatment,1,0,0.0,0,
9270,control,1,0,0.0,0,
9270,control,18,0,0.0,1,
9271,treatment,12,1,98.0,0,1.0
9272,treatment,8,1,181.9,0,1.0
9272,treatment,21,1,289.6,0,5.0
9272,treatment,4,1,145.1,0,2.0
9273,control,15,0,0.0,1,
9273,control,11,0,0.0,0,
9273,control,15,0,0.0,0,
9274,treatment,9,1,109.9,0,5.0
9275,treatment,7,0,0.0,0,
9275,treatment,20,1,158.1,0,2.0
9275,treatment,14,0,0.0,1,
9276,control,17,1,287.0,1,4.0
9277,treatment,14,0,0.0,1,
9277,treatment,5,0,0.0,1,
9278,control,4,1,161.1,0,1.0
9279,treatment,3,1,236.6,1,4.0
9279,treatment,5,1,213.1,0,4.0
9280,control,1,1,111.4,0,1.0
9281,treatment,14,1,178.5,0,1.0
9282,treatment,15,0,0.0,0,
9282,treatment,5,0,0.0,0,
9283,treatment,21,1,195.8,0,1.0
9283,treatment,3,0,0.0,1,
9283,treatment,1,1,190.8,0,2.0
9284,treatment,4,0,0.0,0,
9284,treatment,6,1,202.6,0,2.0
9284,treatment,18,1,86.2,0,1.0
9285,control,1,0,0.0,0,
9286,control,15,1,167.1,0,3.0
9286,control,10,1,206.9,1,2.0
9286,control,13,1,126.6,1,4.0
9287,control,20,0,0.0,0,
9287,control,2,0,0.0,1,
9287,control,12,1,179.1,0,2.0
9288,control,1,0,0.0,1,
9288,control,21,0,0.0,1,
9289,control,11,1,78.3,1,1.0
9290,control,15,0,0.0,1,
9290,control,8,0,0.0,0,
9290,control,1,0,0.0,1,
9291,control,11,1,179.7,0,1.0
9291,control,5,0,0.0,0,
9291,control,10,1,252.9,1,2.0
9292,treatment,14,0,0.0,0,
9292,treatment,8,1,121.7,0,1.0
9293,treatment,10,1,259.9,0,4.0
9293,treatment,1,1,96.9,1,4.0
9293,treatment,2,0,0.0,1,
9294,treatment,12,1,181.2,1,2.0
9294,treatment,1,1,109.4,0,3.0
9295,treatment,13,1,246.8,0,1.0
9295,treatment,17,1,165.4,0,2.0
9295,treatment,5,0,0.0,0,
9296,control,3,1,41.6,1,4.0
9297,control,14,1,159.7,0,1.0
9298,control,10,0,0.0,1,
9299,treatment,18,1,323.2,0,4.0
9300,control,21,1,157.6,1,4.0
9301,treatment,14,0,0.0,0,
9301,treatment,6,1,181.8,0,2.0
9302,control,11,1,123.2,0,5.0
9302,control,9,1,152.4,0,3.0
9302,control,14,1,45.0,0,2.0
9303,control,10,1,61.9,0,3.0
9303,control,16,0,0.0,0,
9303,control,19,1,145.0,0,5.0
9304,control,14,1,146.0,1,5.0
9305,control,12,0,0.0,0,
9305,control,13,1,126.0,1,4.0
9306,treatment,6,1,227.5,0,3.0
9307,treatment,3,1,143.6,0,1.0
9307,treatment,3,1,182.0,1,1.0
9307,treatment,6,0,0.0,1,
9308,control,1,1,220.4,1,2.0
9308,control,17,0,0.0,0,
9308,control,10,1,164.2,0,1.0
9309,treatment,16,1,180.4,1,1.0
9310,control,20,0,0.0,1,
9311,control,14,0,0.0,1,
9312,control,18,1,124.3,0,1.0
9312,control,1,0,0.0,1,
9313,control,20,0,0.0,0,
9313,control,12,1,200.2,1,1.0
9314,treatment,1,0,0.0,0,
9315,control,7,1,197.6,1,2.0
9315,control,9,1,213.9,1,2.0
9315,control,18,1,255.6,1,2.0
9316,control,15,0,0.0,0,
9317,treatment,6,0,0.0,0,
9318,control,5,1,157.3,0,4.0
9318,control,5,1,226.2,1,3.0
9319,treatment,2,1,213.3,0,1.0
9319,treatment,13,0,0.0,0,
9319,treatment,11,1,269.9,1,1.0
9320,control,2,1,225.1,0,3.0
9321,control,16,1,303.4,0,1.0
9321,control,20,0,0.0,0,
9322,control,9,0,0.0,1,
9323,control,13,0,0.0,0,
9323,control,2,0,0.0,0,
9324,control,18,1,96.3,0,5.0
9325,control,20,1,89.4,0,1.0
9325,control,6,1,175.1,0,1.0
9326,treatment,11,1,125.4,0,1.0
9327,control,13,0,0.0,1,
9327,control,2,0,0.0,0,
9327,control,21,0,0.0,0,
9328,treatment,13,1,223.4,0,1.0
9328,treatment,9,1,272.7,0,1.0
9329,treatment,8,0,0.0,0,
9329,treatment,5,0,0.0,0,
9329,treatment,5,1,138.1,0,1.0
9330,control,7,0,0.0,1,
9330,control,14,0,0.0,0,
9331,treatment,8,1,270.4,0,1.0
9331,treatment,13,1,250.9,0,3.0
9331,treatment,18,1,163.4,1,3.0
9332,control,21,0,0.0,0,
9332,control,19,0,0.0,0,
9332,control,16,1,127.2,0,1.0
9333,treatment,11,1,104.8,0,2.0
9333,treatment,8,0,0.0,0,
9334,control,8,0,0.0,0,
9334,control,4,0,0.0,0,
9335,treatment,17,0,0.0,0,
9335,treatment,20,1,105.5,0,1.0
9336,treatment,14,1,284.4,0,2.0
9336,treatment,3,1,155.3,0,5.0
9337,control,20,0,0.0,0,
9337,control,3,1,126.3,0,1.0
9338,treatment,12,0,0.0,0,
9338,treatment,17,0,0.0,0,
9339,control,18,1,98.3,1,2.0
9339,control,19,1,98.7,0,2.0
9339,control,9,0,0.0,1,
9340,control,21,0,0.0,1,
9341,control,18,0,0.0,1,
9341,control,1,0,0.0,1,
9341,control,19,0,0.0,0,
9342,control,12,0,0.0,0,
9343,control,5,1,225.0,0,3.0
9344,treatment,16,1,211.4,0,1.0
9344,treatment,16,0,0.0,0,
9345,treatment,11,0,0.0,0,
9345,treatment,16,1,254.2,0,1.0
9346,treatment,14,0,0.0,0,
9347,control,8,1,148.3,0,3.0
9348,treatment,6,1,180.7,0,1.0
9348,treatment,9,0,0.0,0,
9349,treatment,19,0,0.0,0,
9350,treatment,13,1,236.4,0,2.0
9351,treatment,1,1,110.3,0,1.0
9352,treatment,13,0,0.0,1,
9352,treatment,14,1,188.9,0,5.0
9353,control,4,0,0.0,1,
9354,control,19,0,0.0,0,
9355,treatment,19,1,114.5,0,1.0
9355,treatment,16,0,0.0,0,
9355,treatment,20,0,0.0,0,
9356,control,8,0,0.0,1,
9357,control,18,1,195.9,0,1.0
9357,control,5,0,0.0,0,
9357,control,19,1,103.7,0,1.0
9358,treatment,12,0,0.0,0,
9359,treatment,3,0,0.0,1,
9360,control,9,1,95.7,0,1.0
9360,control,4,1,204.8,0,1.0
9360,control,6,0,0.0,1,
9361,treatment,19,0,0.0,0,
9361,treatment,14,1,159.1,0,1.0
9361,treatment,1,1,117.2,1,1.0
9362,control,10,0,0.0,0,
9362,control,20,0,0.0,1,
9362,control,10,0,0.0,1,
9363,control,8,1,116.2,0,1.0
9364,treatment,1,0,0.0,0,
9364,treatment,14,0,0.0,1,
9365,control,7,0,0.0,0,
9365,control,18,0,0.0,1,
9365,control,6,1,238.4,1,2.0
9366,control,8,0,0.0,1,
9366,control,19,0,0.0,0,
9367,control,6,1,81.4,0,2.0
9367,control,8,1,156.8,1,2.0
9367,control,15,0,0.0,0,
9368,treatment,9,0,0.0,0,
9368,treatment,3,1,183.3,0,1.0
9368,treatment,19,1,266.6,0,3.0
9369,treatment,7,1,169.8,1,2.0
9369,treatment,1,1,192.3,0,1.0
9369,treatment,18,1,184.2,1,1.0
9370,treatment,20,0,0.0,0,
9370,treatment,1,1,171.5,0,2.0
9371,treatment,9,0,0.0,0,
9371,treatment,18,0,0.0,1,
9371,treatment,1,0,0.0,0,
9372,control,17,1,54.1,0,1.0
9372,control,20,0,0.0,0,
9373,treatment,19,1,60.6,1,3.0
9373,treatment,14,1,212.5,0,1.0
9373,treatment,3,0,0.0,1,
9374,treatment,21,1,136.4,1,5.0
9375,treatment,18,1,221.5,0,4.0
9376,treatment,3,0,0.0,1,
9377,control,20,0,0.0,1,
9377,control,5,1,204.5,1,1.0
9377,control,13,0,0.0,1,
9378,control,2,1,46.9,0,2.0
9378,control,19,1,185.0,1,2.0
9379,control,11,1,135.3,0,3.0
9379,control,13,1,125.7,0,1.0
9380,treatment,13,1,222.6,0,1.0
9381,treatment,15,1,194.2,0,1.0
9381,treatment,16,0,0.0,0,
9381,treatment,5,0,0.0,0,
9382,control,20,0,0.0,0,
9383,treatment,18,1,256.6,1,2.0
9383,treatment,15,0,0.0,1,
9384,treatment,10,1,192.4,0,4.0
9385,control,8,1,129.7,0,2.0
9385,control,1,0,0.0,0,
9385,control,10,0,0.0,0,
9386,control,12,0,0.0,0,
9387,treatment,12,0,0.0,0,
9387,treatment,19,0,0.0,0,
9387,treatment,16,1,173.9,0,1.0
9388,treatment,3,1,165.7,1,1.0
9389,treatment,6,0,0.0,0,
9390,control,9,1,152.2,0,3.0
9390,control,14,1,276.9,1,3.0
9391,control,21,0,0.0,1,
9392,control,15,0,0.0,1,
9392,control,11,0,0.0,0,
9393,control,7,1,196.0,0,1.0
9393,control,16,0,0.0,0,
9394,treatment,12,0,0.0,1,
9395,control,10,1,131.3,0,1.0
9396,control,8,0,0.0,1,
9396,control,12,0,0.0,1,
9396,control,13,1,87.5,1,2.0
9397,treatment,1,0,0.0,0,
9397,treatment,1,1,209.1,1,1.0
9398,treatment,10,1,177.0,0,1.0
9399,treatment,21,0,0.0,0,
9399,treatment,20,1,159.7,1,1.0
9399,treatment,9,1,220.2,0,1.0
9400,control,11,0,0.0,0,
9400,control,9,0,0.0,0,
9400,control,4,1,229.0,1,1.0
9401,treatment,18,1,199.3,0,1.0
9401,treatment,12,0,0.0,1,
9401,treatment,16,1,304.6,0,2.0
9402,treatment,18,1,189.3,0,3.0
9403,control,2,1,241.4,0,3.0
9403,control,3,1,148.5,0,2.0
9403,control,10,0,0.0,0,
9404,control,19,1,191.4,1,5.0
9405,treatment,9,0,0.0,0,
9406,control,2,1,132.0,0,3.0
9406,control,16,1,130.6,0,1.0
9406,control,20,1,127.6,1,5.0
9407,treatment,21,0,0.0,0,
9407,treatment,8,1,84.9,0,1.0
9408,treatment,3,1,180.6,1,2.0
9408,treatment,1,1,195.9,1,1.0
9409,control,11,1,158.8,0,1.0
9409,control,10,1,283.5,1,3.0
9410,treatment,8,0,0.0,1,
9410,treatment,14,0,0.0,0,
9411,control,3,0,0.0,1,
9411,control,19,1,123.6,0,1.0
9411,control,12,0,0.0,0,
9412,control,2,1,111.3,0,1.0
9412,control,16,0,0.0,0,
9413,control,3,0,0.0,1,
9413,control,19,0,0.0,0,
9414,treatment,20,1,122.1,0,1.0
9414,treatment,12,1,216.3,0,2.0
9414,treatment,14,1,144.7,0,1.0
9415,control,5,1,153.3,0,1.0
9415,control,7,0,0.0,0,
9416,control,13,1,113.6,0,1.0
9416,control,16,1,261.3,1,1.0
9416,control,5,1,201.1,1,3.0
9417,treatment,14,1,198.1,1,4.0
9417,treatment,5,0,0.0,0,
9417,treatment,19,0,0.0,0,
9418,treatment,13,0,0.0,0,
9418,treatment,14,0,0.0,0,
9418,treatment,18,1,227.7,0,5.0
9419,treatment,19,1,109.0,0,2.0
9419,treatment,17,1,251.8,1,1.0
9419,treatment,2,1,247.9,0,1.0
9420,treatment,19,1,125.9,0,1.0
9420,treatment,1,1,107.2,0,4.0
9420,treatment,4,1,184.5,1,1.0
9421,control,19,1,153.4,0,1.0
9421,control,4,0,0.0,0,
9422,control,3,1,120.7,0,1.0
9422,control,16,1,163.5,1,3.0
9422,control,11,1,242.9,1,2.0
9423,control,3,0,0.0,0,
9424,treatment,13,1,194.9,0,1.0
9424,treatment,11,1,111.2,1,4.0
9425,treatment,5,1,186.3,0,1.0
9425,treatment,1,1,179.1,0,1.0
9426,control,21,1,212.2,0,4.0
9427,treatment,19,1,124.6,0,4.0
9427,treatment,4,0,0.0,0,
9428,treatment,1,1,190.5,0,2.0
9428,treatment,3,1,202.9,1,4.0
9429,control,15,0,0.0,1,
9430,control,2,0,0.0,0,
9431,treatment,19,1,158.2,0,2.0
9432,treatment,18,0,0.0,0,
9433,treatment,3,0,0.0,0,
9433,treatment,5,1,153.9,1,1.0
9433,treatment,4,0,0.0,1,
9434,control,19,1,57.2,0,2.0
9434,control,11,0,0.0,0,
9434,control,4,1,183.5,0,3.0
9435,control,6,0,0.0,1,
9435,control,8,0,0.0,0,
9436,control,15,1,114.2,1,3.0
9436,control,5,1,145.9,0,2.0
9437,control,8,0,0.0,1,
9437,control,3,0,0.0,1,
9438,control,21,1,253.8,1,2.0
9438,control,18,1,67.3,0,2.0
9438,control,12,0,0.0,1,
9439,treatment,8,1,183.0,0,1.0
9439,treatment,21,1,204.2,0,4.0
9439,treatment,9,1,228.3,0,2.0
9440,treatment,19,1,186.4,0,3.0
9440,treatment,9,1,124.7,0,2.0
9441,treatment,13,0,0.0,1,
9442,control,3,1,120.9,0,2.0
9442,control,3,0,0.0,0,
9443,control,5,1,216.0,0,4.0
9443,control,5,0,0.0,1,
9443,control,8,1,128.6,0,1.0
9444,control,7,1,103.0,1,1.0
9444,control,2,1,231.1,0,2.0
9445,treatment,16,0,0.0,0,
9445,treatment,19,1,177.4,0,4.0
9446,control,11,1,57.4,1,1.0
9447,control,18,1,141.7,0,1.0
9447,control,20,1,66.8,1,1.0
9448,treatment,8,0,0.0,0,
9448,treatment,5,1,183.3,0,4.0
9449,control,18,1,199.2,0,2.0
9449,control,17,1,172.6,0,1.0
9450,treatment,15,1,202.4,1,2.0
9451,control,8,0,0.0,0,
9451,control,11,0,0.0,0,
9452,control,21,0,0.0,0,
9453,treatment,12,1,193.1,1,3.0
9454,treatment,2,0,0.0,0,
9454,treatment,10,1,89.3,1,1.0
9455,treatment,4,1,214.6,0,3.0
9455,treatment,11,0,0.0,0,
9456,treatment,21,1,255.1,0,3.0
9457,treatment,17,1,173.8,1,1.0
9457,treatment,8,1,101.4,0,1.0
9457,treatment,5,0,0.0,0,
9458,treatment,10,1,97.4,0,1.0
9458,treatment,7,0,0.0,1,
9458,treatment,8,1,259.3,0,2.0
9459,control,12,1,200.1,1,3.0
9459,control,11,0,0.0,0,
9460,control,19,1,147.4,0,3.0
9460,control,2,0,0.0,0,
9461,treatment,2,0,0.0,1,
9462,control,11,1,129.7,0,4.0
9463,treatment,15,0,0.0,0,
9463,treatment,21,1,158.1,0,1.0
9464,control,9,0,0.0,0,
9464,control,15,1,124.0,1,1.0
9464,control,4,1,210.4,1,1.0
9465,treatment,4,1,187.0,0,1.0
9465,treatment,19,0,0.0,0,
9466,control,11,0,0.0,1,
9467,control,7,0,0.0,0,
9468,control,6,0,0.0,0,
9469,control,5,1,157.8,1,3.0
9469,control,3,1,121.3,1,1.0
9469,control,2,0,0.0,0,
9470,control,16,0,0.0,0,
9470,control,19,0,0.0,1,
9470,control,6,0,0.0,0,
9471,treatment,13,1,239.3,0,1.0
9472,treatment,10,1,259.9,0,3.0
9472,treatment,15,1,105.6,1,1.0
9472,treatment,18,0,0.0,1,
9473,treatment,7,0,0.0,0,
9473,treatment,17,1,219.1,0,1.0
9474,control,1,1,39.0,0,3.0
9475,treatment,7,1,112.6,0,1.0
9475,treatment,6,1,180.0,1,4.0
9475,treatment,15,1,223.0,0,4.0
9476,control,5,1,76.6,0,1.0
9477,control,18,1,110.3,1,2.0
9477,control,3,0,0.0,0,
9478,control,6,1,129.0,0,4.0
9479,treatment,19,1,208.3,0,5.0
9479,treatment,17,1,142.7,1,4.0
9479,treatment,9,1,60.8,0,1.0
9480,control,21,1,101.7,0,4.0
9480,control,1,1,331.1,1,5.0
9481,treatment,15,1,248.3,0,1.0
9481,treatment,17,1,237.8,1,1.0
9482,treatment,11,1,152.2,0,1.0
9482,treatment,11,0,0.0,0,
9483,control,11,1,190.1,0,4.0
9483,control,8,1,186.4,1,1.0
9483,control,16,1,203.3,0,1.0
9484,control,3,1,192.1,1,1.0
9485,treatment,14,1,173.7,0,1.0
9485,treatment,5,1,241.2,0,2.0
9486,treatment,3,0,0.0,1,
9486,treatment,16,0,0.0,0,
9486,treatment,19,1,125.5,0,4.0
9487,treatment,17,0,0.0,0,
9487,treatment,1,1,147.9,0,1.0
9487,treatment,20,1,172.8,0,4.0
9488,treatment,14,0,0.0,0,
9488,treatment,20,0,0.0,0,
9488,treatment,13,0,0.0,0,
9489,treatment,7,1,184.4,0,1.0
9489,treatment,7,0,0.0,0,
9490,treatment,1,0,0.0,0,
9490,treatment,7,1,163.3,0,4.0
9491,control,14,0,0.0,1,
9491,control,10,1,211.6,0,2.0
9492,treatment,18,0,0.0,0,
9493,treatment,19,1,200.2,0,1.0
9493,treatment,5,0,0.0,0,
9493,treatment,15,0,0.0,0,
9494,treatment,2,0,0.0,0,
9494,treatment,9,1,209.6,1,4.0
9495,treatment,20,0,0.0,0,
9495,treatment,9,1,97.4,1,1.0
9495,treatment,2,1,130.3,0,5.0
9496,control,17,0,0.0,0,
9496,control,10,0,0.0,1,
9497,control,7,0,0.0,0,
9497,control,8,0,0.0,0,
9498,treatment,6,1,221.6,1,1.0
9498,treatment,18,1,44.6,0,1.0
9498,treatment,16,0,0.0,0,
9499,treatment,14,0,0.0,0,
9499,treatment,19,0,0.0,0,
9499,treatment,19,0,0.0,0,
9500,treatment,16,0,0.0,0,
9500,treatment,8,0,0.0,1,
9501,control,14,0,0.0,0,
9501,control,15,0,0.0,0,
9501,control,3,0,0.0,0,
9502,control,9,0,0.0,0,
9503,control,17,0,0.0,0,
9503,control,6,1,117.9,0,1.0
9504,control,21,0,0.0,0,
9504,control,18,0,0.0,0,
9505,control,17,0,0.0,0,
9505,control,13,0,0.0,0,
9506,control,11,0,0.0,0,
9506,control,21,1,124.1,1,1.0
9507,treatment,6,1,229.0,0,2.0
9507,treatment,8,0,0.0,1,
9507,treatment,19,0,0.0,1,
9508,control,2,1,149.8,0,1.0
9509,control,13,0,0.0,1,
9510,treatment,5,0,0.0,0,
9510,treatment,7,0,0.0,0,
9510,treatment,19,1,152.0,0,3.0
9511,control,9,0,0.0,0,
9511,control,20,0,0.0,0,
9512,treatment,9,1,267.9,1,3.0
9512,treatment,11,0,0.0,0,
9513,control,12,1,102.3,0,2.0
9513,control,16,0,0.0,1,
9514,treatment,14,1,200.3,0,1.0
9514,treatment,7,1,196.7,1,1.0
9515,treatment,21,1,235.5,1,2.0
9516,treatment,12,0,0.0,1,
9516,treatment,19,0,0.0,0,
9516,treatment,15,1,183.8,1,1.0
9517,treatment,6,1,210.2,0,1.0
9517,treatment,19,0,0.0,0,
9518,treatment,21,0,0.0,0,
9518,treatment,4,0,0.0,0,
9518,treatment,21,0,0.0,1,
9519,control,11,0,0.0,0,
9519,control,9,0,0.0,0,
9519,control,7,0,0.0,0,
9520,control,13,1,174.4,0,4.0
9521,treatment,6,0,0.0,0,
9521,treatment,11,1,158.7,1,1.0
9522,treatment,17,1,238.4,0,3.0
9522,treatment,9,1,142.2,0,1.0
9522,treatment,7,0,0.0,0,
9523,treatment,12,1,153.2,0,1.0
9524,control,16,0,0.0,1,
9524,control,21,1,233.4,0,5.0
9524,control,7,1,204.9,1,1.0
9525,treatment,6,0,0.0,0,
9525,treatment,5,1,278.4,0,1.0
9525,treatment,4,0,0.0,0,
9526,treatment,7,0,0.0,0,
9526,treatment,11,0,0.0,1,
9526,treatment,10,1,224.8,0,2.0
9527,treatment,10,1,203.0,1,1.0
9527,treatment,10,0,0.0,0,
9528,treatment,2,0,0.0,1,
9528,treatment,8,1,200.2,0,1.0
9528,treatment,4,0,0.0,0,
9529,control,1,0,0.0,0,
9529,control,21,0,0.0,0,
9530,treatment,13,0,0.0,0,
9531,treatment,12,1,246.4,0,1.0
9532,control,13,1,103.3,0,3.0
9532,control,3,1,159.2,0,1.0
9532,control,13,1,131.8,0,2.0
9533,treatment,15,0,0.0,0,
9533,treatment,12,1,168.6,0,3.0
9534,treatment,20,1,125.9,0,4.0
9534,treatment,5,0,0.0,0,
9535,control,6,0,0.0,0,
9535,control,6,0,0.0,0,
9536,control,20,0,0.0,0,
9537,control,14,0,0.0,0,
9538,treatment,6,0,0.0,1,
9538,treatment,2,1,275.0,0,1.0
9538,treatment,8,1,173.5,0,1.0
9539,treatment,4,1,240.5,1,3.0
9539,treatment,13,1,139.4,1,2.0
9539,treatment,5,1,189.2,0,4.0
9540,control,10,1,28.0,0,2.0
9540,control,10,0,0.0,1,
9541,control,1,0,0.0,0,
9541,control,14,1,184.8,0,2.0
9541,control,6,1,221.5,0,3.0
9542,control,21,0,0.0,0,
9543,treatment,8,1,170.7,0,1.0
9543,treatment,18,1,241.1,0,3.0
9544,treatment,20,1,201.2,0,1.0
9545,control,1,0,0.0,0,
9545,control,16,1,109.7,0,5.0
9545,control,8,1,126.9,1,1.0
9546,treatment,16,1,52.4,1,1.0
9546,treatment,8,0,0.0,0,
9547,control,19,0,0.0,1,
9548,treatment,7,0,0.0,1,
9548,treatment,6,0,0.0,1,
9549,treatment,4,0,0.0,0,
9549,treatment,20,1,234.6,0,2.0
9549,treatment,13,1,214.1,0,1.0
9550,treatment,8,0,0.0,0,
9550,treatment,19,0,0.0,0,
9551,treatment,4,1,89.1,0,3.0
9551,treatment,7,1,173.1,1,3.0
9552,control,5,0,0.0,0,
9553,treatment,20,1,205.3,0,1.0
9554,treatment,7,1,128.8,0,2.0
9554,treatment,20,1,361.5,0,3.0
9555,control,14,0,0.0,0,
9555,control,10,1,179.1,0,2.0
9555,control,21,1,130.8,1,1.0
9556,treatment,10,0,0.0,1,
9556,treatment,3,1,39.8,0,4.0
9557,control,13,0,0.0,0,
9558,control,6,1,143.6,1,1.0
9558,control,17,1,124.3,1,1.0
9559,treatment,19,1,161.1,0,1.0
9560,treatment,16,1,241.9,0,1.0
9560,treatment,2,0,0.0,0,
9560,treatment,21,1,239.1,0,3.0
9561,control,13,0,0.0,0,
9561,control,21,1,114.2,0,1.0
9562,control,3,1,201.7,1,2.0
9563,control,19,1,106.2,1,1.0
9563,control,10,1,153.1,0,1.0
9563,control,20,0,0.0,0,
9564,treatment,1,1,236.6,1,1.0
9564,treatment,7,1,232.0,1,1.0
9564,treatment,7,0,0.0,1,
9565,control,10,1,201.3,0,2.0
9565,control,6,0,0.0,0,
9565,control,12,1,77.7,0,3.0
9566,control,6,1,154.3,0,3.0
9566,control,15,1,102.8,0,1.0
9567,control,10,0,0.0,0,
9568,treatment,9,0,0.0,0,
9568,treatment,13,0,0.0,0,
9569,control,3,1,102.2,0,5.0
9569,control,9,1,36.1,0,1.0
9569,control,16,0,0.0,0,
9570,treatment,1,1,172.6,0,3.0
9571,treatment,4,1,182.4,0,1.0
9571,treatment,3,1,210.6,0,1.0
9572,control,15,1,232.9,1,1.0
9572,control,3,1,148.0,0,1.0
9572,control,12,0,0.0,1,
9573,treatment,14,1,177.1,1,1.0
9573,treatment,15,1,129.1,0,1.0
9573,treatment,13,1,237.7,0,4.0
9574,control,21,0,0.0,1,
9574,control,14,1,244.3,1,1.0
9574,control,10,0,0.0,1,
9575,treatment,18,1,163.5,0,5.0
9576,treatment,20,1,262.3,1,1.0
9576,treatment,16,1,135.3,0,4.0
9577,control,6,1,163.2,1,1.0
9577,control,21,1,84.0,1,2.0
9578,control,20,1,211.2,0,2.0
9579,control,14,0,0.0,0,
9580,treatment,2,0,0.0,0,
9581,treatment,6,1,123.2,0,1.0
9581,treatment,8,0,0.0,0,
9582,control,5,1,182.1,0,1.0
9582,control,21,1,174.8,0,5.0
9583,control,4,1,194.0,1,1.0
9583,control,10,1,119.8,0,5.0
9583,control,9,0,0.0,0,
9584,treatment,11,0,0.0,1,
9585,treatment,15,0,0.0,0,
9585,treatment,2,1,138.2,1,2.0
9585,treatment,21,0,0.0,0,
9586,treatment,6,1,133.5,1,2.0
9587,control,15,1,164.8,1,1.0
9587,control,14,0,0.0,0,
9588,treatment,20,0,0.0,0,
9588,treatment,5,1,106.8,0,4.0
9589,control,8,0,0.0,0,
9589,control,7,0,0.0,1,
9590,treatment,9,1,235.5,0,1.0
9590,treatment,13,1,250.2,1,1.0
9590,treatment,4,0,0.0,1,
9591,treatment,5,1,254.6,0,3.0
9591,treatment,17,0,0.0,0,
9591,treatment,16,0,0.0,0,
9592,control,13,0,0.0,1,
9592,control,2,0,0.0,1,
9593,control,9,0,0.0,1,
9593,control,16,0,0.0,0,
9594,control,21,1,301.4,0,1.0
9594,control,21,0,0.0,0,
9595,treatment,5,0,0.0,0,
9595,treatment,16,1,133.4,1,2.0
9595,treatment,20,1,138.7,0,1.0
9596,treatment,12,0,0.0,0,
9597,treatment,8,1,181.4,1,5.0
9597,treatment,6,1,167.3,0,4.0
9597,treatment,4,1,164.1,0,1.0
9598,control,4,1,242.9,0,2.0
9598,control,4,1,176.0,0,1.0
9598,control,18,1,193.8,1,1.0
9599,treatment,17,1,136.0,1,1.0
9599,treatment,8,1,17.1,0,2.0
9599,treatment,16,0,0.0,1,
9600,control,1,0,0.0,1,
9600,control,3,0,0.0,0,
9600,control,20,0,0.0,0,
9601,control,1,1,135.0,0,5.0
9602,control,3,1,156.1,1,3.0
9602,control,21,0,0.0,1,
9603,treatment,18,1,311.0,0,2.0
9603,treatment,7,0,0.0,0,
9603,treatment,18,0,0.0,0,
9604,treatment,11,1,251.8,0,1.0
9605,control,6,1,222.2,1,2.0
9606,treatment,14,1,202.8,1,1.0
9606,treatment,17,1,105.1,0,1.0
9606,treatment,9,1,118.3,0,1.0
9607,control,9,0,0.0,0,
9608,control,20,1,129.0,0,4.0
9608,control,20,1,60.1,0,1.0
9609,treatment,11,1,298.9,0,2.0
9610,control,2,0,0.0,1,
9611,control,17,0,0.0,0,
9611,control,3,0,0.0,0,
9611,control,20,0,0.0,1,
9612,treatment,14,0,0.0,0,
9612,treatment,1,1,139.8,1,1.0
9612,treatment,18,1,146.4,0,1.0
9613,control,15,0,0.0,1,
9613,control,12,0,0.0,0,
9613,control,14,0,0.0,1,
9614,control,6,1,107.0,0,1.0
9614,control,16,1,149.7,0,2.0
9614,control,8,0,0.0,1,
9615,control,17,1,110.9,0,2.0
9615,control,14,0,0.0,0,
9616,control,15,0,0.0,1,
9616,control,10,1,181.2,0,1.0
9616,control,9,1,118.2,0,1.0
9617,control,14,0,0.0,0,
9617,control,19,0,0.0,0,
9617,control,8,0,0.0,1,
9618,control,17,0,0.0,0,
9619,control,12,1,160.5,0,4.0
9619,control,6,1,218.5,0,5.0
9620,treatment,9,1,164.4,1,2.0
9620,treatment,21,0,0.0,0,
9621,treatment,16,0,0.0,0,
9622,control,13,0,0.0,1,
9622,control,8,0,0.0,1,
9622,control,7,1,67.7,1,5.0
9623,control,12,0,0.0,0,
9623,control,8,0,0.0,0,
9624,treatment,10,0,0.0,1,
9624,treatment,21,1,120.5,1,3.0
9624,treatment,10,0,0.0,0,
9625,treatment,5,1,183.7,0,1.0
9625,treatment,5,1,133.0,0,2.0
9625,treatment,11,0,0.0,0,
9626,treatment,13,1,150.6,1,4.0
9626,treatment,21,0,0.0,0,
9626,treatment,8,0,0.0,0,
9627,treatment,14,0,0.0,0,
9627,treatment,16,0,0.0,1,
9628,treatment,13,1,240.0,0,2.0
9628,treatment,14,0,0.0,0,
9629,control,1,1,167.2,1,1.0
9629,control,12,0,0.0,0,
9629,control,16,1,142.1,0,2.0
9630,treatment,9,1,225.7,0,1.0
9630,treatment,18,0,0.0,0,
9630,treatment,8,0,0.0,0,
9631,treatment,11,1,224.6,0,3.0
9632,treatment,14,1,89.9,0,2.0
9633,control,15,1,136.9,1,2.0
9633,control,21,1,225.6,0,4.0
9633,control,13,0,0.0,0,
9634,control,8,0,0.0,0,
9634,control,9,1,80.2,0,3.0
9634,control,4,1,68.2,0,1.0
9635,control,11,0,0.0,0,
9635,control,5,1,113.3,0,1.0
9635,control,11,0,0.0,0,
9636,control,7,1,143.8,1,1.0
9636,control,10,0,0.0,0,
9636,control,11,1,106.1,0,2.0
9637,control,18,0,0.0,1,
9637,control,14,1,44.8,0,5.0
9638,control,6,1,174.1,0,2.0
9638,control,1,1,133.4,0,4.0
9638,control,20,0,0.0,0,
9639,treatment,1,0,0.0,0,
9639,treatment,6,1,114.4,0,1.0
9639,treatment,20,1,159.9,1,3.0
9640,control,14,0,0.0,0,
9640,control,8,1,216.4,0,2.0
9641,control,7,1,109.0,0,3.0
9641,control,7,1,201.6,0,1.0
9641,control,3,0,0.0,0,
9642,treatment,14,1,153.0,0,2.0
9643,control,16,1,115.3,1,1.0
9643,control,13,0,0.0,1,
9644,treatment,1,0,0.0,0,
9644,treatment,20,0,0.0,0,
9644,treatment,15,1,276.2,0,2.0
9645,treatment,1,0,0.0,0,
9645,treatment,16,1,168.9,1,2.0
9646,control,1,1,53.5,1,3.0
9646,control,3,0,0.0,1,
9646,control,2,0,0.0,0,
9647,treatment,1,1,181.7,0,1.0
9647,treatment,10,1,212.0,1,1.0
9648,treatment,7,0,0.0,0,
9649,treatment,11,0,0.0,0,
9649,treatment,9,0,0.0,0,
9650,treatment,15,1,203.3,1,1.0
9651,control,12,1,158.2,1,2.0
9652,treatment,1,1,112.5,0,2.0
9652,treatment,9,1,296.6,0,1.0
9652,treatment,1,1,180.8,1,1.0
9653,control,10,0,0.0,1,
9653,control,12,1,131.3,0,1.0
9654,treatment,13,1,211.1,0,5.0
9654,treatment,17,1,80.7,0,2.0
9654,treatment,18,0,0.0,0,
9655,treatment,18,1,158.7,1,1.0
9655,treatment,7,1,204.3,0,4.0
9655,treatment,6,1,57.0,1,2.0
9656,treatment,3,1,136.7,0,1.0
9656,treatment,20,1,317.6,0,2.0
9657,control,20,0,0.0,1,
9657,control,5,1,185.0,0,1.0
9657,control,15,0,0.0,0,
9658,control,10,1,227.5,1,2.0
9658,control,8,1,312.2,0,1.0
9658,control,6,1,203.9,0,4.0
9659,control,10,1,113.1,1,1.0
9659,control,4,1,96.3,1,4.0
9660,treatment,16,0,0.0,1,
9661,treatment,10,0,0.0,1,
9661,treatment,19,1,169.4,1,1.0
9661,treatment,3,0,0.0,0,
9662,treatment,19,1,173.3,0,1.0
9663,treatment,12,1,139.0,0,5.0
9664,control,9,0,0.0,1,
9664,control,9,0,0.0,0,
9664,control,15,0,0.0,1,
9665,treatment,4,0,0.0,0,
9665,treatment,16,0,0.0,0,
9666,control,19,0,0.0,0,
9666,control,15,1,152.1,0,1.0
9667,treatment,3,0,0.0,0,
9667,treatment,15,1,124.1,0,1.0
9667,treatment,13,1,197.3,0,3.0
9668,control,1,1,122.2,0,2.0
9669,control,16,1,212.7,0,1.0
9670,treatment,6,1,180.4,0,1.0
9670,treatment,21,0,0.0,0,
9670,treatment,16,1,182.8,0,1.0
9671,treatment,15,1,81.8,0,5.0
9671,treatment,17,0,0.0,1,
9671,treatment,16,0,0.0,0,
9672,control,10,1,5.0,0,1.0
9672,control,8,0,0.0,0,
9672,control,13,0,0.0,1,
9673,treatment,19,0,0.0,0,
9674,treatment,19,0,0.0,0,
9674,treatment,2,1,251.4,1,1.0
9675,control,4,0,0.0,0,
9675,control,15,1,228.1,0,1.0
9675,control,18,0,0.0,1,
9676,control,21,0,0.0,1,
9677,control,2,0,0.0,1,
9677,control,19,0,0.0,0,
9678,control,12,1,143.9,0,1.0
9679,treatment,2,1,211.4,0,1.0
9679,treatment,5,0,0.0,0,
9679,treatment,16,1,280.8,0,1.0
9680,control,19,1,126.0,0,2.0
9681,control,5,1,219.2,0,3.0
9681,control,8,1,23.9,0,1.0
9681,control,1,0,0.0,0,
9682,control,21,0,0.0,0,
9682,control,8,0,0.0,0,
9683,treatment,2,1,133.5,0,1.0
9683,treatment,9,0,0.0,0,
9684,control,3,1,156.2,0,1.0
9684,control,18,0,0.0,1,
9685,treatment,9,0,0.0,0,
9685,treatment,3,1,172.9,1,1.0
9685,treatment,13,0,0.0,0,
9686,control,3,0,0.0,0,
9686,control,19,0,0.0,1,
9687,control,4,0,0.0,0,
9688,treatment,20,1,214.4,1,1.0
9689,control,7,0,0.0,0,
9689,control,12,0,0.0,1,
9690,control,7,0,0.0,1,
9690,control,7,0,0.0,1,
9690,control,11,0,0.0,0,
9691,treatment,14,0,0.0,0,
9691,treatment,9,0,0.0,0,
9692,control,2,1,35.4,0,4.0
9693,control,14,1,237.4,0,3.0
9693,control,2,0,0.0,1,
9693,control,17,1,81.4,1,2.0
9694,control,8,0,0.0,0,
9694,control,3,1,129.3,0,2.0
9694,control,14,1,148.5,1,3.0
9695,control,12,1,216.0,1,3.0
9696,treatment,8,1,206.0,0,1.0
9696,treatment,7,1,258.7,0,1.0
9696,treatment,17,0,0.0,1,
9697,control,11,0,0.0,1,
9697,control,9,0,0.0,0,
9698,treatment,15,0,0.0,1,
9698,treatment,4,1,211.3,0,1.0
9699,control,11,1,241.2,1,1.0
9700,treatment,9,1,120.6,0,5.0
9700,treatment,6,0,0.0,0,
9700,treatment,20,0,0.0,0,
9701,control,11,0,0.0,0,
9701,control,14,1,9.0,0,2.0
9701,control,14,0,0.0,0,
9702,treatment,10,1,239.0,0,1.0
9702,treatment,19,0,0.0,0,
9702,treatment,21,1,123.4,1,1.0
9703,control,21,1,220.4,0,3.0
9703,control,8,0,0.0,1,
9704,treatment,20,1,209.6,0,2.0
9705,treatment,8,1,160.3,0,1.0
9706,control,8,0,0.0,1,
9706,control,18,1,154.6,0,1.0
9707,treatment,13,0,0.0,0,
9707,treatment,17,1,241.0,0,2.0
9708,control,11,0,0.0,0,
9708,control,18,1,65.1,0,4.0
9708,control,18,0,0.0,0,
9709,control,4,1,132.1,0,1.0
9710,control,17,1,214.9,0,1.0
9711,control,19,0,0.0,0,
9712,control,17,1,129.4,0,5.0
9712,control,15,0,0.0,0,
9713,treatment,12,0,0.0,0,
9713,treatment,11,1,164.7,0,4.0
9714,control,5,0,0.0,0,
9714,control,12,0,0.0,0,
9715,control,19,1,96.6,1,3.0
9715,control,6,1,145.4,0,1.0
9716,control,2,1,149.4,0,4.0
9717,control,9,0,0.0,0,
9717,control,4,1,107.2,0,1.0
9718,control,12,1,150.8,0,1.0
9719,control,20,1,131.0,0,1.0
9720,treatment,13,0,0.0,1,
9720,treatment,6,1,116.8,1,1.0
9721,treatment,16,1,221.8,0,1.0
9721,treatment,4,1,258.2,0,3.0
9722,control,16,0,0.0,1,
9722,control,20,1,67.3,1,3.0
9722,control,6,0,0.0,1,
9723,treatment,12,1,209.0,0,4.0
9723,treatment,21,0,0.0,0,
9724,control,1,1,71.6,0,5.0
9724,control,12,1,152.9,1,2.0
9725,control,19,0,0.0,0,
9725,control,10,1,147.6,1,1.0
9725,control,19,1,135.5,0,1.0
9726,control,4,1,104.5,1,1.0
9727,control,3,0,0.0,1,
9728,control,13,0,0.0,1,
9728,control,5,1,187.8,1,2.0
9728,control,14,0,0.0,1,
9729,treatment,5,0,0.0,0,
9729,treatment,20,0,0.0,1,
9730,treatment,14,1,107.4,0,4.0
9730,treatment,6,0,0.0,0,
9731,treatment,9,1,160.6,0,1.0
9731,treatment,13,1,236.6,0,5.0
9732,treatment,10,0,0.0,0,
9732,treatment,1,0,0.0,0,
9733,control,14,0,0.0,1,
9733,control,11,0,0.0,1,
9733,control,11,0,0.0,0,
9734,treatment,8,1,144.1,0,1.0
9735,control,4,1,106.5,1,5.0
9736,treatment,7,0,0.0,1,
9736,treatment,18,1,126.5,0,2.0
9736,treatment,4,1,172.7,0,5.0
9737,treatment,7,1,165.0,1,3.0
9738,treatment,19,1,260.3,0,1.0
9738,treatment,14,1,90.1,0,1.0
9739,treatment,3,0,0.0,0,
9739,treatment,13,1,165.0,0,5.0
9740,control,11,0,0.0,0,
9740,control,18,0,0.0,0,
9740,control,4,1,92.4,1,1.0
9741,treatment,11,0,0.0,0,
9742,treatment,9,1,82.3,0,1.0
9743,control,5,1,141.6,1,1.0
9743,control,15,1,198.4,1,4.0
9743,control,6,0,0.0,0,
9744,control,21,1,126.0,0,2.0
9744,control,5,1,175.5,0,2.0
9744,control,11,0,0.0,1,
9745,treatment,20,1,156.6,1,2.0
9745,treatment,12,1,67.4,1,1.0
9745,treatment,5,1,150.9,0,2.0
9746,control,16,1,282.5,0,3.0
9746,control,5,0,0.0,0,
9746,control,12,0,0.0,0,
9747,control,6,0,0.0,0,
9747,control,11,0,0.0,1,
9747,control,11,1,160.4,0,3.0
9748,control,16,0,0.0,0,
9748,control,11,0,0.0,0,
9748,control,21,0,0.0,0,
9749,treatment,11,1,103.6,0,1.0
9749,treatment,3,0,0.0,0,
9750,control,18,0,0.0,1,
9750,control,9,0,0.0,1,
9750,control,14,1,153.6,0,3.0
9751,treatment,18,0,0.0,0,
9751,treatment,17,1,177.4,0,1.0
9751,treatment,21,0,0.0,0,
9752,treatment,15,1,119.6,0,1.0
9752,treatment,11,1,159.1,0,1.0
9752,treatment,14,0,0.0,0,
9753,treatment,3,0,0.0,0,
9753,treatment,12,1,159.8,0,5.0
9754,treatment,10,0,0.0,1,
9754,treatment,16,1,160.5,0,1.0
9754,treatment,8,0,0.0,0,
9755,control,20,0,0.0,0,
9756,treatment,2,0,0.0,1,
9756,treatment,8,1,141.0,0,1.0
9756,treatment,16,1,324.7,1,1.0
9757,control,1,1,198.0,0,1.0
9758,treatment,11,1,211.1,0,3.0
9758,treatment,10,0,0.0,0,
9759,control,16,0,0.0,1,
9760,treatment,1,1,135.4,0,1.0
9760,treatment,20,1,128.5,0,3.0
9761,control,20,1,151.0,0,1.0
9761,control,19,1,127.8,1,1.0
9761,control,19,1,139.3,1,1.0
9762,treatment,5,1,183.7,0,3.0
9763,treatment,8,1,156.4,0,4.0
9763,treatment,14,1,211.6,0,1.0
9763,treatment,1,0,0.0,0,
9764,control,2,0,0.0,0,
9764,control,7,1,102.3,1,2.0
9765,treatment,17,0,0.0,0,
9765,treatment,9,1,182.7,0,5.0
9765,treatment,14,0,0.0,0,
9766,treatment,21,1,187.7,0,1.0
9767,treatment,19,1,267.5,0,3.0
9767,treatment,10,0,0.0,0,
9768,control,4,1,203.3,0,2.0
9769,treatment,5,0,0.0,0,
9770,treatment,14,1,90.6,0,1.0
9770,treatment,6,1,178.2,1,3.0
9771,control,20,0,0.0,1,
9772,control,8,0,0.0,0,
9772,control,13,0,0.0,0,
9772,control,2,0,0.0,0,
9773,control,17,0,0.0,0,
9773,control,17,0,0.0,0,
9773,control,6,1,177.1,0,1.0
9774,control,16,1,156.3,1,3.0
9775,control,9,1,136.0,0,2.0
9775,control,18,0,0.0,0,
9776,treatment,17,1,104.6,0,1.0
9777,treatment,8,0,0.0,0,
9778,treatment,18,0,0.0,0,
9778,treatment,5,1,165.5,0,1.0
9779,control,11,1,169.5,0,2.0
9779,control,10,0,0.0,1,
9780,treatment,7,1,266.7,1,2.0
9781,control,18,0,0.0,0,
9781,control,18,1,210.1,1,1.0
9781,control,4,1,129.5,0,3.0
9782,control,2,0,0.0,1,
9782,control,21,0,0.0,1,
9782,control,5,1,95.6,0,2.0
9783,treatment,10,1,202.2,0,1.0
9783,treatment,8,1,169.0,0,1.0
9783,treatment,6,0,0.0,0,
9784,control,15,0,0.0,1,
9784,control,16,0,0.0,0,
9785,control,12,0,0.0,1,
9785,control,4,1,117.4,0,2.0
9785,control,7,0,0.0,1,
9786,treatment,5,1,188.6,1,1.0
9786,treatment,3,0,0.0,0,
9786,treatment,13,0,0.0,0,
9787,control,2,0,0.0,1,
9788,control,13,0,0.0,1,
9788,control,12,0,0.0,0,
9788,control,19,1,163.0,0,1.0
9789,treatment,7,1,152.9,0,1.0
9789,treatment,11,1,215.7,0,2.0
9790,control,2,1,150.9,1,2.0
9791,control,6,0,0.0,0,
9791,control,10,1,164.8,0,1.0
9792,treatment,1,1,252.3,0,1.0
9793,treatment,14,0,0.0,0,
9793,treatment,19,0,0.0,1,
9793,treatment,10,0,0.0,0,
9794,treatment,11,1,142.5,0,3.0
9794,treatment,19,0,0.0,0,
9794,treatment,13,0,0.0,0,
9795,treatment,17,1,78.7,0,2.0
9795,treatment,11,1,224.5,0,1.0
9795,treatment,18,1,214.5,0,1.0
9796,control,19,0,0.0,0,
9797,control,7,1,5.0,1,2.0
9797,control,9,0,0.0,0,
9798,treatment,2,0,0.0,0,
9798,treatment,20,1,179.5,1,1.0
9798,treatment,5,1,265.5,1,2.0
9799,control,16,0,0.0,0,
9800,control,10,1,96.1,1,2.0
9800,control,1,1,160.4,1,1.0
9801,treatment,10,1,184.6,0,1.0
9802,treatment,14,0,0.0,0,
9803,control,15,1,179.6,0,4.0
9803,control,2,1,182.4,0,2.0
9804,treatment,9,0,0.0,0,
9805,treatment,5,0,0.0,1,
9806,treatment,9,1,90.4,1,1.0
9807,control,4,1,69.6,0,5.0
9807,control,14,0,0.0,1,
9807,control,16,1,145.8,1,1.0
9808,treatment,5,1,95.0,0,1.0
9809,control,2,0,0.0,1,
9810,control,16,0,0.0,1,
9811,control,8,1,148.8,1,5.0
9812,treatment,5,1,231.6,0,1.0
9812,treatment,17,1,123.6,1,1.0
9813,treatment,12,1,143.5,0,4.0
9813,treatment,5,0,0.0,0,
9814,treatment,6,1,52.3,0,1.0
9814,treatment,19,0,0.0,0,
9814,treatment,8,1,108.5,0,3.0
9815,treatment,11,0,0.0,0,
9815,treatment,21,0,0.0,0,
9816,treatment,20,1,261.0,0,2.0
9817,control,19,1,116.5,1,2.0
9818,control,12,0,0.0,0,
9818,control,8,0,0.0,1,
9818,control,2,0,0.0,0,
9819,control,15,0,0.0,0,
9819,control,17,1,224.6,0,4.0
9819,control,14,1,98.5,1,1.0
9820,treatment,5,0,0.0,1,
9820,treatment,12,1,54.7,0,5.0
9821,control,15,0,0.0,1,
9821,control,12,1,210.7,0,4.0
9822,control,20,0,0.0,0,
9822,control,4,1,130.8,0,1.0
9822,control,8,0,0.0,0,
9823,treatment,6,0,0.0,0,
9823,treatment,17,1,82.7,0,1.0
9823,treatment,2,0,0.0,0,
9824,treatment,16,0,0.0,0,
9825,control,4,0,0.0,1,
9826,control,11,1,83.1,0,1.0
9827,treatment,5,0,0.0,1,
9827,treatment,3,1,111.6,0,3.0
9827,treatment,21,0,0.0,0,
9828,treatment,5,0,0.0,0,
9828,treatment,1,1,230.1,0,1.0
9829,treatment,20,1,116.8,0,4.0
9830,treatment,13,0,0.0,0,
9830,treatment,21,1,57.4,1,4.0
9831,control,15,0,0.0,0,
9831,control,1,0,0.0,0,
9832,control,6,0,0.0,0,
9832,control,4,1,141.1,1,1.0
9832,control,10,0,0.0,0,
9833,treatment,5,1,135.7,0,1.0
9833,treatment,20,1,84.5,0,2.0
9834,control,12,1,67.7,0,5.0
9834,control,17,0,0.0,0,
9835,control,17,1,74.7,0,3.0
9836,treatment,21,1,231.0,1,1.0
9836,treatment,2,0,0.0,0,
9836,treatment,11,1,160.9,0,1.0
9837,control,5,0,0.0,0,
9837,control,12,1,192.0,1,2.0
9838,control,19,0,0.0,1,
9838,control,16,1,156.1,0,1.0
9839,control,20,1,213.7,0,2.0
9839,control,4,1,101.8,0,1.0
9839,control,12,1,82.7,0,2.0
9840,treatment,14,1,105.4,0,2.0
9841,treatment,12,0,0.0,1,
9842,control,5,0,0.0,0,
9842,control,21,1,132.1,1,4.0
9842,control,4,0,0.0,0,
9843,treatment,9,1,269.3,0,3.0
9843,treatment,20,1,240.7,0,2.0
9843,treatment,13,1,124.5,0,2.0
9844,treatment,20,1,157.0,0,2.0
9845,treatment,6,1,5.0,0,1.0
9845,treatment,20,0,0.0,0,
9845,treatment,16,1,213.2,0,4.0
9846,control,14,0,0.0,0,
9847,control,7,1,104.7,0,3.0
9847,control,19,0,0.0,1,
9847,control,5,1,88.8,1,1.0
9848,treatment,4,1,165.2,0,1.0
9849,control,8,0,0.0,0,
9849,control,4,0,0.0,0,
9849,control,5,0,0.0,0,
9850,control,15,0,0.0,1,
9850,control,11,1,153.9,0,2.0
9850,control,8,1,108.1,0,4.0
9851,control,2,0,0.0,0,
9851,control,17,0,0.0,0,
9852,control,19,0,0.0,1,
9852,control,3,0,0.0,1,
9853,control,13,0,0.0,1,
9854,treatment,19,0,0.0,1,
9854,treatment,17,1,177.2,0,1.0
9855,control,1,0,0.0,0,
9855,control,7,1,182.1,1,2.0
9855,control,1,0,0.0,1,
9856,control,9,1,197.3,0,1.0
9856,control,11,1,167.2,0,2.0
9856,control,5,0,0.0,0,
9857,control,7,1,200.9,0,1.0
9857,control,9,0,0.0,0,
9857,control,19,0,0.0,1,
9858,treatment,9,0,0.0,1,
9858,treatment,14,1,133.6,1,1.0
9859,treatment,10,1,274.8,0,2.0
9860,treatment,11,1,78.2,0,3.0
9860,treatment,12,1,212.5,1,1.0
9861,control,1,0,0.0,0,
9862,treatment,13,1,165.9,0,1.0
9863,treatment,16,0,0.0,0,
9864,treatment,11,1,67.6,1,1.0
9864,treatment,2,1,106.3,0,1.0
9865,treatment,19,0,0.0,0,
9866,control,4,1,261.8,0,2.0
9866,control,1,0,0.0,1,
9867,treatment,9,1,99.5,0,2.0
9867,treatment,14,1,184.2,1,1.0
9867,treatment,2,0,0.0,0,
9868,treatment,8,1,78.3,0,1.0
9869,control,13,1,240.6,1,5.0
9870,control,2,1,189.2,0,3.0
9870,control,16,0,0.0,1,
9870,control,5,1,105.2,0,1.0
9871,treatment,12,1,43.8,0,5.0
9872,control,21,1,76.6,0,1.0
9873,treatment,18,1,96.6,0,1.0
9873,treatment,6,0,0.0,0,
9873,treatment,18,1,177.2,1,1.0
9874,control,3,1,197.3,0,1.0
9875,control,7,0,0.0,0,
9875,control,9,1,170.1,1,5.0
9876,treatment,18,1,164.5,0,2.0
9877,control,21,1,158.6,0,4.0
9878,treatment,12,1,121.4,1,1.0
9879,control,8,0,0.0,1,
9879,control,17,0,0.0,1,
9880,treatment,5,1,159.7,1,1.0
9880,treatment,2,0,0.0,1,
9881,control,20,0,0.0,0,
9882,control,10,1,199.4,0,3.0
9882,control,8,0,0.0,0,
9883,control,21,1,188.4,0,3.0
9884,control,7,0,0.0,1,
9884,control,4,0,0.0,0,
9885,control,13,1,186.2,1,1.0
9886,treatment,15,1,211.8,0,2.0
9886,treatment,11,1,178.9,0,2.0
9887,control,5,1,49.8,1,1.0
9888,treatment,3,1,164.4,0,2.0
9888,treatment,1,1,234.4,0,5.0
9889,treatment,11,0,0.0,0,
9889,treatment,12,0,0.0,0,
9890,treatment,20,0,0.0,0,
9890,treatment,11,1,236.6,0,3.0
9891,control,8,0,0.0,1,
9891,control,16,1,181.7,0,2.0
9891,control,13,1,37.3,0,2.0
9892,treatment,9,0,0.0,1,
9893,control,8,0,0.0,0,
9893,control,16,1,179.6,0,3.0
9894,treatment,3,0,0.0,1,
9895,treatment,17,1,118.8,0,1.0
9895,treatment,18,0,0.0,1,
9895,treatment,5,1,228.0,0,5.0
9896,treatment,12,0,0.0,1,
9896,treatment,17,1,140.1,0,4.0
9896,treatment,11,0,0.0,0,
9897,treatment,15,1,153.2,0,1.0
9898,treatment,12,0,0.0,0,
9898,treatment,19,1,178.9,0,4.0
9898,treatment,10,0,0.0,0,
9899,control,5,1,110.8,1,4.0
9899,control,3,0,0.0,1,
9899,control,6,1,211.8,1,2.0
9900,treatment,20,0,0.0,0,
9901,treatment,13,1,122.0,0,1.0
9901,treatment,12,0,0.0,0,
9902,control,7,1,100.1,0,3.0
9902,control,10,1,109.8,0,5.0
9902,control,19,0,0.0,1,
9903,control,12,1,184.4,1,1.0
9904,control,17,0,0.0,0,
9904,control,2,0,0.0,1,
9904,control,5,0,0.0,1,
9905,treatment,18,0,0.0,0,
9906,treatment,3,1,177.7,0,1.0
9906,treatment,10,1,192.1,0,1.0
9907,treatment,1,0,0.0,0,
9907,treatment,8,1,201.9,0,4.0
9908,treatment,1,0,0.0,0,
9908,treatment,2,0,0.0,0,
9908,treatment,14,1,254.1,1,1.0
9909,treatment,14,0,0.0,0,
9910,treatment,15,1,258.5,0,1.0
9910,treatment,20,1,162.6,0,1.0
9911,control,11,1,129.0,0,1.0
9912,control,19,1,106.4,0,4.0
9912,control,13,0,0.0,0,
9912,control,1,1,87.0,0,2.0
9913,treatment,19,0,0.0,1,
9914,treatment,21,1,197.4,0,2.0
9915,treatment,12,0,0.0,0,
9915,treatment,6,0,0.0,1,
9915,treatment,12,0,0.0,0,
9916,treatment,6,1,213.0,1,2.0
9917,treatment,11,0,0.0,1,
9918,control,10,1,269.7,0,3.0
9918,control,7,0,0.0,1,
9918,control,1,0,0.0,1,
9919,control,18,0,0.0,1,
9919,control,4,1,133.2,0,2.0
9919,control,20,1,185.7,0,4.0
9920,treatment,6,1,212.5,1,1.0
9920,treatment,11,1,305.7,0,1.0
9921,control,20,1,99.6,0,1.0
9922,treatment,15,1,195.9,1,1.0
9922,treatment,10,1,155.8,0,2.0
9922,treatment,8,1,104.8,1,1.0
9923,treatment,9,0,0.0,0,
9923,treatment,3,1,232.7,0,1.0
9924,treatment,18,1,190.6,0,2.0
9924,treatment,14,1,209.2,0,1.0
9925,control,21,0,0.0,0,
9926,control,2,1,162.6,1,1.0
9926,control,12,0,0.0,0,
9926,control,12,0,0.0,0,
9927,treatment,7,0,0.0,0,
9927,treatment,15,1,162.9,1,1.0
9927,treatment,13,0,0.0,0,
9928,control,2,0,0.0,1,
9928,control,1,1,202.4,1,4.0
9928,control,15,0,0.0,0,
9929,control,17,1,114.7,0,5.0
9929,control,15,1,110.2,0,1.0
9930,treatment,6,1,166.1,0,1.0
9930,treatment,6,1,171.6,0,2.0
9931,control,12,0,0.0,0,
9931,control,8,1,271.3,0,1.0
9932,control,6,1,141.1,1,1.0
9932,control,17,1,48.8,0,5.0
9933,treatment,3,0,0.0,0,
9933,treatment,14,0,0.0,1,
9934,treatment,12,1,278.0,0,1.0
9934,treatment,4,0,0.0,0,
9935,control,7,0,0.0,0,
9936,treatment,13,1,329.9,0,2.0
9936,treatment,17,1,225.1,0,1.0
9937,control,2,0,0.0,0,
9938,treatment,20,0,0.0,0,
9938,treatment,17,0,0.0,0,
9938,treatment,14,0,0.0,0,
9939,treatment,4,0,0.0,0,
9939,treatment,15,1,234.7,0,3.0
9939,treatment,5,1,205.7,0,2.0
9940,treatment,17,0,0.0,0,
9941,treatment,16,1,205.5,0,3.0
9942,control,3,0,0.0,1,
9943,treatment,6,1,162.0,0,1.0
9943,treatment,1,0,0.0,0,
9944,treatment,4,1,205.6,0,1.0
9944,treatment,15,1,242.2,0,1.0
9945,treatment,9,0,0.0,0,
9946,control,13,1,76.5,0,2.0
9946,control,19,0,0.0,0,
9947,control,12,0,0.0,0,
9947,control,12,1,195.1,1,2.0
9947,control,1,1,105.2,0,3.0
9948,treatment,17,1,290.3,0,4.0
9949,treatment,18,1,260.6,0,2.0
9949,treatment,15,0,0.0,0,
9949,treatment,15,0,0.0,0,
9950,treatment,2,1,214.4,0,1.0
9950,treatment,1,1,258.7,1,3.0
9950,treatment,16,0,0.0,1,
9951,treatment,5,0,0.0,0,
9951,treatment,19,0,0.0,0,
9951,treatment,18,0,0.0,1,
9952,treatment,3,1,240.9,1,2.0
9953,treatment,9,1,100.2,0,1.0
9953,treatment,15,0,0.0,0,
9954,control,10,0,0.0,1,
9955,treatment,15,1,249.5,0,2.0
9956,treatment,5,1,227.0,0,1.0
9957,treatment,8,1,165.2,0,2.0
9958,treatment,19,0,0.0,0,
9958,treatment,10,1,217.8,1,1.0
9958,treatment,20,1,276.0,0,3.0
9959,treatment,8,1,166.3,0,1.0
9960,treatment,20,0,0.0,0,
9960,treatment,8,1,123.6,1,1.0
9961,control,18,1,75.2,1,4.0
9961,control,19,1,215.1,1,1.0
9962,control,13,1,30.2,1,2.0
9962,control,9,1,99.2,0,1.0
9963,control,12,1,127.0,0,1.0
9963,control,19,1,112.9,0,1.0
9964,control,1,0,0.0,1,
9965,control,16,1,153.5,0,4.0
9966,control,18,1,72.4,1,2.0
9966,control,10,1,200.2,0,3.0
9967,treatment,19,0,0.0,0,
9967,treatment,5,1,182.7,1,2.0
9968,treatment,14,0,0.0,0,
9968,treatment,13,0,0.0,0,
9968,treatment,2,1,104.0,0,1.0
9969,treatment,17,1,315.5,0,1.0
9970,treatment,15,0,0.0,1,
9971,treatment,16,0,0.0,0,
9971,treatment,12,1,248.3,0,3.0
9971,treatment,8,0,0.0,0,
9972,treatment,1,1,223.7,0,1.0
9972,treatment,19,0,0.0,0,
9973,control,17,0,0.0,0,
9973,control,1,0,0.0,1,
9974,treatment,18,0,0.0,0,
9974,treatment,5,1,221.1,0,1.0
9974,treatment,20,1,148.0,0,5.0
9975,control,9,0,0.0,1,
9976,control,9,1,183.3,1,1.0
9976,control,11,1,131.3,0,3.0
9977,treatment,15,1,160.8,0,1.0
9977,treatment,5,0,0.0,0,
9978,treatment,13,0,0.0,1,
9978,treatment,18,1,148.1,0,2.0
9978,treatment,9,1,214.1,0,2.0
9979,treatment,18,1,258.7,0,1.0
9979,treatment,8,1,101.6,1,2.0
9980,treatment,5,1,163.1,1,1.0
9980,treatment,20,1,199.7,0,1.0
9981,treatment,12,0,0.0,0,
9981,treatment,9,0,0.0,0,
9982,treatment,10,0,0.0,0,
9982,treatment,4,0,0.0,0,
9983,treatment,7,0,0.0,0,
9983,treatment,9,0,0.0,0,
9984,control,21,0,0.0,0,
9984,control,1,1,137.1,0,2.0
9984,control,18,0,0.0,1,
9985,treatment,6,0,0.0,0,
9986,treatment,20,0,0.0,1,
9986,treatment,16,0,0.0,0,
9987,control,3,1,164.3,1,1.0
9987,control,3,1,215.8,0,2.0
9987,control,17,1,249.0,0,1.0
9988,treatment,4,1,156.1,0,1.0
9988,treatment,10,0,0.0,0,
9988,treatment,13,1,137.2,0,1.0
9989,treatment,6,0,0.0,0,
9990,control,1,0,0.0,0,
9991,treatment,19,1,193.7,1,1.0
9992,treatment,5,0,0.0,0,
9992,treatment,1,1,122.4,1,5.0
9992,treatment,7,1,214.3,0,2.0
9993,treatment,5,0,0.0,0,
9993,treatment,1,1,212.5,0,1.0
9993,treatment,1,0,0.0,0,
9994,treatment,9,0,0.0,0,
9994,treatment,11,1,186.1,0,1.0
9994,treatment,20,1,222.5,0,1.0
9995,treatment,11,0,0.0,1,
9995,treatment,4,1,168.0,0,1.0
9995,treatment,20,0,0.0,1,
9996,treatment,4,0,0.0,0,
9997,control,15,0,0.0,1,
9998,treatment,17,1,233.1,0,2.0
9998,treatment,4,1,192.7,1,2.0
9998,treatment,21,0,0.0,1,
9999,treatment,4,0,0.0,1,
9999,treatment,5,0,0.0,1,
9999,treatment,10,0,0.0,1,
10000,control,8,0,0.0,0,
10000,control,12,0,0.0,0,
10000,control,5,0,0.0,1,
